adult,id,original_language,original_title,overview,popularity,release_date,title,vote_average,vote_count,genres
False,1226863,en,The Super Mario Galaxy Movie,"Having thwarted Bowser's previous plot to marry Princess Peach, Mario and Luigi now face a fresh threat in Bowser Jr., who is determined to liberate his father from captivity and restore the family legacy. Alongside companions new and old, the brothers travel across the stars to stop the young heir's crusade.",828.4621,2026-04-01,The Super Mario Galaxy Movie,6.791,522,"['Family', 'Comedy', 'Adventure', 'Fantasy', 'Animation']"
False,1523145,ru,Твоё сердце будет разбито,"High school student Polina is saved from bullying at her new school and makes a deal with the main bully Bars: he must pretend to be her boyfriend and protect her, and she must do everything he says. During this game, the couple develops real feelings, but her family and classmates have reasons to separate the lovers.",434.1481,2026-03-26,Your Heart Will Be Broken,7.094,65,"['Romance', 'Drama']"
False,83533,en,Avatar: Fire and Ash,"In the wake of the devastating war against the RDA and the loss of their eldest son, Jake Sully and Neytiri face a new threat on Pandora: the Ash People, a violent and power-hungry Na'vi tribe led by the ruthless Varang. Jake's family must fight for their survival and the future of Pandora in a conflict that pushes them to their emotional and physical limits.",329.658,2025-12-17,Avatar: Fire and Ash,7.373,2650,"['Science Fiction', 'Adventure', 'Fantasy']"
False,687163,en,Project Hail Mary,"Science teacher Ryland Grace wakes up on a spaceship light years from home with no recollection of who he is or how he got there. As his memory returns, he begins to uncover his mission: solve the riddle of the mysterious substance causing the sun to die out. He must call on his scientific knowledge and unorthodox ideas to save everything on Earth from extinction… but an unexpected friendship means he may not have to do it alone.",262.4292,2026-03-15,Project Hail Mary,8.2,1563,"['Science Fiction', 'Adventure']"
False,980431,en,"Avatar: Aang, The Last Airbender","Avatar Aang, the world's last Airbender, learns of an ancient power that could save his culture from extinction. With the help of his friends, he embarks on a global quest to find it before it falls into the wrong hands and threatens to upend the peace they sacrificed everything to achieve.",316.0527,2026-10-09,"Avatar: Aang, The Last Airbender",0.0,0,"['Animation', 'Action', 'Adventure', 'Fantasy']"
False,1470130,en,The Mortuary Assistant,"Rebecca Owens, a recent mortuary science graduate takes a night shift job at River Fields Mortuary. Initially, the job seems straightforward — embalming bodies, completing paperwork, and keeping things tidy. But once Rebecca starts working the night shift, things take a dark turn.",263.8668,2026-02-13,The Mortuary Assistant,5.421,76,"['Horror', 'Mystery']"
False,1327819,en,Hoppers,"Scientists have discovered how to 'hop' human consciousness into lifelike robotic animals, allowing people to communicate with animals as animals. Animal lover Mabel seizes an opportunity to use the technology, uncovering mysteries within the animal world beyond anything she could have imagined.",226.1527,2026-03-04,Hoppers,7.589,483,"['Animation', 'Family', 'Science Fiction', 'Comedy', 'Adventure']"
False,1290417,en,Thrash,"When a Category 5 hurricane decimates a coastal town, the storm surge brings devastation, chaos, and something far more frightening onto shore: hungry sharks.",206.5751,2026-04-10,Thrash,6.016,344,"['Horror', 'Thriller']"
False,20222,es,Sexo con amor,"In Santiago, Chile, the schoolteacher Luisa proposes a debate about sex with the parents of her students with the intention of giving classes about sex education to the youngsters.",286.2109,2003-03-27,Sex with Love,6.519,241,"['Comedy', 'Romance']"
False,1084577,en,Balls Up,"Two marketing executives go ""balls out"" and pitch a bold full‑coverage condom sponsorship with the World Cup. After their drunken celebration in Brazil sparks a global scandal, they must outrun furious fans, criminals, and power-hungry officials to salvage their careers and make it home alive.",214.69,2026-04-15,Balls Up,5.5,79,"['Comedy', 'Action', 'Adventure']"
False,1290821,en,Shelter,"A man living in self-imposed exile on a remote island rescues a young girl from a violent storm, setting off a chain of events that forces him out of seclusion to protect her from enemies tied to his past.",217.5428,2026-01-28,Shelter,6.8,566,"['Action', 'Crime', 'Thriller']"
False,840464,en,Greenland 2: Migration,"Having found the safety of the Greenland bunker after the comet Clarke decimated the Earth, the Garrity family must now risk everything to embark on a perilous journey across the wasteland of Europe to find a new home.",217.9235,2026-01-07,Greenland 2: Migration,6.484,879,"['Adventure', 'Thriller', 'Science Fiction']"
False,1198994,en,Send Help,"Two colleagues become stranded on a deserted island, the only survivors of a plane crash. On the island, they must overcome past grievances and work together to survive, but ultimately, it's a battle of wills and wits to make it out alive.",177.9039,2026-01-22,Send Help,7.0,1029,"['Horror', 'Thriller', 'Comedy']"
False,502356,en,The Super Mario Bros. Movie,"While working underground to fix a water main, Brooklyn plumbers—and brothers—Mario and Luigi are transported down a mysterious pipe and wander into a magical new world. But when the brothers are separated, Mario embarks on an epic quest to find Luigi.",171.9317,2023-04-05,The Super Mario Bros. Movie,7.587,10497,"['Family', 'Comedy', 'Adventure', 'Fantasy', 'Animation']"
False,1171145,en,Crime 101,"When an elusive thief whose high-stakes heists unfold along the iconic 101 freeway in Los Angeles eyes the score of a lifetime, with hopes of this being his final job, his path collides with a disillusioned insurance broker who is facing her own crossroads. Determined to crack the case, a relentless detective closes in on the operation, raising the stakes even higher.",166.6444,2026-02-11,Crime 101,6.98,728,"['Crime', 'Thriller']"
False,1304313,en,Lee Cronin's The Mummy,"The young daughter of a journalist disappears into the desert without a trace—eight years later, the broken family is shocked when she is returned to them, as what should be a joyful reunion turns into a living nightmare.",168.596,2026-04-15,Lee Cronin's The Mummy,6.839,93,"['Horror', 'Mystery']"
False,1297842,en,GOAT,"A small goat with big dreams gets a once-in-a-lifetime shot to join the pros and play roarball, a high-intensity, co-ed, full-contact sport dominated by the fastest, fiercest animals in the world.",149.8169,2026-02-11,GOAT,7.908,411,"['Animation', 'Comedy', 'Family']"
False,1159559,en,Scream 7,"When a new Ghostface killer emerges in the quiet town where Sidney Prescott has built a new life, her darkest fears are realized as her daughter becomes the next target. Determined to protect her family, Sidney must face the horrors of her past to put an end to the bloodshed once and for all.",131.2172,2026-02-25,Scream 7,6.035,767,"['Horror', 'Mystery', 'Crime']"
False,1311031,ja,劇場版「鬼滅の刃」無限城編 第一章 猗窩座再来,"The Demon Slayer Corps are drawn into the Infinity Castle, where Tanjiro, Nezuko, and the Hashira face terrifying Upper Rank demons in a desperate fight as the final battle against Muzan Kibutsuji begins.",137.2521,2025-07-18,Demon Slayer: Kimetsu no Yaiba Infinity Castle,7.678,799,"['Animation', 'Action', 'Fantasy']"
False,1010755,en,The Strangers: Chapter 3,"Tethered by a frightening conclusion, Maya and the Strangers are locked on an unavoidable, unforgiving collision course — a showdown that proves they’re far from strangers now.",147.297,2026-02-05,The Strangers: Chapter 3,5.664,113,"['Horror', 'Thriller']"
False,1418657,en,The Yeti,"When an oil tycoon and a famous adventurer vanish into the harsh winter of remote northern Alaska, a hand-picked rescue team endeavors to bring them home. What they don’t know is that they are trespassing on The Yeti’s territory, and the elements are the least of their worries.",108.5458,2026-04-04,The Yeti,6.823,31,"['Horror', 'Thriller']"
False,1265609,en,War Machine,"On one last grueling mission during Army Ranger training, a combat engineer must lead his unit in a fight against a giant otherworldly killing machine.",102.4607,2026-02-12,War Machine,7.247,1467,"['Action', 'Science Fiction', 'Thriller']"
False,1084242,en,Zootopia 2,"After cracking the biggest case in Zootopia's history, rookie cops Judy Hopps and Nick Wilde find themselves on the twisting trail of a great mystery when Gary De'Snake arrives and turns the animal metropolis upside down. To crack the case, Judy and Nick must go undercover to unexpected new parts of town, where their growing partnership is tested like never before.",104.9257,2025-11-26,Zootopia 2,7.603,2573,"['Animation', 'Family', 'Mystery', 'Adventure', 'Comedy']"
False,1526650,zh,泥娃娃,"Hsu-Chuan, who works at a game company, accidentally brings home a broken clay doll from a haunted house while developing a new horror VR game. Unexpectedly, his pregnant wife, Mu-Hua, a cultural relic restorer, develops an obsession with the doll and relentlessly tries to repair it. As strange things begin to happen in the house, Mu-Hua's condition deteriorates, and Hsu-Chuan, at his wits' end, seeks help from a spiritual medium, Ah-Sheng. Meanwhile, the horrifying secret hidden behind the clay doll begins to surface.",97.2695,2025-10-09,Mudborn,6.729,24,"['Horror', 'Thriller']"
False,1049471,en,Outcome,"Reef Hawk, Hollywood's poster child since age six, is not okay. When he learns about an extortion plot tied to a mysterious video, Reef preemptively sets out on a redemption tour to make amends, confront his demons, and avoid getting canceled.",89.173,2026-04-06,Outcome,5.3,118,"['Comedy', 'Drama']"
False,1368166,en,The Housemaid,"Trying to escape her past, Millie Calloway accepts a job as a live-in housemaid for the wealthy Nina and Andrew Winchester. But what begins as a dream job quickly unravels into something far more dangerous—a sexy, seductive game of secrets, scandal, and power.",97.4376,2025-12-18,The Housemaid,7.214,1878,"['Mystery', 'Thriller']"
False,1159831,en,The Bride!,A lonely Frankenstein travels to 1930s Chicago to ask groundbreaking scientist Dr. Euphronious to create a companion for him. The two revive a murdered young woman and The Bride is born. But what ensues is beyond what either of them imagined.,91.0492,2026-03-04,The Bride!,6.248,335,"['Science Fiction', 'Horror', 'Fantasy']"
False,680493,en,Return to Silent Hill,"When James receives a mysterious letter from his lost love Mary, he is drawn to Silent Hill—a once-familiar town now consumed by darkness. As he searches for her, James faces monstrous creatures and unravels a terrifying truth that will push him to the edge of his sanity.",113.3976,2026-01-21,Return to Silent Hill,5.126,378,"['Mystery', 'Drama', 'Horror']"
False,755898,en,War of the Worlds,"Will Radford is a top analyst for Homeland Security who tracks potential threats through a mass surveillance program, until one day an attack by an unknown entity leads him to question whether the government is hiding something from him... and from the rest of the world.",84.7438,2025-07-29,War of the Worlds,4.138,957,"['Science Fiction', 'Thriller']"
False,1193501,en,Whistle,"A misfit group of unwitting high school students stumble upon a cursed object, an ancient Aztec Death Whistle. They discover that blowing the whistle and the terrifying sound it emits will summon their future deaths to hunt them down.",111.9862,2026-01-20,Whistle,6.0,242,"['Horror', 'Mystery']"
False,1613798,es,Venganza,"The brutal murder of the wife of “Toro,” a military hero in the special forces, turns him into a man with a single purpose: revenge. After a stroke of fate makes him a millionaire, Carlos transforms his fortune into an arsenal and, together with his closest soldiers, sets out to hunt down those responsible.",253.4732,2026-02-26,Vengeance,5.889,27,"['Action', 'Thriller']"
False,1266127,en,Ready or Not: Here I Come,"Moments after surviving an all-out attack from the Le Domas family, Grace discovers she’s reached the next level of the nightmarish game — and this time with her estranged sister Faith at her side. Grace has one chance to survive, keep her sister alive, and claim the High Seat of the Council that controls the world. Four rival families are hunting her for the throne, and whoever wins rules it all.",74.599,2026-03-19,Ready or Not: Here I Come,6.939,236,"['Horror', 'Comedy']"
False,1234731,en,Anaconda,"A group of friends facing mid-life crises head to the rainforest with the intention of remaking their favorite movie from their youth, only to find themselves in a fight for their lives against natural disasters, giant snakes and violent criminals.",85.9785,2025-12-24,Anaconda,5.873,1019,"['Adventure', 'Comedy', 'Horror']"
False,634649,en,Spider-Man: No Way Home,"Peter Parker is unmasked and no longer able to separate his normal life from the high-stakes of being a super-hero. When he asks for help from Doctor Strange the stakes become even more dangerous, forcing him to discover what it truly means to be Spider-Man.",79.3508,2021-12-15,Spider-Man: No Way Home,7.934,21801,"['Action', 'Adventure', 'Science Fiction']"
False,1268127,ko,휴민트,A South Korean agent hunts a drug ring in Russia and goes head-to-head with a North Korean operative — pulling both into peril and tangled secrets.,75.26,2026-02-11,Humint,7.224,98,"['Thriller', 'Action', 'Drama']"
False,1084187,en,Pretty Lethal,A troupe of ballerinas find themselves fighting for survival as they attempt to escape from a remote inn after their bus breaks down on the way to a dance competition.,90.6823,2026-03-13,Pretty Lethal,6.841,283,"['Music', 'Thriller', 'Action', 'Horror']"
False,350,en,The Devil Wears Prada,"A young woman from the Midwest gets more than she bargained for when she moves to New York to become a writer and ends up as the assistant to the tyrannical, larger-than-life editor-in-chief of a major fashion magazine.",105.3256,2006-06-29,The Devil Wears Prada,7.39,12949,"['Drama', 'Comedy']"
False,1115544,en,Mike & Nick & Nick & Alice,"Two gangsters and the woman they love try to survive the most dangerous night of their lives. As if that wasn’t enough, there’s one wild ingredient added to the mix: a time machine.",76.4344,2026-03-14,Mike & Nick & Nick & Alice,6.753,251,"['Comedy', 'Science Fiction', 'Crime']"
False,662707,en,Starbright,"A young woman becomes the guardian of a fallen star, which she must protect from dangerous forces with the help of a brave stranger.",81.6098,2026-02-27,Starbright,7.038,13,"['Adventure', 'Action']"
False,1511057,en,Roommates,"When shy college freshman Devon asks cool-girl Celeste to be her roommate, a blossoming friendship quickly spirals into a war of passive aggression.",78.4163,2026-04-13,Roommates,6.5,33,['Comedy']
False,1367642,en,Reminders of Him,"When Diem's custodial grandparents adamantly refuse Kenna's attempts to see her daughter, Kenna discovers unexpected compassion, and then something truer and deeper, with former NFL player and local bar owner Ledger. As their secret romance develops, so do the dangers for both of them, leading Kenna toward heartbreak and, ultimately, the hope for a second chance.",70.1343,2026-03-11,Reminders of Him,7.1,128,"['Romance', 'Drama']"
False,77338,fr,Intouchables,A true story of two men who should never have met – a quadriplegic aristocrat who was injured in a paragliding accident and a young man from the projects.,45.2653,2011-11-02,The Intouchables,8.3,18305,"['Drama', 'Comedy']"
False,157336,en,Interstellar,The adventures of a group of explorers who make use of a newly discovered wormhole to surpass the limitations on human space travel and conquer the vast distances involved in an interstellar voyage.,62.7208,2014-11-05,Interstellar,8.47,39418,"['Adventure', 'Drama', 'Science Fiction']"
False,418579,ko,어린 형수,"Three men and women start living together. Byeong-soo is chosen in a scenario contest and is picked to write a script for a movie, so he leaves the noisy city and moves in with his married senior from school. At the house is Ji-eun, the senior's wife and a young and sexy Bo-yeong.  The three living together leads to some risky situations!",62.1666,2016-09-27,Young Sister-In-Law,6.0,2,['Romance']
False,1610418,en,The House on Haunted Grounds,"They walked into a haunted house with a history of possession and murder. The victims never came out, but the footage did.",61.4714,2026-01-09,The House on Haunted Grounds,5.583,6,['Horror']
False,7451,en,xXx,"Xander Cage is your standard adrenaline junkie with no fear and a lousy attitude. When the US Government ""recruits"" him to go on a mission, he's not exactly thrilled. His mission: to gather information on an organization that may just be planning the destruction of the world, led by the nihilistic Yorgi.",63.3928,2002-08-09,xXx,5.985,4859,"['Action', 'Adventure', 'Thriller', 'Crime', 'Drama']"
False,1659087,en,180,"When an unexpected road rage incident puts his son in critical condition, an enraged father spirals down a dark path of emotional turmoil and vengeance.",70.7408,2026-04-16,180,5.156,16,"['Thriller', 'Crime', 'Drama']"
False,24428,en,The Avengers,"When an unexpected enemy emerges and threatens global safety and security, Nick Fury, director of the international peacekeeping agency known as S.H.I.E.L.D., finds himself in need of a team to pull the world back from the brink of disaster. Spanning the globe, a daring recruitment effort begins!",55.5394,2012-04-25,The Avengers,8.002,37290,"['Science Fiction', 'Action', 'Adventure']"
False,848116,hi,रॉकी और रानी की प्रेम कहानी,"Gym-freak brat Rocky falls in love with Rani, who comes from a well-educated Bengali family. Being from polar opposite worlds, the two decide to switch their families to adjust to each other's cultures and backgrounds and to know if their marriage will survive. Rocky and Rani are trapped in a world where they are united by love but divided by families and the ultimate question is will they fit in?",73.9233,2023-07-28,Rocky Aur Rani Kii Prem Kahaani,6.068,81,"['Comedy', 'Drama', 'Family', 'Romance']"
False,1272837,en,28 Years Later: The Bone Temple,Dr. Kelson finds himself in a shocking new relationship - with consequences that could change the world as they know it - and Spike's encounter with Jimmy Crystal becomes a nightmare he can't escape.,55.3213,2026-01-14,28 Years Later: The Bone Temple,7.154,1031,"['Horror', 'Thriller', 'Science Fiction']"
False,1168190,en,The Wrecking Crew,"Estranged half-brothers Jonny and James reunite after their father's mysterious death. As they search for the truth, buried secrets reveal a conspiracy threatening to tear their family apart.",58.7492,2026-01-28,The Wrecking Crew,6.882,899,"['Action', 'Comedy', 'Crime', 'Mystery']"
False,1472951,en,Infiltrate,"In a city overrun by crime, government Agent Lily Chen is forced to choose between her duty and her family when her husband is kidnapped, and she’s blackmailed into assassinating high-level criminals to save him. As she delves deeper into the criminal underworld, Lily’s relentless pursuit of justice unravels a web of corruption, leading to a final, life-altering decision that will change her world forever.",49.9537,2026-04-10,Infiltrate,5.3,8,"['Action', 'Thriller']"
False,1646787,tl,Sundutan,"A hole on the wall accidentally connects two women emotionally and physically. Forbidden love, greed, betrayal... what lies beyond the hole? And for how long can they keep covering it up?",51.3842,2026-03-06,Sundutan,4.0,1,['Drama']
False,1088434,en,Hellfire,A drifter with a mysterious past arrives in a small town and finds the residents in the grip of a ruthless crime boss and realizes he has to help them.,51.8558,2026-02-05,Hellfire,6.767,73,"['Action', 'Thriller']"
False,875828,en,Peaky Blinders: The Immortal Man,"After his estranged son gets embroiled in a Nazi plot, self-exiled gangster Tommy Shelby must return to Birmingham to save his family — and his nation.",52.1897,2026-03-05,Peaky Blinders: The Immortal Man,7.23,805,"['Crime', 'Drama']"
False,1236153,en,Mercy,"In the near future, a detective stands on trial accused of murdering his wife. He has ninety minutes to prove his innocence to the advanced AI Judge he once championed, before it determines his fate.",49.8581,2026-01-20,Mercy,6.969,1125,"['Science Fiction', 'Action', 'Thriller', 'Crime']"
False,936075,en,Michael,"Discover the story of Michael Jackson, one of the most influential artists the world has ever known, and his life beyond the music, tracing his journey from the discovery of his extraordinary talent as the lead of the Jackson Five, to the visionary artist whose creative ambition fueled a relentless pursuit to become the biggest entertainer in the world, highlighting both his life off-stage and some of the most iconic performances from his early solo career.",49.5294,2026-04-22,Michael,7.5,5,"['Music', 'Drama']"
False,299536,en,Avengers: Infinity War,"As the Avengers and their allies have continued to protect the world from threats too large for any one hero to handle, a new danger has emerged from the cosmic shadows: Thanos. A despot of intergalactic infamy, his goal is to collect all six Infinity Stones, artifacts of unimaginable power, and use them to inflict his twisted will on all of reality. Everything the Avengers have fought for has led up to this moment - the fate of Earth and existence itself has never been more uncertain.",51.5505,2018-04-25,Avengers: Infinity War,8.234,31754,"['Adventure', 'Action', 'Science Fiction']"
False,1242898,en,Predator: Badlands,"Cast out from his clan, a young Predator finds an unlikely ally in a damaged android and embarks on a treacherous journey in search of the ultimate adversary.",51.0543,2025-11-05,Predator: Badlands,7.695,2629,"['Action', 'Science Fiction', 'Adventure']"
False,1658216,tl,Stepdaddy,Emotions and intrigue run high in this titillating taboo family affair. Chloe and Nica are sisters who both find themselves in their own passionate love affairs with their stepdad Carl.,45.2641,2026-04-04,Stepdaddy,5.0,2,['Drama']
False,300496,el,Nefeli,"A beautiful woman is going to the island of Lesbos to rest, there she will meet two other beautiful young women and it will be great having sex with everyone.",45.5276,1980-01-01,Nefeli,2.5,6,['Romance']
False,238,en,The Godfather,"Spanning the years 1945 to 1955, a chronicle of the fictional Italian-American Corleone crime family. When organized crime family patriarch, Vito Corleone barely survives an attempt on his life, his youngest son, Michael steps in to take care of the would-be killers, launching a campaign of bloody revenge.",44.2986,1972-03-14,The Godfather,8.687,22771,"['Drama', 'Crime']"
False,1339876,hi,मर्दानी 3,"Officer Shivani Shivaji Roy returns to hunt down those behind the disappearance of young girls, risking everything to bring them back alive.",42.8558,2026-01-30,Mardaani 3,7.3,25,"['Action', 'Crime', 'Thriller']"
False,1572073,en,The Deadly Little Mermaid,"Some secrets are better left at the bottom of the ocean. Once she's in your house, there is no escape. When a struggling artist pulls a beautiful, unconscious woman from the freezing coastal waters, he thinks he’s performed a miracle. But as she recovers within the walls of his secluded home, a series of unsettling events leads him to a terrifying realization: her presence is no coincidence. She is inextricably linked to the same watery grave that claimed his family years ago.",45.2799,2026-03-06,The Deadly Little Mermaid,4.717,23,['Horror']
False,1010581,es,Culpa mía,"Noah must leave her city, boyfriend, and friends to move into William Leister's mansion, the flashy and wealthy husband of her mother Rafaela. As a proud and independent 17 year old, Noah resists living in a mansion surrounded by luxury. However, it is there where she meets Nick, her new stepbrother, and the clash of their strong personalities becomes evident from the very beginning.",41.8655,2023-06-08,My Fault,7.7,4031,"['Drama', 'Romance', 'Thriller']"
False,1539104,ja,劇場版 呪術廻戦「渋谷事変 特別編集版」×「死滅回游 先行上映」,"A veil abruptly descends over the busy Shibuya area amid the bustling Halloween crowds, trapping countless civilians inside. Satoru Gojo, the strongest jujutsu sorcerer, steps into the chaos. But lying in wait are curse users and spirits scheming to seal him away. Yuji Itadori, accompanied by his classmates and other top-tier jujutsu sorcerers, enters the fray in an unprecedented clash of curses — the Shibuya Incident. In the aftermath, ten colonies across Japan are transformed into dens of curses in a plan orchestrated by Noritoshi Kamo. As the deadly Culling Game starts, Special Grade sorcerer Yuta Okkotsu is assigned to carry out Yuji's execution for his perceived crimes. A compilation movie of Shibuya Incident including the first two episodes of the Culling Games arc.",44.609,2025-11-07,JUJUTSU KAISEN: Execution,5.935,93,"['Animation', 'Action', 'Fantasy']"
False,299534,en,Avengers: Endgame,"After the devastating events of Avengers: Infinity War, the universe is in ruins due to the efforts of the Mad Titan, Thanos. With the help of remaining allies, the Avengers must assemble once more in order to undo Thanos' actions and restore order to the universe once and for all, no matter what consequences may be in store.",43.6233,2019-04-24,Avengers: Endgame,8.234,27516,"['Adventure', 'Science Fiction', 'Action']"
False,278,en,The Shawshank Redemption,"Imprisoned in the 1940s for the double murder of his wife and her lover, upstanding banker Andy Dufresne begins a new life at the Shawshank prison, where he puts his accounting skills to work for an amoral warden. During his long stretch in prison, Dufresne comes to be admired by the other inmates -- including an older prisoner named Red -- for his integrity and unquenchable sense of hope.",45.2043,1994-09-23,The Shawshank Redemption,8.718,30136,"['Drama', 'Crime']"
False,1119449,en,"Good Luck, Have Fun, Don't Die",A 'Man from the Future' arrives at an LA diner where he must recruit the precise combination of disgruntled patrons to join him on a one-night quest to save the world from the terminal threat of a rogue artificial intelligence.,34.5372,2026-02-13,"Good Luck, Have Fun, Don't Die",6.929,352,"['Science Fiction', 'Action', 'Comedy']"
False,226674,fr,L'Adolescente,"In the summer of 1939, 13-year-old Marie goes with her parents to visit her grandparents in a small town near Avignon. Marie discovers her femininity and falls for a young Jewish doctor, but he prefers Eva, Marie's mother.",41.2252,1979-01-24,The Adolescent,4.3,12,['Drama']
False,1234821,en,Jurassic World Rebirth,"Five years after the events of Jurassic World Dominion, covert operations expert Zora Bennett is contracted to lead a skilled team on a top-secret mission to secure genetic material from the world's three most massive dinosaurs. When Zora's operation intersects with a civilian family whose boating expedition was capsized, they all find themselves stranded on an island where they come face-to-face with a sinister, shocking discovery that's been hidden from the world for decades.",44.8223,2025-07-01,Jurassic World Rebirth,6.274,3225,"['Science Fiction', 'Adventure', 'Action']"
False,1110034,no,Kraken,"Marine biologist Johanne is doing research on a fish farm in Vangsnes, a rural community located by the fjord, when she encounters several strange occurrences. Along with the brutal deaths of two local teenagers, all signs point to the deep fjord; can there be more to the depths than the eye can see? At the bottom of the deepest fjord rests a mythical monster as large as a mountain, with a myriad of arms ready to crush and devour anything they can grab.",45.84,2026-02-06,Kraken,6.0,11,"['Horror', 'Action', 'Thriller']"
False,425274,en,Now You See Me: Now You Don't,"The original Four Horsemen reunite with a new generation of illusionists to take on powerful diamond heiress Veronika Vanderberg, who leads a criminal empire built on money laundering and trafficking. The new and old magicians must overcome their differences to work together on their most ambitious heist yet.",45.1091,2025-11-12,Now You See Me: Now You Don't,6.509,1388,"['Crime', 'Thriller']"
False,1246049,fr,Dracula,"In late 15th-century Eastern Europe, Prince Vlad II’s bride is brutally murdered. As a result, he renounces God and damns Heaven itself. Cursed with eternal life, Vlad is reborn as Dracula, an immortal warlord who defies fate in a blood-soaked crusade to wrench his lost love back from death.",41.4724,2025-07-30,Dracula,7.081,1094,"['Horror', 'Fantasy', 'Romance']"
False,999136,en,Do Not Enter,"A group of young explorers investigates an old abandoned hotel, only to encounter a strange supernatural being and a competing group looking for a legendary hidden treasure.",39.185,2026-03-19,Do Not Enter,5.341,66,['Horror']
False,27205,en,Inception,"Cobb, a skilled thief who commits corporate espionage by infiltrating the subconscious of his targets is offered a chance to regain his old life as payment for a task considered to be impossible: ""inception"", the implantation of another person's idea into a target's subconscious.",36.9265,2010-07-15,Inception,8.372,39032,"['Action', 'Science Fiction', 'Adventure']"
False,1387382,en,Hunting Season,"When a reclusive survivalist and his daughter rescue a mysterious, wounded woman from a river, they become entangled in a deadly web of violence and revenge, forcing them to confront a brutal criminal to survive.",39.5266,2025-12-05,Hunting Season,6.943,185,"['Action', 'Drama', 'Thriller']"
False,329505,it,Il peccato di Lola,Young man has his dreams come true when the sexy new maid seduces him. But she also has a secret that leads to trouble.,51.0773,1984-05-04,Lola's Secret,7.0,69,"['Drama', 'Comedy', 'Horror']"
False,744275,en,After We Fell,"Just as Tessa's life begins to become unglued, nothing is what she thought it would be. Not her friends nor her family. The only person that she should be able to rely on is Hardin, who is furious when he discovers the massive secret that she's been keeping. Before Tessa makes the biggest decision of her life, everything changes because of revelations about her family.",37.1364,2021-09-01,After We Fell,7.0,2723,"['Drama', 'Romance']"
False,680,en,Pulp Fiction,"A burger-loving hit man, his philosophical partner, a drug-addled gangster's moll and a washed-up boxer converge in this sprawling, comedic crime caper. Their adventures unfurl in three stories that ingeniously trip back and forth in time.",35.9396,1994-09-10,Pulp Fiction,8.485,30014,"['Thriller', 'Crime', 'Comedy']"
False,19995,en,Avatar,"In the 22nd century, a paraplegic Marine is dispatched to the moon Pandora on a unique mission, but becomes torn between following orders and protecting an alien civilization.",36.8934,2009-12-16,Avatar,7.602,33796,"['Science Fiction', 'Action', 'Adventure']"
False,1241470,en,Osiris,"Special Forces commandos on a mission are abducted mid-operation by a mysterious spacecraft. Upon waking aboard, they find themselves prey to a relentless alien race in a fight for survival.",37.4078,2025-07-25,Osiris,5.989,223,"['Science Fiction', 'Action', 'Horror']"
False,181808,en,Star Wars: The Last Jedi,"Rey develops her newly discovered abilities with the guidance of Luke Skywalker, who is unsettled by the strength of her powers. Meanwhile, the Resistance prepares to do battle with the First Order.",40.4235,2017-12-13,Star Wars: The Last Jedi,6.755,16234,"['Adventure', 'Action', 'Science Fiction']"
False,467905,en,How to Make a Killing,"Disowned at birth by his obscenely wealthy family, blue-collar Becket Redfellow will stop at nothing to reclaim his inheritance, no matter how many relatives stand in his way.",30.1152,2026-02-19,How to Make a Killing,6.998,273,"['Comedy', 'Thriller']"
False,533535,en,Deadpool & Wolverine,"A listless Wade Wilson toils away in civilian life with his days as the morally flexible mercenary, Deadpool, behind him. But when his homeworld faces an existential threat, Wade must reluctantly suit-up again with an even more reluctant Wolverine.",36.6458,2024-07-24,Deadpool & Wolverine,7.558,8482,"['Action', 'Comedy', 'Science Fiction']"
False,28322,it,Vacanze per un massacro,"An escaped convicted murderer invades the cottage of a man, his wife and the wife's sister, whereupon he proceeds to torment this already dysfunctional trio with rape and violence.",35.3683,1980-03-20,Madness,4.929,28,"['Thriller', 'Action', 'Crime']"
False,597,en,Titanic,"101-year-old Rose DeWitt Bukater tells the story of her life aboard the Titanic, 84 years later. A young Rose boards the ship with her mother and fiancé. Meanwhile, Jack Dawson and Fabrizio De Rossi win third-class tickets aboard the ship. Rose tells the whole story from Titanic's departure through to its death—on its first and last voyage—on April 15, 1912.",36.982,1997-12-18,Titanic,7.902,27008,"['Drama', 'Romance']"
False,1233413,en,Sinners,"Trying to leave their troubled lives behind, twin brothers return to their hometown to start again, only to discover that an even greater evil is waiting to welcome them back.",34.5272,2025-04-16,Sinners,7.47,4345,"['Horror', 'Action', 'Thriller']"
False,567609,en,Ready or Not,A young bride's wedding night turns into her worst nightmare when her ridiculously rich in-laws force her to play a gruesome game of hide-and-seek.,34.0323,2019-08-21,Ready or Not,7.053,5286,"['Horror', 'Comedy']"
False,1582770,hi,धुरंधर: द रिवेंज,"As rival gangs, corrupt officials and a ruthless Major Iqbal close in, Hamza's mission for his country spirals into a bloody personal war where the line between patriot and monster disappears in the streets of Lyari.",42.3054,2026-03-18,Dhurandhar: The Revenge,7.8,58,"['Action', 'Crime', 'Thriller']"
False,1117857,en,In Your Dreams,Stevie and her little brother Elliot journey into the wildly absurd landscape of their own dreams to ask the Sandman to grant them the perfect family.,31.236,2025-11-07,In Your Dreams,7.0,204,"['Animation', 'Family', 'Comedy', 'Adventure', 'Fantasy']"
False,1266992,tl,Balinsasayaw,"A rich woman marries a charming womanizer who conspires with his wife’s best friend. When all the revelations are exposed, the tables suddenly turn.",36.2626,2024-05-17,Balinsasayaw,5.3,3,['Drama']
False,1011985,en,Kung Fu Panda 4,"Po is gearing up to become the spiritual leader of his Valley of Peace, but also needs someone to take his place as Dragon Warrior. As such, he will train a new kung fu practitioner for the spot and will encounter a villain called the Chameleon who conjures villains from the past.",32.8095,2024-03-02,Kung Fu Panda 4,7.0,3452,"['Animation', 'Family', 'Action', 'Comedy', 'Adventure', 'Fantasy']"
False,1061474,en,Superman,"Superman, a journalist in Metropolis, embarks on a journey to reconcile his Kryptonian heritage with his human upbringing as Clark Kent.",32.4874,2025-07-09,Superman,7.342,4620,"['Science Fiction', 'Adventure', 'Action']"
False,969681,en,Spider-Man: Brand New Day,"Four years have passed since the events of No Way Home, and Peter is now an adult living entirely alone, having voluntarily erased himself from the lives and memories of those he loves. Crime-fighting in a New York that no longer knows his name, he's devoted himself entirely to protecting his city — a full-time Spider-Man — but as the demands on him intensify, the pressure sparks a surprising physical evolution that threatens his existence, even as a strange new pattern of crimes gives rise to one of the most powerful threats he has ever faced.",34.8193,2026-07-29,Spider-Man: Brand New Day,0.0,0,"['Science Fiction', 'Action', 'Adventure']"
False,1235877,ta,ஜன நாயகன்,"A clash of ideologies. One stands for the people, the other feeds on control. Their paths collided once before. Years later, a child’s silent fear ignites the past, drawing a former police officer into a battle far bigger than personal revenge.",23.6443,,Jana Nayagan,0.0,0,"['Action', 'Drama', 'Science Fiction']"
False,1424965,en,Ice Skater,"A survival drama about an ice skater stranded on an ice floe at the Arctic Sea. When the ice floe starts to float towards south and melt, the ice skater must use all means necessary to survive.",37.3753,2026-02-24,Ice Skater,4.559,17,"['Drama', 'Thriller']"
False,324857,en,Spider-Man: Into the Spider-Verse,"Struggling to find his place in the world while juggling school and family, Brooklyn teenager Miles Morales is unexpectedly bitten by a radioactive spider and develops unfathomable powers just like the one and only Spider-Man. While wrestling with the implications of his new abilities, Miles discovers a super collider created by the madman Wilson ""Kingpin"" Fisk, causing others from across the Spider-Verse to be inadvertently transported to his dimension.",31.3709,2018-12-06,Spider-Man: Into the Spider-Verse,8.394,17074,"['Animation', 'Action', 'Adventure', 'Science Fiction']"
False,120,en,The Lord of the Rings: The Fellowship of the Ring,"Young hobbit Frodo Baggins, after inheriting a mysterious ring from his uncle Bilbo, must leave his home in order to keep it from falling into the hands of its evil creator. Along the way, a fellowship is formed to protect the ringbearer and make sure that the ring arrives at its final destination: Mt. Doom, the only place where it can be destroyed.",33.9804,2001-12-18,The Lord of the Rings: The Fellowship of the Ring,8.432,27344,"['Adventure', 'Fantasy', 'Action']"
False,315635,en,Spider-Man: Homecoming,"Following the events of Captain America: Civil War, Peter Parker, with the help of his mentor Tony Stark, tries to balance his life as an ordinary high school student in Queens, New York City, with fighting crime as his superhero alter ego Spider-Man as a new threat, the Vulture, emerges.",27.8691,2017-07-05,Spider-Man: Homecoming,7.331,23032,"['Action', 'Adventure', 'Science Fiction']"
False,496243,ko,기생충,"All unemployed, Ki-taek's family takes peculiar interest in the wealthy and glamorous Parks for their livelihood until they get entangled in an unexpected incident.",32.6457,2019-05-30,Parasite,8.494,20440,"['Comedy', 'Thriller', 'Drama']"
False,402431,en,Wicked,"In the land of Oz, ostracized and misunderstood green-skinned Elphaba is forced to share a room with the popular aristocrat Glinda at Shiz University, and the two's unlikely friendship is tested as they begin to fulfill their respective destinies as Glinda the Good and the Wicked Witch of the West.",30.9852,2024-10-16,Wicked,6.912,2970,"['Drama', 'Romance', 'Fantasy']"
False,677638,en,We Bare Bears: The Movie,"When Grizz, Panda, and Ice Bear's love of food trucks and viral videos get out of hand, the brothers are now chased away from their home and embark on a trip to Canada, where they can live in peace.",29.7519,2020-06-30,We Bare Bears: The Movie,7.8,844,"['Animation', 'Adventure', 'Family', 'Comedy', 'TV Movie']"
False,1192548,en,Hannah Waddingham: Home for Christmas,Ring in the holidays with Emmy-winning star Hannah Waddingham as she welcomes special guests for a musical extravaganza at the London Coliseum.,28.4564,2023-11-21,Hannah Waddingham: Home for Christmas,6.147,17,['Music']
False,14836,en,Coraline,"Wandering her rambling old house in her boring new town, 11-year-old Coraline discovers a hidden door to a strangely idealized version of her life. In order to stay in the fantasy, she must make a frighteningly real sacrifice.",33.7858,2009-02-05,Coraline,7.9,8870,"['Animation', 'Family', 'Fantasy']"
False,1381216,en,Lake Jesup: Bonecrusher's Revenge,"In 2003, Lake Jesup became the stage for a real-life horror story, as a monstrous alligator escaped from captivity and began a reign of terror. As the body count rose, a desperate hunt ensued to stop the creature.",30.9526,2024-05-01,Lake Jesup: Bonecrusher's Revenge,6.3,44,"['Horror', 'Comedy', 'Adventure']"
False,1054867,en,One Battle After Another,"Washed-up revolutionary Bob exists in a state of stoned paranoia, surviving off-grid with his spirited, self-reliant daughter, Willa. When his evil nemesis resurfaces after 16 years and she goes missing, the former radical scrambles to find her, father and daughter both battling the consequences of his past.",31.9419,2025-09-23,One Battle After Another,7.37,3504,"['Thriller', 'Crime', 'Comedy']"
False,1241982,en,Moana 2,"After receiving an unexpected call from her wayfinding ancestors, Moana journeys alongside Maui and a new crew to the far seas of Oceania and into dangerous, long-lost waters for an adventure unlike anything she's ever faced.",31.4828,2024-11-21,Moana 2,6.994,3024,"['Animation', 'Adventure', 'Family', 'Comedy', 'Fantasy']"
False,1167307,en,David,"From the songs of his mother’s heart to the whispers of a faithful God, David’s story begins in quiet devotion. When the giant Goliath rises to terrorize a nation, a young shepherd armed with only a sling, a few stones, and unshakable faith steps forward. Pursued by power and driven by purpose, his journey tests the limits of loyalty, love, and courage—culminating in a battle not just for a crown, but for the soul of a kingdom.",29.8297,2025-12-14,David,8.1,128,"['Animation', 'Family', 'Drama', 'Music']"
False,129,ja,千と千尋の神隠し,"A young girl, Chihiro, becomes trapped in a strange new world of spirits. When her parents undergo a mysterious transformation, she must call upon the courage she never knew she had to free her family.",30.4319,2001-07-20,Spirited Away,8.534,18175,"['Animation', 'Family', 'Fantasy']"
False,1241982,en,Moana 2,"After receiving an unexpected call from her wayfinding ancestors, Moana journeys alongside Maui and a new crew to the far seas of Oceania and into dangerous, long-lost waters for an adventure unlike anything she's ever faced.",31.4828,2024-11-21,Moana 2,6.994,3025,"['Animation', 'Adventure', 'Family', 'Comedy', 'Fantasy']"
False,129,ja,千と千尋の神隠し,"A young girl, Chihiro, becomes trapped in a strange new world of spirits. When her parents undergo a mysterious transformation, she must call upon the courage she never knew she had to free her family.",30.4319,2001-07-20,Spirited Away,8.534,18176,"['Animation', 'Family', 'Fantasy']"
False,13,en,Forrest Gump,"A man with a low IQ has accomplished great things in his life and been present during significant historic events—in each case, far exceeding what anyone imagined he could do. But despite all he has achieved, his one true love eludes him.",27.4619,1994-06-23,Forrest Gump,8.464,29549,"['Comedy', 'Drama', 'Romance']"
False,807,en,Se7en,"Two homicide detectives are on a desperate hunt for a serial killer whose crimes are based on the ""seven deadly sins"" in this dark and haunting film that takes viewers from the tortured remains of one victim to the next. The seasoned Det. Somerset researches each sin in an effort to get inside the killer's mind, while his novice partner, Mills, scoffs at his efforts to unravel the case.",28.3967,1995-09-22,Se7en,8.38,22913,"['Crime', 'Mystery', 'Thriller']"
False,497,en,The Green Mile,"A supernatural tale set on death row in a Southern prison, where gentle giant John Coffey possesses the mysterious power to heal people's ailments. When the cell block's head guard, Paul Edgecomb, recognizes Coffey's miraculous gift, he tries desperately to help stave off the condemned man's execution.",27.8367,1999-12-10,The Green Mile,8.504,19095,"['Fantasy', 'Drama', 'Crime']"
False,1022789,en,Inside Out 2,"Teenager Riley's mind headquarters is undergoing a sudden demolition to make room for something entirely unexpected: new Emotions! Joy, Sadness, Anger, Fear and Disgust, who’ve long been running a successful operation by all accounts, aren’t sure how to feel when Anxiety shows up. And it looks like she’s not alone.",27.5743,2024-06-11,Inside Out 2,7.5,6595,"['Animation', 'Adventure', 'Comedy', 'Family']"
False,1218925,ja,劇場版 チェンソーマン レゼ篇,"In a brutal war between devils, hunters, and secret enemies, a mysterious girl named Reze has stepped into Denji's world, and he faces his deadliest battle yet, fueled by love in a world where survival knows no rules.",29.6382,2025-09-19,Chainsaw Man - The Movie: Reze Arc,8.328,799,"['Animation', 'Action', 'Romance', 'Fantasy']"
False,1493859,en,Pizza Movie,"A group of college students go downstairs to their dorm lobby to get a delivery pizza. There's only one issue: They're insanely high on a homemade drug, turning their simple journey down two sets of stairs into a mind-bendingly transformative quest.",29.0224,2026-03-13,Pizza Movie,6.439,74,['Comedy']
False,912649,en,Venom: The Last Dance,"Eddie and Venom are on the run. Hunted by both of their worlds and with the net closing in, the duo are forced into a devastating decision that will bring the curtains down on Venom and Eddie's last dance.",29.5764,2024-10-22,Venom: The Last Dance,6.66,4119,"['Science Fiction', 'Action', 'Adventure']"
False,1156594,es,Culpa nuestra,"Jenna and Lion's wedding brings about the long-awaited reunion between Noah and Nick after their breakup. Nick's inability to forgive Noah stands as an insurmountable barrier. He, heir to his grandfather's businesses, and she, starting her professional life, resist fueling a flame that's still alive. But now that their paths have crossed again, will love be stronger than resentment?",28.4688,2025-10-15,Our Fault,7.365,639,"['Romance', 'Drama']"
False,1408208,ja,８番出口,"A man trapped in an endless sterile subway passageway sets out to find Exit 8. The rules of his quest are simple: do not overlook anything out of the ordinary. If you discover an anomaly, turn back immediately. If you don’t, carry on. Then leave from Exit 8. But even a single oversight will send him back to the beginning. Will he ever reach his goal and escape this infinite corridor?",33.5684,2025-08-28,Exit 8,6.583,288,"['Horror', 'Mystery']"
False,1062722,en,Frankenstein,"Dr. Victor Frankenstein, a brilliant but egotistical scientist, brings a creature to life in a monstrous experiment that ultimately leads to the undoing of both the creator and his tragic creation.",28.6261,2025-10-17,Frankenstein,7.648,3324,"['Drama', 'Fantasy', 'Horror']"
False,361743,en,Top Gun: Maverick,"After more than thirty years of service as one of the Navy’s top aviators, and dodging the advancement in rank that would ground him, Pete “Maverick” Mitchell finds himself training a detachment of TOP GUN graduates for a specialized mission the likes of which no living pilot has ever seen.",29.0298,2022-05-21,Top Gun: Maverick,8.152,10774,"['Action', 'Drama']"
False,1276038,en,A Desert,"A photographer’s road trip takes a dark turn when he befriends a reckless couple, plunging him into a nightmarish neo-noir spiral of unpredictable horror.",25.824,2025-05-02,A Desert,6.1,24,"['Horror', 'Thriller']"
False,10138,en,Iron Man 2,"With the world now aware of his dual life as the armored superhero Iron Man, billionaire inventor Tony Stark faces pressure from the government, the press and the public to share his technology with the military. Unwilling to let go of his invention, Stark, with Pepper Potts and James 'Rhodey' Rhodes at his side, must forge new alliances – and confront powerful enemies.",28.4579,2010-04-28,Iron Man 2,6.851,22252,"['Adventure', 'Action', 'Science Fiction']"
False,155,en,The Dark Knight,"Batman raises the stakes in his war on crime. With the help of Lt. Jim Gordon and District Attorney Harvey Dent, Batman sets out to dismantle the remaining criminal organizations that plague the streets. The partnership proves to be effective, but they soon find themselves prey to a reign of chaos unleashed by a rising criminal mastermind known to the terrified citizens of Gotham as the Joker.",35.0138,2008-07-16,The Dark Knight,8.528,35515,"['Action', 'Crime', 'Thriller']"
False,798645,en,The Running Man,"Desperate to save his sick daughter, working-class Ben Richards is convinced by The Running Man's charming but ruthless producer to enter the deadly competition game as a last resort. But Ben's defiance, instincts, and grit turn him into an unexpected fan favorite — and a threat to the entire system. As ratings skyrocket, so does the danger, and Ben must outwit not just the Hunters, but a nation addicted to watching him fall.",28.8689,2025-11-11,The Running Man,6.761,1399,"['Action', 'Thriller', 'Science Fiction']"
False,1314481,en,The Devil Wears Prada 2,"Miranda Priestly navigates her career amid the decline of traditional magazine publishing. She faces off against Emily Charlton, her one-time assistant, now a high-powered executive for a luxury group, with advertising dollars that Priestly desperately needs.",26.3184,2026-04-29,The Devil Wears Prada 2,0.0,0,"['Drama', 'Comedy']"
False,950387,en,A Minecraft Movie,"Four misfits find themselves struggling with ordinary problems when they are suddenly pulled through a mysterious portal into the Overworld: a bizarre, cubic wonderland that thrives on imagination. To get back home, they'll have to master this world while embarking on a magical quest with an unexpected, expert crafter, Steve.",28.6917,2025-03-31,A Minecraft Movie,6.3,2916,"['Family', 'Fantasy', 'Comedy', 'Adventure']"
False,1297454,en,The Death That Awaits,A drifter searching for answers to a mystery from her past takes on a job looking after a sick teen who is undergoing a mysterious transformation her family will do anything to stop.,26.9352,2025-02-06,The Death That Awaits,6.029,17,"['Horror', 'Thriller']"
False,508947,en,Turning Red,"Thirteen-year-old Mei is experiencing the awkwardness of being a teenager with a twist – when she gets too excited, she transforms into a giant red panda.",26.1876,2022-03-10,Turning Red,7.3,5742,"['Animation', 'Family', 'Comedy', 'Fantasy']"
False,1184918,en,The Wild Robot,"After a shipwreck, an intelligent robot called Roz is stranded on an uninhabited island. To survive the harsh environment, Roz bonds with the island's animals and cares for an orphaned baby goose.",27.9833,2024-09-12,The Wild Robot,8.308,5919,"['Family', 'Animation', 'Science Fiction', 'Adventure']"
False,1015606,en,Obi-Wan Kenobi: A Jedi's Return,"This special explores the return of Obi-Wan Kenobi and Anakin Skywalker to the screen, as well as Ewan McGregor and Hayden Christensen to their classic roles. Director Deborah Chow leads the cast and crew as they create new heroes and villains that live alongside new incarnations of beloved Star Wars characters, and an epic story that dramatically bridges the saga films.",27.4601,2022-09-07,Obi-Wan Kenobi: A Jedi's Return,6.791,1010,['Documentary']
False,1726,en,Iron Man,"After being held captive in an Afghan cave, billionaire engineer Tony Stark creates a unique weaponized suit of armor to fight evil.",26.046,2008-04-30,Iron Man,7.657,27969,"['Action', 'Science Fiction', 'Adventure']"
False,240,en,The Godfather Part II,"In the continuing saga of the Corleone crime family, a young Vito Corleone grows up in Sicily and in 1910s New York. In the 1950s, Michael Corleone attempts to expand the family business into Las Vegas, Hollywood and Cuba.",27.7078,1974-12-20,The Godfather Part II,8.571,13799,"['Drama', 'Crime']"
False,617126,en,The Fantastic 4: First Steps,"Against the vibrant backdrop of a 1960s-inspired, retro-futuristic world, Marvel's First Family is forced to balance their roles as heroes with the strength of their family bond, while defending Earth from a ravenous space god called Galactus and his enigmatic Herald, Silver Surfer.",25.7853,2025-07-23,The Fantastic 4: First Steps,6.959,3206,"['Science Fiction', 'Adventure', 'Action']"
False,426889,fr,Le Clitoris,"Women are lucky, they get to have the only organ in the human body dedicated exclusively for pleasure: the clitoris! In this humorous and instructive animated documentary, find out its unrecognized anatomy and its unknown herstory.",25.0655,2017-08-24,Le Clitoris,6.756,43,"['Animation', 'Documentary']"
False,1228246,en,Five Nights at Freddy's 2,"One year since the supernatural nightmare at Freddy Fazbear's Pizza, the stories about what transpired there have been twisted into a campy local legend, inspiring the town's first ever Fazfest. With the truth kept from her, Abby sneaks out to reconnect with Freddy, Bonnie, Chica, and Foxy, setting into motion a terrifying series of events that will reveal dark secrets about the real origin of Freddy's, and unleash a decades-hidden horror.",28.4379,2025-12-03,Five Nights at Freddy's 2,6.656,885,"['Horror', 'Thriller']"
False,950891,mn,Худалдагч Охин,"Saruul, a science student, is asked by an injured classmate Namuunaa to work part-time as a substitute in an adult goods store for a month. Katya, the Russian owner, a former ballet dancer who lives an elegant life on her own, realizes that Saruul, who comes daily to deliver the proceeds, has been suppressing herself against her parents' expectations, and tries to release her secret desires and sexual curiosity. Saruul, who lives with her family with little change in her life except for the evenings when she paints her favorite pictures, is exposed to a new world through her interaction with Katya, who has a wealth of life experience, but one incident leads to a growing distrust...",18.4226,2023-11-15,The Sales Girl,0.0,0,['Drama']
False,76600,en,Avatar: The Way of Water,"Set more than a decade after the events of the first film, learn the story of the Sully family (Jake, Neytiri, and their kids), the trouble that follows them, the lengths they go to keep each other safe, the battles they fight to stay alive, and the tragedies they endure.",33.5046,2022-12-14,Avatar: The Way of Water,7.593,13973,"['Action', 'Adventure', 'Science Fiction']"
False,372058,ja,君の名は。,"High schoolers Mitsuha and Taki are complete strangers living separate lives. But one night, they suddenly switch places. Mitsuha wakes up in Taki’s body, and he in hers. This bizarre occurrence continues to happen randomly, and the two must adjust their lives around each other.",25.7183,2016-08-26,Your Name.,8.477,12431,"['Animation', 'Romance', 'Drama']"
False,991494,en,The SpongeBob Movie: Search for SquarePants,"Desperate to be a big guy, SpongeBob sets out to prove his bravery to Mr. Krabs by following The Flying Dutchman – a mysterious swashbuckling ghost pirate – on a seafaring adventure that takes him to the deepest depths of the deep sea, where no Sponge has gone before.",35.418,2025-12-16,The SpongeBob Movie: Search for SquarePants,6.779,267,"['Animation', 'Family', 'Comedy', 'Adventure', 'Fantasy']"
False,62029,it,Bingo Bongo,"The ape-man, found somewhere in the jungles of Congo, transferred to Milan and named Bingo Bongo. The only one who believes in the human qualities of him is Laura, a woman anthropologist , so their affection for each other even grows to love.",29.2806,1982-12-23,Bingo Bongo,5.7,172,['Comedy']
False,862,en,Toy Story,"Led by Woody, Andy's toys live happily in his room until Andy's birthday brings Buzz Lightyear onto the scene. Afraid of losing his place in Andy's heart, Woody plots against Buzz. But when circumstances separate Buzz and Woody from their owner, the duo eventually learns to put aside their differences.",24.7185,1995-11-22,Toy Story,8.0,19743,"['Family', 'Comedy', 'Animation', 'Adventure']"
False,335984,en,Blade Runner 2049,"Thirty years after the events of the first film, a new blade runner, LAPD Officer K, unearths a long-buried secret that has the potential to plunge what's left of society into chaos. K's discovery leads him on a quest to find Rick Deckard, a former LAPD blade runner who has been missing for 30 years.",25.3087,2017-10-04,Blade Runner 2049,7.591,14990,"['Science Fiction', 'Drama']"
False,550,en,Fight Club,"A ticking-time-bomb insomniac and a slippery soap salesman channel primal male aggression into a shocking new form of therapy. Their concept catches on, with underground ""fight clubs"" forming in every town, until an eccentric gets in the way and ignites an out-of-control spiral toward oblivion.",27.37,1999-10-15,Fight Club,8.438,31816,"['Drama', 'Thriller']"
False,808,en,Shrek,"It ain't easy bein' green -- especially if you're a likable (albeit smelly) ogre named Shrek. On a mission to retrieve a gorgeous princess from the clutches of a fire-breathing dragon, Shrek teams up with an unlikely compatriot -- a wisecracking donkey.",26.3255,2001-05-18,Shrek,7.759,18601,"['Animation', 'Comedy', 'Fantasy', 'Adventure', 'Family']"
False,1306368,en,The Rip,"Trust frays when a team of Miami cops discovers millions in cash inside a run-down stash house, calling everyone — and everything — into question.",29.0587,2026-01-13,The Rip,7.056,1512,"['Action', 'Thriller', 'Crime']"
False,1511417,te,Bāhubali: The Epic,"When a mysterious child is found by a tribal couple near a roaring waterfall, they raise him as their own. As he grows, Sivudu is drawn to the world beyond the cliffs, where he discovers the ancient kingdom of Mahishmati, ruled by a cruel tyrant, haunted by rebellion, and bound to his past. What begins as a quest for love soon unravels a legacy of betrayal, sacrifice, and a forgotten prince.",27.2558,2025-10-29,Bāhubali: The Epic,5.986,35,"['Action', 'Drama']"
False,585,en,"Monsters, Inc.","Lovable Sulley and his wisecracking sidekick Mike Wazowski are the top scare team at Monsters, Inc., the scream-processing factory in Monstropolis. When a little girl named Boo wanders into their world, it's the monsters who are scared silly, and it's up to Sulley and Mike to keep her out of sight and get her back home.",23.6671,2001-11-01,"Monsters, Inc.",7.849,19651,"['Animation', 'Comedy', 'Family']"
False,4935,ja,ハウルの動く城,"Sophie, a young milliner, is turned into an elderly woman by a witch who enters her shop and curses her. She encounters a wizard named Howl and gets caught up in his resistance to fighting for the king.",23.9173,2004-09-09,Howl's Moving Castle,8.388,10970,"['Fantasy', 'Animation', 'Adventure']"
False,346364,en,It,"In a small town in Maine, seven children known as The Losers Club come face to face with life problems, bullies and a monster that takes the shape of a clown called Pennywise.",23.3832,2017-09-06,It,7.239,20222,"['Horror', 'Thriller', 'Drama']"
False,1412598,en,Killer Whale,Follows best friends Maddie and Trish as they find themselves trapped in a remote lagoon with the dangerous killer whale named Ceto.,27.3062,2026-01-16,Killer Whale,5.708,77,"['Thriller', 'Horror', 'Action', 'Mystery', 'Science Fiction']"
False,122,en,The Lord of the Rings: The Return of the King,"As armies mass for a final battle that will decide the fate of the world--and powerful, ancient forces of Light and Dark compete to determine the outcome--one member of the Fellowship of the Ring is revealed as the noble heir to the throne of the Kings of Men. Yet, the sole hope for triumph over evil lies with a brave hobbit, Frodo, who, accompanied by his loyal friend Sam and the hideous, wretched Gollum, ventures deep into the very dark heart of Mordor on his seemingly impossible quest to destroy the Ring of Power.​",33.4367,2003-12-17,The Lord of the Rings: The Return of the King,8.497,26343,"['Adventure', 'Fantasy', 'Action']"
False,911430,en,F1,Racing legend Sonny Hayes is coaxed out of retirement to lead a struggling Formula 1 team—and mentor a young hotshot driver—while chasing one more chance at glory.,30.303,2025-06-25,F1,7.751,3747,"['Action', 'Drama']"
False,508947,en,Turning Red,"Thirteen-year-old Mei is experiencing the awkwardness of being a teenager with a twist – when she gets too excited, she transforms into a giant red panda.",26.1876,2022-03-10,Turning Red,7.318,5742,"['Animation', 'Family', 'Comedy', 'Fantasy']"
False,939243,en,Sonic the Hedgehog 3,"Sonic, Knuckles, and Tails reunite against a powerful new adversary, Shadow, a mysterious villain with powers unlike anything they have faced before. With their abilities outmatched in every way, Team Sonic must seek out an unlikely alliance in hopes of stopping Shadow and protecting the planet.",25.5017,2024-12-19,Sonic the Hedgehog 3,7.611,3219,"['Action', 'Science Fiction', 'Comedy', 'Family']"
False,1087192,en,How to Train Your Dragon,"On the rugged isle of Berk, where Vikings and dragons have been bitter enemies for generations, Hiccup stands apart, defying centuries of tradition when he befriends Toothless, a feared Night Fury dragon. Their unlikely bond reveals the true nature of dragons, challenging the very foundations of Viking society.",27.0754,2025-06-06,How to Train Your Dragon,7.925,2725,"['Fantasy', 'Family', 'Action', 'Adventure']"
False,346698,en,Barbie,"Barbie and Ken are having the time of their lives in the colorful and seemingly perfect world of Barbie Land. However, when they get a chance to go to the real world, they soon discover the joys and perils of living among humans.",25.0083,2023-07-19,Barbie,6.927,10977,"['Comedy', 'Adventure']"
False,1108427,en,Moana,"Prompted by a summons from the ocean, Moana departs her home island of Motunui for the first time and travels past its barrier reef. Accompanied by the demigod Maui, she undertakes a voyage aimed at recovering the well-being of her community.",21.3621,2026-07-08,Moana,0.0,0,"['Family', 'Fantasy', 'Comedy', 'Adventure']"
False,438631,en,Dune,"Paul Atreides, a brilliant and gifted young man born into a great destiny beyond his understanding, must travel to the most dangerous planet in the universe to ensure the future of his family and his people. As malevolent forces explode into conflict over the planet's exclusive supply of the most precious resource in existence-a commodity capable of unlocking humanity's greatest potential-only those who can conquer their fear will survive.",23.5603,2021-09-15,Dune,7.78,14721,"['Science Fiction', 'Adventure']"
False,424,en,Schindler's List,The true story of how businessman Oskar Schindler saved over a thousand Jewish lives from the Nazis while they worked as slaves in his factory during World War II.,26.6381,1993-12-15,Schindler's List,8.567,17326,"['Drama', 'History', 'War']"
False,603,en,The Matrix,"Set in the 22nd century, The Matrix tells the story of a computer hacker who joins a group of underground insurgents fighting the vast and powerful computers who now rule the earth.",31.57,1999-03-31,The Matrix,8.242,27685,"['Action', 'Science Fiction']"
False,575265,en,Mission: Impossible - The Final Reckoning,"Ethan Hunt and team continue their search for the terrifying AI known as the Entity — which has infiltrated intelligence networks all over the globe — with the world's governments and a mysterious ghost from Hunt's past on their trail. Joined by new allies and armed with the means to shut the Entity down for good, Hunt is in a race against time to prevent the world as we know it from changing forever.",25.3076,2025-05-17,Mission: Impossible - The Final Reckoning,7.161,2712,"['Action', 'Thriller', 'Adventure']"
False,1579,en,Apocalypto,"Set in the Mayan civilization, when a man's idyllic presence is brutally disrupted by a violent invading force, he is taken on a perilous journey to a world ruled by fear and oppression where a harrowing end awaits him. Through a twist of fate and spurred by the power of his love for his woman and his family he will make a desperate break to return home and to ultimately save his way of life.",28.0543,2006-12-07,Apocalypto,7.597,6193,"['Action', 'Drama', 'History']"
False,269149,en,Zootopia,"Determined to prove herself, Officer Judy Hopps, the first bunny on Zootopia's police force, jumps at the chance to crack her first case - even if it means partnering with scam-artist fox Nick Wilde to solve the mystery.",23.6918,2016-02-11,Zootopia,7.759,17959,"['Animation', 'Adventure', 'Family', 'Comedy']"
False,862,en,Toy Story,"Led by Woody, Andy's toys live happily in his room until Andy's birthday brings Buzz Lightyear onto the scene. Afraid of losing his place in Andy's heart, Woody plots against Buzz. But when circumstances separate Buzz and Woody from their owner, the duo eventually learns to put aside their differences.",24.7185,1995-11-22,Toy Story,7.971,19743,"['Family', 'Comedy', 'Animation', 'Adventure']"
False,1233506,fr,L'Homme qui rétrécit,"Paul, is an ordinary man who divides his life between his shipbuilding company, his wife Elise and their daughter Mia. During a sea trip, Paul finds himself confronted with a strange, unexplained meteorological phenomenon. From then on, Paul shrinks inexorably, without science being able to explain why or be of any help to him. When, by accident, he finds himself a prisoner in his own cellar, and while he is only a few centimeters tall, he will have to fight to survive in this banal environment that has become perilous. During this experience, Paul will find himself confronted with himself, with his humanity, and will try to answer the great questions of existence.",28.6321,2025-10-22,The Shrinking Man,6.0,81,"['Adventure', 'Science Fiction']"
False,862,en,Toy Story,"Led by Woody, Andy's toys live happily in his room until Andy's birthday brings Buzz Lightyear onto the scene. Afraid of losing his place in Andy's heart, Woody plots against Buzz. But when circumstances separate Buzz and Woody from their owner, the duo eventually learns to put aside their differences.",24.7185,1995-11-22,Toy Story,7.971,19743,"['Family', 'Comedy', 'Animation', 'Adventure']"
False,1233506,fr,L'Homme qui rétrécit,"Paul, is an ordinary man who divides his life between his shipbuilding company, his wife Elise and their daughter Mia. During a sea trip, Paul finds himself confronted with a strange, unexplained meteorological phenomenon. From then on, Paul shrinks inexorably, without science being able to explain why or be of any help to him. When, by accident, he finds himself a prisoner in his own cellar, and while he is only a few centimeters tall, he will have to fight to survive in this banal environment that has become perilous. During this experience, Paul will find himself confronted with himself, with his humanity, and will try to answer the great questions of existence.",28.6321,2025-10-22,The Shrinking Man,6.0,81,"['Adventure', 'Science Fiction']"
False,1448560,en,Wildcat,An ex-black ops team reunite to pull off a desperate heist in order to save the life of their leader’s eight-year-old daughter.,24.5218,2025-11-19,Wildcat,6.189,151,"['Action', 'Thriller']"
False,1003596,en,Avengers: Doomsday,Beloved heroes from three distinct universes are set on a deadly collision course and face an existential threat unlike anything they've ever encountered.,24.3069,2026-12-16,Avengers: Doomsday,0.0,0,"['Science Fiction', 'Action', 'Adventure']"
False,564,en,The Mummy,Dashing legionnaire Rick O'Connell stumbles upon the hidden ruins of Hamunaptra while in the midst of a battle to claim the area in 1920s Egypt. It has been over three thousand years since former High Priest Imhotep suffered a fate worse than death as a punishment for a forbidden love—along with a curse that guarantees eternal doom upon the world if he is ever awoken.,27.7621,1999-04-16,The Mummy,6.965,9893,"['Adventure', 'Action', 'Fantasy']"
False,557,en,Spider-Man,"After being bitten by a genetically altered spider at Oscorp, nerdy but endearing high school student Peter Parker is endowed with amazing powers to become the superhero known as Spider-Man.",24.2326,2002-05-01,Spider-Man,7.324,20517,"['Action', 'Science Fiction']"
False,1292695,en,They Will Kill You,"A woman answers a help wanted ad to be a housekeeper in a mysterious New York City high-rise, unaware that she is entering a community that has seen a number of disappearances over the years and may be under the grip of a Satanic cult.",24.4578,2026-03-25,They Will Kill You,6.6,135,"['Action', 'Horror', 'Comedy']"
False,38,en,Eternal Sunshine of the Spotless Mind,"Joel Barish, heartbroken that his girlfriend underwent a procedure to erase him from her memory, decides to do the same. However, as he watches his memories of her fade away, he realises that he still loves her, and may be too late to correct his mistake.",30.4267,2004-03-19,Eternal Sunshine of the Spotless Mind,8.091,16225,"['Science Fiction', 'Drama', 'Romance']"
False,105,en,Back to the Future,"Eighties teenager Marty McFly is accidentally sent back in time to 1955, inadvertently disrupting his parents' first meeting and attracting his mother's romantic interest. Marty must repair the damage to history by rekindling his parents' romance and - with the help of his eccentric inventor friend Doc Brown - return to 1985.",23.7452,1985-07-03,Back to the Future,8.326,21636,"['Adventure', 'Comedy', 'Science Fiction']"
False,693134,en,Dune: Part Two,"Follow the mythic journey of Paul Atreides as he unites with Chani and the Fremen while on a path of revenge against the conspirators who destroyed his family. Facing a choice between the love of his life and the fate of the known universe, Paul endeavors to prevent a terrible future only he can foresee.",23.4264,2024-02-27,Dune: Part Two,8.128,7796,"['Science Fiction', 'Adventure']"
False,35739,en,Do or Die,"Asian crime boss Kaneshiro captures two voluptuous undercover federal agents, Donna and Nicole. But instead of liquidating them, he gives the busty duo a head start in a deadly cat-and-mouse game involving six other assassin teams. The heated action takes them from Hawaii to Las Vegas and Louisiana.",21.996,1991-06-28,Do or Die,4.2,40,"['Action', 'Thriller']"
False,1078605,en,Weapons,"When all but one child from the same class mysteriously vanish on the same night at exactly the same time, a community is left questioning who or what is behind their disappearance.",22.4513,2025-08-04,Weapons,7.3,3240,"['Horror', 'Mystery']"
False,552524,en,Lilo & Stitch,The wildly funny and touching story of a lonely Hawaiian girl and the fugitive alien who helps to mend her broken family.,23.9294,2025-05-17,Lilo & Stitch,7.193,2114,"['Family', 'Science Fiction', 'Comedy']"
False,672,en,Harry Potter and the Chamber of Secrets,"Cars fly, trees fight back, and a mysterious house-elf comes to warn Harry Potter at the start of his second year at Hogwarts. Adventure and danger await when bloody writing on a wall announces: The Chamber Of Secrets Has Been Opened. To save Hogwarts will require all of Harry, Ron and Hermione's magical abilities and courage.",22.3922,2002-11-13,Harry Potter and the Chamber of Secrets,7.703,23448,"['Adventure', 'Fantasy']"
False,574475,en,Final Destination Bloodlines,"Plagued by a violent recurring nightmare, college student Stefanie heads home to track down the one person who might be able to break the cycle and save her family from the grisly demise that inevitably awaits them all.",19.1343,2025-05-14,Final Destination Bloodlines,7.051,2771,"['Horror', 'Mystery']"
False,1291608,hi,धुरंधर,"A mysterious traveler slips into the heart of Karachi's underbelly and rises through its ranks with lethal precision, only to tear the notorious ISI-Underworld nexus apart from within.",24.4013,2025-12-05,Dhurandhar,7.047,254,"['Action', 'Crime', 'Thriller']"
False,674,en,Harry Potter and the Goblet of Fire,"When his name emerges from the Goblet of Fire, Harry Potter becomes a competitor in a grueling battle for glory among three wizarding schools—the Triwizard Tournament. But since Harry never submitted his name for the Tournament, who did? Now Harry must confront a deadly dragon, fierce water demons, and an enchanted maze only to find himself in the cruel grasp of He Who Must Not Be Named.",22.2917,2005-11-16,Harry Potter and the Goblet of Fire,7.801,22027,"['Adventure', 'Fantasy']"
False,1196067,en,Worldbreaker,"Five years ago, a tear in the fabric of reality brought creatures to our world from an alternate dimension bent on our destruction. A father hides his daughter on an island to keep her safe while he prepares her for survival and the battles to come. But when the world is about to break, no place is safe.",24.4291,2025-10-30,Worldbreaker,5.884,138,"['Science Fiction', 'Action', 'Horror']"
False,102382,en,The Amazing Spider-Man 2,"For Peter Parker, life is busy. Between taking out the bad guys as Spider-Man and spending time with the person he loves, Gwen Stacy, high school graduation cannot come quickly enough. Peter has not forgotten about the promise he made to Gwen’s father to protect her by staying away, but that is a promise he cannot keep. Things will change for Peter when a new villain, Electro, emerges, an old friend, Harry Osborn, returns, and Peter uncovers new clues about his past.",23.3886,2014-04-16,The Amazing Spider-Man 2,6.532,14122,"['Action', 'Adventure', 'Science Fiction']"
False,1650558,tl,Abot Langit,"The relationship of a couple is tested when the girl’s first official flight pairs her with a confident senior pilot, jealousy and power dynamics surface in the training ground. The girl is now torn between her present relationship and new temptation she can’t resist.",24.8943,2026-03-13,Abot Langit,5.0,1,['Romance']
False,1214931,en,Nuremberg,"In postwar Germany, an American psychiatrist must determine whether Nazi prisoners are fit to go on trial for war crimes, and finds himself in a complex battle of intellect and ethics with Hermann Göring, Hitler's right-hand man.",23.4651,2025-11-06,Nuremberg,7.388,858,"['History', 'Drama']"
False,72573,de,Das Vermächtnis des Inka,"During the 1800s, Peru's government sends 2 envoys to negotiate peace with the rebellious Incas but a treasure-hunter bandit shoots the Inca ruler and his son, leaving the 2 envoys to take the blame for it.",8.0318,1965-09-08,Legacy of the Incas,6.2,10,"['Adventure', 'Western']"
False,569094,en,Spider-Man: Across the Spider-Verse,"After reuniting with Gwen Stacy, Brooklyn’s full-time, friendly neighborhood Spider-Man is catapulted across the Multiverse, where he encounters the Spider Society, a team of Spider-People charged with protecting the Multiverse's very existence. But when the heroes clash on how to handle a new threat, Miles finds himself pitted against the other Spiders and must set out on his own to save those he loves most.",29.6438,2023-05-31,Spider-Man: Across the Spider-Verse,8.332,8459,"['Animation', 'Action', 'Adventure', 'Science Fiction']"
False,22,en,Pirates of the Caribbean: The Curse of the Black Pearl,"When wily pirate Captain Barbossa seizes Jack Sparrow’s beloved ship, the Black Pearl, and kidnaps the governor’s daughter, Elizabeth Swann, blacksmith Will Turner reluctantly teams up with the unpredictable pirate Jack to rescue her—only to uncover a terrifying curse that turns Barbossa’s crew into the undead.",21.8846,2003-07-09,Pirates of the Caribbean: The Curse of the Black Pearl,7.8,22077,"['Adventure', 'Fantasy', 'Action']"
False,58,en,Pirates of the Caribbean: Dead Man's Chest,"Captain Jack Sparrow’s got a blood debt to pay: he owes his soul to the legendary Davy Jones, ghastly Ruler of the Ocean Depths. To escape eternal servitude aboard the Flying Dutchman, ever-crafty Jack must track down the still-beating heart of Jones. But he won’t do it alone: Will Turner and Elizabeth Swann are drawn back into another one of his perilous quests—assuming they can evade execution for aiding a pirate.",21.8297,2006-07-06,Pirates of the Caribbean: Dead Man's Chest,7.4,17028,"['Adventure', 'Fantasy', 'Action']"
False,429617,en,Spider-Man: Far From Home,"Peter Parker and his friends go on a summer trip to Europe. However, they will hardly be able to rest - Peter will have to agree to help Nick Fury uncover the mystery of creatures that cause natural disasters and destruction throughout the continent.",22.8942,2019-06-28,Spider-Man: Far From Home,7.396,16838,"['Action', 'Adventure', 'Science Fiction']"
False,541671,en,Ballerina,"Taking place during the events of John Wick: Chapter 3 – Parabellum, Eve Macarro begins her training in the assassin traditions of the Ruska Roma.",23.3276,2025-06-04,Ballerina,7.24,2492,"['Action', 'Thriller', 'Crime']"
False,441168,en,From Straight A's to XXX,"When a change of circumstances leaves Miriam unable to pay her college tuition, she makes a surprising decision: to start performing in adult films, using the pseudonym Belle Knox. Miriam lies to her family and her friends at school, keeping her double life a secret. But soon rumours spread and Miriam becomes the subject of vicious online attacks and unwanted attention. Miriam fights back: she talks to the media, saying her new line of work empowers her as a feminist. But her confident stand has unintended consequences. Miriam is shunned by her conservative family and her colleagues in the adult film world. One impulsive decision has quickly spiralled out of control - and Miriam's problems are just beginning.",26.8063,2017-02-11,From Straight A's to XXX,5.822,160,"['Drama', 'TV Movie']"
False,122917,en,The Hobbit: The Battle of the Five Armies,"Following Smaug's attack on Laketown, Bilbo and the dwarves try to defend Erebor's mountain of treasure from others who claim it: the men of the ruined Laketown and the elves of Mirkwood. Meanwhile an army of Orcs led by Azog the Defiler is marching on Erebor, fueled by the rise of the dark lord Sauron. Dwarves, elves and men must unite, and the hope for Middle-Earth falls into Bilbo's hands.",24.6373,2014-12-10,The Hobbit: The Battle of the Five Armies,7.332,15255,"['Action', 'Adventure', 'Fantasy']"
False,106646,en,The Wolf of Wall Street,"A New York stockbroker refuses to cooperate in a large securities fraud case involving corruption on Wall Street, corporate banking world and mob infiltration. Based on Jordan Belfort's autobiography.",24.2201,2013-12-25,The Wolf of Wall Street,8.027,25753,"['Crime', 'Drama', 'Comedy']"
False,1175942,en,The Bad Guys 2,"The now-reformed Bad Guys are trying (very, very hard) to be good, but instead find themselves hijacked into a high-stakes, globe-trotting heist, masterminded by a new team of criminals they never saw coming: The Bad Girls.",20.1705,2025-07-24,The Bad Guys 2,7.656,747,"['Family', 'Comedy', 'Crime', 'Adventure', 'Animation']"
False,767,en,Harry Potter and the Half-Blood Prince,"As Lord Voldemort tightens his grip on both the Muggle and wizarding worlds, Hogwarts is no longer a safe haven. Harry suspects perils may even lie within the castle, but Dumbledore is more intent upon preparing him for the final battle fast approaching. Together they work to find the key to unlock Voldemorts defenses and to this end, Dumbledore recruits his old friend and colleague Horace Slughorn, whom he believes holds crucial information. Even as the decisive showdown looms, romance blossoms for Harry, Ron, Hermione and their classmates. Love is in the air, but danger lies ahead and Hogwarts may never be the same again.",21.2185,2009-07-15,Harry Potter and the Half-Blood Prince,7.681,20660,"['Adventure', 'Fantasy']"
False,1426297,es,Play Dead,"A woman wakes up injured in a basement surrounded by corpses. To survive, she pretends to be dead while a grotesque ritual unfolds in the house above.",23.6112,2025-03-29,Play Dead,5.9,40,['Horror']
False,121,en,The Lord of the Rings: The Two Towers,"Frodo Baggins and the other members of the Fellowship continue on their sacred quest to destroy the One Ring--but on separate paths. Their destinies lie at two towers--Orthanc Tower in Isengard, where the corrupt wizard Saruman awaits, and Sauron's fortress at Barad-dur, deep within the dark lands of Mordor. Frodo and Sam are trekking to Mordor to destroy the One Ring of Power while Gimli, Legolas and Aragorn search for the orc-captured Merry and Pippin. All along, nefarious wizard Saruman awaits the Fellowship members at the Orthanc Tower in Isengard.",25.8225,2002-12-18,The Lord of the Rings: The Two Towers,8.416,23716,"['Adventure', 'Fantasy', 'Action']"
False,652,en,Troy,"In year 1250 B.C. during the late Bronze age, two emerging nations begin to clash. Paris, the Trojan prince, convinces Helen, Queen of Sparta, to leave her husband Menelaus, and sail with him back to Troy. After Menelaus finds out that his wife was taken by the Trojans, he asks his brother Agamemnon to help him get her back. Agamemnon sees this as an opportunity for power. They set off with 1,000 ships holding 50,000 Greeks to Troy.",21.2393,2004-05-13,Troy,7.168,10952,"['War', 'Action', 'History']"
False,696393,en,Cold Storage,"When a mutating, highly contagious fungus escapes a sealed facility, two employees – joined by a grizzled bioterror operative – must survive the wildest night shift ever to save humanity from extinction.",22.3495,2026-01-22,Cold Storage,6.742,328,"['Horror', 'Science Fiction', 'Comedy']"
False,244786,en,Whiplash,"Under the direction of a ruthless instructor, a talented young drummer begins to pursue perfection at any cost, even his humanity.",23.8621,2014-10-10,Whiplash,8.375,16501,"['Drama', 'Music', 'Thriller']"
False,533533,en,TRON: Ares,"A highly sophisticated Program called Ares is sent from the digital world into the real world on a dangerous mission, marking humankind's first encounter with A.I. beings.",23.2809,2025-10-08,TRON: Ares,6.462,1331,"['Science Fiction', 'Adventure', 'Action']"
False,1658214,tl,Scorpio Nights 4,"A countryside boy rents a room from a couple and discovers a hole exposing their secrets. His voyeurism leads into tangled affairs with two women, unraveling a twisted game of lust and betrayal.",19.6072,2026-03-31,Scorpio Nights 4,7.5,2,['Drama']
False,12153,en,White Chicks,"Two FBI agent brothers, Marcus and Kevin Copeland, accidentally foil a drug bust. To avoid being fired they accept a mission escorting a pair of socialites to the Hamptons--but when the girls are disfigured in a car accident, they refuse to go. Left without options, Marcus and Kevin decide to pose as the sisters, transforming themselves from black men into rich white women.",21.1066,2004-06-23,White Chicks,6.93,4461,"['Comedy', 'Crime']"
False,177572,en,Big Hero 6,"A special bond develops between plus-sized inflatable robot Baymax, and prodigy Hiro Hamada, who team up with a group of friends to form a band of high-tech heroes.",22.7551,2014-10-24,Big Hero 6,7.724,16482,"['Adventure', 'Family', 'Animation', 'Action', 'Comedy']"
False,337404,en,Cruella,"In 1970s London amidst the punk rock revolution, a young grifter named Estella is determined to make a name for herself with her designs. She befriends a pair of young thieves who appreciate her appetite for mischief, and together they are able to build a life for themselves on the London streets. One day, Estella’s flair for fashion catches the eye of the Baroness von Hellman, a fashion legend who is devastatingly chic and terrifyingly haute. But their relationship sets in motion a course of events and revelations that will cause Estella to embrace her wicked side and become the raucous, fashionable and revenge-bent Cruella.",20.6201,2021-05-26,Cruella,7.973,9986,"['Comedy', 'Crime', 'Drama']"
False,8966,en,Twilight,"When Bella Swan moves to a small town in the Pacific Northwest, she falls in love with Edward Cullen, a mysterious classmate who reveals himself to be a 108-year-old vampire. Despite Edward's repeated cautions, Bella can't stay away from him, a fatal move that endangers her own life.",22.6962,2008-11-20,Twilight,6.28,14322,"['Fantasy', 'Drama', 'Romance']"
False,396535,ko,부산행,"When a zombie virus pushes Korea into a state of emergency, those trapped on an express train to Busan must fight for their own survival.",19.2538,2016-07-20,Train to Busan,7.748,8286,"['Horror', 'Thriller', 'Action', 'Adventure']"
False,646380,en,Don't Look Up,Two astronomers go on a media tour to warn humankind of a planet-killing comet hurtling toward Earth. The response from a distracted world: Meh.,17.4502,2021-12-08,Don't Look Up,7.065,9240,"['Comedy', 'Science Fiction', 'Drama']"
False,76341,en,Mad Max: Fury Road,"An apocalyptic story set in the furthest reaches of our planet, in a stark desert landscape where humanity is broken, and most everyone is crazed fighting for the necessities of life. Within this world exist two rebels on the run who just might be able to restore order.",20.829,2015-05-13,Mad Max: Fury Road,7.632,23946,"['Action', 'Adventure', 'Science Fiction']"
False,107257,en,A Perfect Ending,"This intimate drama follows Rebecca, a woman who has kept her sexuality a secret from her friends but chooses to reveal it to a stranger. While Rebecca's revelations may not yield the results she expects, a perfect ending is still in reach.",22.6475,2012-06-01,A Perfect Ending,6.2,133,"['Drama', 'Romance']"
False,156022,en,The Equalizer,"McCall believes he has put his mysterious past behind him and dedicated himself to beginning a new, quiet life. But when he meets Teri, a young girl under the control of ultra-violent Russian gangsters, he can’t stand idly by – he has to help her. Armed with hidden skills that allow him to serve vengeance against anyone who would brutalize the helpless, McCall comes out of his self-imposed retirement and finds his desire for justice reawakened. If someone has a problem, if the odds are stacked against them, if they have nowhere else to turn, McCall will help. He is The Equalizer.",23.5685,2014-09-24,The Equalizer,7.284,9857,"['Thriller', 'Action', 'Crime']"
False,931285,en,Mortal Kombat II,"The fan favorite champions—now joined by Johnny Cage himself—are pitted against one another in the ultimate, no-holds barred, gory battle to defeat the dark rule of Shao Kahn that threatens the very existence of the Earthrealm and its defenders.",18.6143,2026-05-06,Mortal Kombat II,0.0,0,"['Action', 'Fantasy', 'Adventure']"
False,1314481,en,The Devil Wears Prada 2,"Miranda Priestly navigates her career amid the decline of traditional magazine publishing. She faces off against Emily Charlton, her one-time assistant, now a high-powered executive for a luxury group, with advertising dollars that Priestly desperately needs.",26.3184,2026-04-29,The Devil Wears Prada 2,0.0,0,"['Drama', 'Comedy']"
False,769,en,GoodFellas,"The true story of Henry Hill, a half-Irish, half-Sicilian Brooklyn kid who is adopted by neighbourhood gangsters at an early age and climbs the ranks of a Mafia family under the guidance of Jimmy Conway.",24.5057,1990-09-12,GoodFellas,8.453,14216,"['Drama', 'Crime']"
False,68721,en,Iron Man 3,"When Tony Stark's world is torn apart by a formidable terrorist called the Mandarin, he starts an odyssey of rebuilding and retribution.",21.6009,2013-04-18,Iron Man 3,6.931,23309,"['Action', 'Adventure', 'Science Fiction']"
False,232078,en,Triple Crossed,"With a tour in Afghanistan behind him, war-torn Chris Jensen struggles to assimilate back to life in California. Drifting and living out of his car, he soon discovers that few are willing to deal with the remnants of a damaged career military man. Chris is self medicating; desperate to silence the echoes from the front lines. When an opportunity finally presents itself, he makes the hard decision to employ his most coveted talents honed in special ops. A job is a job and Chris knows civilian life can be just as cut-throat as time on active duty. But just how close does he have to get to Andrew Warner to secure the kill?",17.4294,2013-11-12,Triple Crossed,4.1,30,['Mystery']
False,1213898,hi,बॉर्डर २,"Three idealistic soldiers in the Indian army, navy and air force face grueling combat conditions in this film set during the 1971 Indo-Pak war.",24.9239,2026-01-23,Border 2,6.6,15,"['Action', 'Drama', 'War']"
False,12445,en,Harry Potter and the Deathly Hallows: Part 2,"Harry, Ron and Hermione continue their quest to vanquish the evil Voldemort once and for all. Just as things begin to look hopeless for the young wizards, Harry discovers a trio of magical objects that endow him with powers to rival Voldemort's formidable skills.",22.8262,2011-07-12,Harry Potter and the Deathly Hallows: Part 2,8.081,21855,"['Adventure', 'Fantasy']"
False,559,en,Spider-Man 3,"The seemingly invincible Spider-Man goes up against an all-new crop of villains—including the shape-shifting Sandman. While Spider-Man’s superpowers are altered by an alien organism, his alter ego, Peter Parker, deals with nemesis Eddie Brock and also gets caught up in a love triangle.",21.5006,2007-05-01,Spider-Man 3,6.454,15101,"['Action', 'Adventure', 'Science Fiction']"
False,1634301,te,Vanaveera,A descendant of the Vanara clan is pushed into conflict when a modern-day Ravana seizes his only bike for an election rally. What starts as a petty injustice soon erupts into a fierce fight for self-respect and dignity.,25.3957,2026-02-13,Vanaveera,7.5,6,"['Action', 'Drama']"
False,111,en,Scarface,"After getting a green card in exchange for assassinating a Cuban government official, Tony Montana stakes a claim on the drug trade in Miami. Viciously murdering anyone who stands in his way, Tony eventually becomes the biggest drug lord in the state, controlling nearly all the cocaine that comes through Miami. But increased pressure from the police, wars with Colombian drug cartels and his own drug-fueled paranoia serve to fuel the flames of his eventual downfall.",21.7508,1983-12-09,Scarface,8.155,12904,"['Action', 'Crime', 'Drama']"
False,950396,en,The Gorge,"Two highly trained operatives grow close from a distance after being sent to guard opposite sides of a mysterious gorge. When an evil below emerges, they must work together to survive what lies within.",22.6912,2025-02-13,The Gorge,7.617,3593,"['Romance', 'Science Fiction', 'Thriller']"
False,1242332,en,Normal,"Interim sheriff Ulysses, called to the snowbound town of Normal, MN, uncovers an international criminal conspiracy at the heart of the seemingly quaint whistle-stop when he comes to the aid of a bank-robbing couple caught up in a deadly mess.",20.0486,2026-04-16,Normal,7.25,16,"['Action', 'Crime', 'Thriller']"
False,232078,en,Triple Crossed,"With a tour in Afghanistan behind him, war-torn Chris Jensen struggles to assimilate back to life in California. Drifting and living out of his car, he soon discovers that few are willing to deal with the remnants of a damaged career military man. Chris is self medicating; desperate to silence the echoes from the front lines. When an opportunity finally presents itself, he makes the hard decision to employ his most coveted talents honed in special ops. A job is a job and Chris knows civilian life can be just as cut-throat as time on active duty. But just how close does he have to get to Andrew Warner to secure the kill?",17.4294,2013-11-12,Triple Crossed,4.1,30,['Mystery']
False,1213898,hi,बॉर्डर २,"Three idealistic soldiers in the Indian army, navy and air force face grueling combat conditions in this film set during the 1971 Indo-Pak war.",24.9239,2026-01-23,Border 2,6.6,15,"['Action', 'Drama', 'War']"
False,12445,en,Harry Potter and the Deathly Hallows: Part 2,"Harry, Ron and Hermione continue their quest to vanquish the evil Voldemort once and for all. Just as things begin to look hopeless for the young wizards, Harry discovers a trio of magical objects that endow him with powers to rival Voldemort's formidable skills.",22.8262,2011-07-12,Harry Potter and the Deathly Hallows: Part 2,8.081,21855,"['Adventure', 'Fantasy']"
False,559,en,Spider-Man 3,"The seemingly invincible Spider-Man goes up against an all-new crop of villains—including the shape-shifting Sandman. While Spider-Man’s superpowers are altered by an alien organism, his alter ego, Peter Parker, deals with nemesis Eddie Brock and also gets caught up in a love triangle.",21.5006,2007-05-01,Spider-Man 3,6.454,15101,"['Action', 'Adventure', 'Science Fiction']"
False,1634301,te,Vanaveera,A descendant of the Vanara clan is pushed into conflict when a modern-day Ravana seizes his only bike for an election rally. What starts as a petty injustice soon erupts into a fierce fight for self-respect and dignity.,25.3957,2026-02-13,Vanaveera,7.5,6,"['Action', 'Drama']"
False,111,en,Scarface,"After getting a green card in exchange for assassinating a Cuban government official, Tony Montana stakes a claim on the drug trade in Miami. Viciously murdering anyone who stands in his way, Tony eventually becomes the biggest drug lord in the state, controlling nearly all the cocaine that comes through Miami. But increased pressure from the police, wars with Colombian drug cartels and his own drug-fueled paranoia serve to fuel the flames of his eventual downfall.",21.7508,1983-12-09,Scarface,8.155,12905,"['Action', 'Crime', 'Drama']"
False,950396,en,The Gorge,"Two highly trained operatives grow close from a distance after being sent to guard opposite sides of a mysterious gorge. When an evil below emerges, they must work together to survive what lies within.",22.6912,2025-02-13,The Gorge,7.617,3593,"['Romance', 'Science Fiction', 'Thriller']"
False,1242332,en,Normal,"Interim sheriff Ulysses, called to the snowbound town of Normal, MN, uncovers an international criminal conspiracy at the heart of the seemingly quaint whistle-stop when he comes to the aid of a bank-robbing couple caught up in a deadly mess.",20.0486,2026-04-16,Normal,7.25,16,"['Action', 'Crime', 'Thriller']"
False,106,en,Predator,A team of elite commandos on a secret mission in a Central American jungle come to find themselves hunted by an extraterrestrial warrior.,19.9113,1987-06-12,Predator,7.5,8995,"['Science Fiction', 'Action', 'Adventure', 'Thriller']"
False,1305781,zh,镖人：风起大漠,"Dao Ma, the ""second most wanted fugitive,"" is entrusted by his benefactor, the chief of Mo family clan, to take on a mysterious escort mission-escorting the ""most wanted fugitive"" to Chang'an.",19.1685,2026-02-17,Blades of the Guardians: Wind Rises in the Desert,7.2,35,"['Action', 'Drama', 'History']"
False,11324,en,Shutter Island,"World War II soldier-turned-U.S. Marshal Teddy Daniels investigates the disappearance of a patient from a hospital for the criminally insane, but his efforts are compromised by troubling visions and a mysterious doctor.",22.3064,2010-02-14,Shutter Island,8.198,25678,"['Drama', 'Thriller', 'Mystery']"
False,101,fr,Léon,"Léon, the top hit man in New York, has earned a rep as an effective ""cleaner"". But when his next-door neighbors are wiped out by a loose-cannon DEA agent, he becomes the unwilling custodian of 12-year-old Mathilda. Before long, Mathilda's thoughts turn to revenge, and she considers following in Léon's footsteps.",19.8306,1994-09-14,Léon: The Professional,8.295,15978,"['Crime', 'Drama', 'Action']"
False,524047,en,Greenland,"John Garrity, his estranged wife and their young son embark on a perilous journey to find sanctuary as a planet-killing comet hurtles toward Earth. Amid terrifying accounts of cities getting levelled, the Garritys experience the best and worst in humanity. As the countdown to the global apocalypse approaches zero, their incredible trek culminates in a desperate and last-minute flight to a possible safe haven.",23.4224,2020-07-29,Greenland,7.125,5213,"['Action', 'Adventure', 'Thriller', 'Science Fiction']"
False,72190,en,World War Z,"Life for former United Nations investigator Gerry Lane and his family seems content. Suddenly, the world is plagued by a mysterious infection turning whole human populations into rampaging mindless zombies. After barely escaping the chaos, Lane is persuaded to go on a mission to investigate this disease. What follows is a perilous trek around the world where Lane must brave horrific dangers and long odds to find answers before human civilization falls.",21.3887,2013-06-19,World War Z,6.825,16404,"['Action', 'Horror', 'Science Fiction', 'Thriller']"
False,271110,en,Captain America: Civil War,"Following the events of Age of Ultron, the collective governments of the world pass an act designed to regulate all superhuman activity. This polarizes opinion amongst the Avengers, causing two factions to side with Iron Man or Captain America, which causes an epic battle between former allies.",20.2249,2016-04-27,Captain America: Civil War,7.447,23906,"['Adventure', 'Action', 'Science Fiction']"
False,259694,en,How to Be Single,"New York City is full of lonely hearts seeking the right match, and what Alice, Robin, Lucy, Meg, Tom and David all have in common is the need to learn how to be single in a world filled with ever-evolving definitions of love.",20.7449,2016-02-08,How to Be Single,6.254,3341,"['Comedy', 'Romance']"
False,81774,fr,Les Exploits d'un jeune Don Juan,"In 1914, sixteen year old Roger returned home from boarding school during vacation to find his puberty hit hard in a house filled with beautiful women. These women have previous engagements with other men who are away, and during this time, Roger impregnates them all, including his aunt and sister, then devises plans to cuckold the men.",25.222,1986-11-04,Exploits of a Young Don Juan,6.0,307,"['Comedy', 'Drama']"
False,150540,en,Inside Out,"When 11-year-old Riley moves to a new city, her Emotions team up to help her through the transition. Joy, Fear, Anger, Disgust and Sadness work together, but when Joy and Sadness get lost, they must journey through unfamiliar places to get back home.",20.5933,2015-06-17,Inside Out,7.91,23344,"['Animation', 'Family', 'Adventure', 'Drama', 'Comedy']"
False,1601243,en,Oscar Shaw,"After retiring from the police force, a relentless detective haunted by the tragic loss of his closest friend sets out on a perilous quest for vengeance, seeking redemption and fighting to restore justice to the streets he once swore to protect.",19.4765,2026-01-09,Oscar Shaw,6.483,29,"['Action', 'Crime', 'Thriller', 'Western']"
False,1930,en,The Amazing Spider-Man,"Peter Parker is an outcast high schooler abandoned by his parents as a boy, leaving him to be raised by his Uncle Ben and Aunt May. Like most teenagers, Peter is trying to figure out who he is and how he got to be the person he is today. As Peter discovers a mysterious briefcase that belonged to his father, he begins a quest to understand his parents' disappearance – leading him directly to Oscorp and the lab of Dr. Curt Connors, his father's former partner. As Spider-Man is set on a collision course with Connors' alter ego, The Lizard, Peter will make life-altering choices to use his powers and shape his destiny to become a hero.",20.0317,2012-06-23,The Amazing Spider-Man,6.732,18393,"['Action', 'Adventure', 'Science Fiction']"
False,670,ko,올드보이,"With no clue how he came to be imprisoned, drugged and tortured for 15 years, a desperate man seeks revenge on his captors.",19.9585,2003-11-21,Oldboy,8.239,9736,"['Drama', 'Thriller', 'Mystery', 'Action']"
False,1426964,pt,Salve Geral: Irmandade,"As São Paulo erupts in an unprecedented wave of violence, a lawyer with underworld ties must strike a deal with the police to rescue her kidnapped niece.",18.1922,2026-02-10,State of Fear,5.656,64,"['Action', 'Thriller', 'Crime', 'Drama']"
False,137051,en,Midnight Matinee,"Even though a devastating murder took place during a small town's horror film festival two years earlier, townspeople want another festival.",19.2524,1988-10-12,Midnight Matinee,5.0,6,"['Horror', 'Mystery', 'Thriller', 'TV Movie']"
False,315162,en,Puss in Boots: The Last Wish,"Puss in Boots discovers that his passion for adventure has taken its toll: He has burned through eight of his nine lives, leaving him with only one life left. Puss sets out on an epic journey to find the mythical Last Wish and restore his nine lives.",19.7036,2022-12-07,Puss in Boots: The Last Wish,8.201,8736,"['Animation', 'Adventure', 'Fantasy', 'Comedy', 'Family']"
False,3558,en,"Girl, Interrupted","Set in the changing world of the late 1960s, Susanna Kaysen's prescribed ""short rest"" from a psychiatrist she had met only once becomes a strange, unknown journey into Alice's Wonderland, where she struggles with the thin line between normal and crazy. Susanna soon realizes how hard it is to get out once she has been committed, and she ultimately has to choose between the world of people who belong inside or the difficult world of reality outside.",19.0758,1999-12-21,"Girl, Interrupted",7.6,4119,['Drama']
False,8587,en,The Lion King,"Young lion prince Simba, eager to one day become king of the Pride Lands, grows up under the watchful eye of his father Mufasa; all the while his villainous uncle Scar conspires to take the throne for himself. Amid betrayal and tragedy, Simba must confront his past and find his rightful place in the Circle of Life.",25.6116,1994-06-15,The Lion King,8.252,19577,"['Animation', 'Family', 'Drama']"
False,10681,en,WALL·E,"After hundreds of years doing what he was built for, WALL•E— a robot designed to clean up the earth—discovers a new purpose in life when he meets a sleek search robot named EVE. EVE comes to realize that WALL•E has inadvertently stumbled upon the key to the planet's future, and races back to space to report to the humans. Meanwhile, WALL•E chases EVE across the galaxy and sets into motion one of the most imaginative adventures ever brought to the big screen.",18.2775,2008-06-22,WALL·E,8.11,20122,"['Animation', 'Family', 'Science Fiction']"
False,933260,en,The Substance,"A fading celebrity decides to use a black market drug, a cell-replicating substance that temporarily creates a younger, better version of herself.",21.5795,2024-09-07,The Substance,7.136,5880,"['Horror', 'Science Fiction', 'Drama']"
False,22,en,Pirates of the Caribbean: The Curse of the Black Pearl,"When wily pirate Captain Barbossa seizes Jack Sparrow’s beloved ship, the Black Pearl, and kidnaps the governor’s daughter, Elizabeth Swann, blacksmith Will Turner reluctantly teams up with the unpredictable pirate Jack to rescue her—only to uncover a terrifying curse that turns Barbossa’s crew into the undead.",21.8846,2003-07-09,Pirates of the Caribbean: The Curse of the Black Pearl,7.821,22076,"['Adventure', 'Fantasy', 'Action']"
False,218,en,The Terminator,"In the post-apocalyptic future, reigning tyrannical supercomputers teleport a cyborg assassin known as the ""Terminator"" back to 1984 to kill Sarah Connor, whose unborn son is destined to lead insurgents against 21st century mechanical hegemony. Meanwhile, the human-resistance movement dispatches a lone warrior to safeguard Sarah. Can he stop the virtually indestructible killing machine?",19.0575,1984-10-26,The Terminator,7.678,14465,"['Action', 'Thriller', 'Science Fiction']"
False,207,en,Dead Poets Society,"At an elite, old-fashioned boarding school in New England, a passionate English teacher inspires his students to rebel against convention and seize the potential of every day, courting the disdain of the stern headmaster.",20.6351,1989-06-02,Dead Poets Society,8.299,12486,['Drama']
False,1314786,es,Zeta,"Four Spanish ex-intelligence officers are assassinated simultaneously worldwide. The CNI discovers all participated in the covert ""Operation Ciénaga"" decades ago in Colombia. Zeta, the CNI's best operative, must hunt and protect the sole survivor, facing his deadliest global mission yet. Top Colombian agent Alfa will join Zeta, seemingly knowing more about ""Ciénaga""'s secrets than him.",23.4261,2026-03-20,Agent Zeta,6.686,121,"['Drama', 'Thriller']"
False,98,en,Gladiator,"After the death of Emperor Marcus Aurelius, his devious son takes power and demotes Maximus, one of Rome's most capable generals who Marcus preferred. Eventually, Maximus is forced to become a gladiator and battle to the death against other men for the amusement of paying audiences.",20.315,2000-05-04,Gladiator,8.224,20747,"['Action', 'Drama', 'Adventure']"
False,389,en,12 Angry Men,"The defense and the prosecution have rested and the jury is filing into the jury room to decide if a young Spanish-American is guilty or innocent of murdering his father. What begins as an open and shut case soon becomes a mini-drama of each of the jurors' prejudices and preconceptions about the trial, the accused, and each other.",19.1015,1957-04-10,12 Angry Men,8.56,9902,['Drama']
False,337167,en,Fifty Shades Freed,"Believing they have left behind shadowy figures from their past, newlyweds Christian and Ana fully embrace an inextricable connection and shared life of luxury. But just as she steps into her role as Mrs. Grey and he relaxes into an unfamiliar stability, new threats could jeopardize their happy ending before it even begins.",19.748,2018-01-17,Fifty Shades Freed,6.7,8320,"['Drama', 'Romance']"
False,99861,en,Avengers: Age of Ultron,"When Tony Stark tries to jumpstart a dormant peacekeeping program, things go awry and Earth’s Mightiest Heroes are put to the ultimate test as the fate of the planet hangs in the balance. As the villainous Ultron emerges, it is up to The Avengers to stop him from enacting his terrible plans, and soon uneasy alliances and unexpected action pave the way for an epic and unique global adventure.",20.7453,2015-04-22,Avengers: Age of Ultron,7.27,24284,"['Action', 'Adventure', 'Science Fiction']"
False,1071585,en,M3GAN 2.0,"After the underlying tech for M3GAN is stolen and misused by a powerful defense contractor to create a military-grade weapon known as Amelia, M3GAN's creator Gemma realizes that the only option is to resurrect M3GAN and give her a few upgrades, making her faster, stronger, and more lethal.",19.7452,2025-06-25,M3GAN 2.0,7.225,1263,"['Action', 'Science Fiction', 'Thriller']"
False,411,en,"The Chronicles of Narnia: The Lion, the Witch and the Wardrobe","Siblings Lucy, Edmund, Susan and Peter step through a magical wardrobe and find the land of Narnia. There, they discover a charming, once peaceful kingdom that has been plunged into eternal winter by the evil White Witch, Jadis. Aided by the wise and magnificent lion, Aslan, the children lead Narnia into a spectacular, climactic battle to be free of the Witch's glacial powers forever.",19.768,2005-12-07,"The Chronicles of Narnia: The Lion, the Witch and the Wardrobe",7.136,11426,"['Adventure', 'Family', 'Fantasy']"
False,11036,en,The Notebook,"An epic love story centered around an older man who reads aloud to a woman with Alzheimer's. From a faded notebook, the old man's words bring to life the story about a couple who is separated by World War II, and is then passionately reunited, seven years later, after they have taken different paths.",18.8301,2004-06-25,The Notebook,7.888,12452,"['Romance', 'Drama']"
False,37165,en,The Truman Show,"In a picture-perfect seaside town, an insurance salesman begins to realize that his entire existence may be staged and observed by a vast unseen audience as part of a reality TV show.",18.739,1998-06-04,The Truman Show,8.152,20042,"['Comedy', 'Drama']"
False,1301421,en,The Sheep Detectives,"George is a shepherd who reads detective novels to his beloved sheep every night, assuming they can't possibly understand. But when a mysterious incident disrupts life on the farm, the sheep realize they must become the detectives. As they follow the clues and investigate human suspects, they prove that even sheep can be brilliant crime-solvers.",22.2417,2026-05-02,The Sheep Detectives,0.0,0,"['Mystery', 'Crime', 'Comedy', 'Family']"
False,286217,en,The Martian,"During a manned mission to Mars, Astronaut Mark Watney is presumed dead after a fierce storm and left behind by his crew. But Watney has survived and finds himself stranded and alone on the hostile planet. With only meager supplies, he must draw upon his ingenuity, wit and spirit to subsist and find a way to signal to Earth that he is alive.",18.3536,2015-09-30,The Martian,7.695,21059,"['Science Fiction', 'Drama', 'Adventure']"
False,1584215,en,The Internship,"A CIA-trained assassin recruits other graduates from her secret childhood program, The Internship, to violently destroy the organization. The CIA fights back with deadly force.",20.9829,2026-01-13,The Internship,6.208,65,['Action']
False,2288,en,Closer,The relationships of two couples become complicated and deceitful when the man from one couple meets the woman of the other.,18.0421,2004-12-03,Closer,6.832,3717,"['Drama', 'Romance']"
False,39254,en,Real Steel,"Charlie Kenton is a washed-up fighter who retired from the ring when robots took over the sport. After his robot is trashed, he reluctantly teams up with his estranged son to rebuild and train an unlikely contender.",18.3277,2011-09-28,Real Steel,7.1,9015,"['Action', 'Science Fiction', 'Drama']"
False,412117,en,The Secret Life of Pets 2,"Max the terrier must cope with some major life changes when his owner gets married and has a baby. When the family takes a trip to the countryside, nervous Max has numerous run-ins with canine-intolerant cows, hostile foxes and a scary turkey. Luckily for Max, he soon catches a break when he meets Rooster, a gruff farm dog who tries to cure the lovable pooch of his neuroses.",19.9311,2019-05-24,The Secret Life of Pets 2,6.948,3300,"['Family', 'Comedy', 'Adventure', 'Animation']"
False,10681,en,WALL·E,"After hundreds of years doing what he was built for, WALL•E— a robot designed to clean up the earth—discovers a new purpose in life when he meets a sleek search robot named EVE. EVE comes to realize that WALL•E has inadvertently stumbled upon the key to the planet's future, and races back to space to report to the humans. Meanwhile, WALL•E chases EVE across the galaxy and sets into motion one of the most imaginative adventures ever brought to the big screen.",18.2775,2008-06-22,WALL·E,8.1,20123,"['Animation', 'Family', 'Science Fiction']"
False,440249,en,After Porn Ends 2,"After Porn Ends 2 picks up where its predecessor left off and not only turns back the clock to meet the oldest living stars in adult film's history, but goes in depth with some of Its most current retirees and juxtaposes their experiences in a life after porn. Delving deeper into society's ongoing stigmas of race, misogyny, and the reality of decreasing opportunities for these former VHS box cover stars. For some, their careers in adult entertainment is accepted proudly and without regret. In fact, it seems to have proven to be the pathway to their current happiness and inner peace. For others, however, a career in porn has proven to be a conduit to certain despair as they struggle to find a way to bury their past and emerge with a new career or calling.",29.7049,2017-03-28,After Porn Ends 2,5.3,246,['Documentary']
False,12444,en,Harry Potter and the Deathly Hallows: Part 1,"Harry, Ron and Hermione walk away from their last year at Hogwarts to find and destroy the remaining Horcruxes, putting an end to Voldemort's bid for immortality. But with Harry's beloved Dumbledore dead and Voldemort's unscrupulous Death Eaters on the loose, the world is more dangerous than ever.",21.4935,2010-11-17,Harry Potter and the Deathly Hallows: Part 1,7.735,20258,"['Adventure', 'Fantasy']"
False,385687,en,Fast X,"Over many missions and against impossible odds, Dom Toretto and his family have outsmarted, out-nerved and outdriven every foe in their path. Now, they confront the most lethal opponent they've ever faced: A terrifying threat emerging from the shadows of the past who's fueled by blood revenge, and who is determined to shatter this family and destroy everything—and everyone—that Dom loves, forever.",20.3749,2023-05-17,Fast X,7.0,6260,"['Action', 'Crime', 'Thriller']"
False,85,en,Raiders of the Lost Ark,"When Dr. Indiana Jones – the tweed-suited professor who just happens to be a celebrated archaeologist – is hired by the government to locate the legendary Ark of the Covenant, he finds himself up against the entire Nazi regime.",20.4394,1981-06-12,Raiders of the Lost Ark,7.923,13540,"['Adventure', 'Action']"
False,4232,en,Scream,"A year after the murder of her mother, a teenage girl is terrorized by a masked killer who targets her and her friends by using scary movies as part of a deadly game.",18.336,1996-12-20,Scream,7.429,7859,"['Crime', 'Horror', 'Mystery']"
False,1223601,fi,Sisu 2,"Returning to the house where his family was brutally murdered during the war, ""the man who refuses to die"" dismantles it, loads it on a truck, and is determined to rebuild it somewhere safe in their honor. When the commander who killed his family comes back hellbent on finishing the job, a relentless, eye-popping cross-country chase ensues.",19.3319,2025-10-21,Sisu: Road to Revenge,7.346,670,"['Action', 'War']"
False,228150,en,Fury,"April, 1945. As the Allies make their final push in the European Theatre, a battle-hardened army sergeant named Wardaddy commands a Sherman tank and her five-man crew on a deadly mission behind enemy lines. Outnumbered and outgunned, and with a rookie soldier thrust into their platoon, Wardaddy and his men face overwhelming odds in their heroic attempts to strike at the heart of Nazi Germany.",21.1956,2014-10-15,Fury,7.543,12844,"['War', 'Drama', 'Action']"
False,293660,en,Deadpool,"The origin story of former Special Forces operative turned mercenary Wade Wilson, who, after being subjected to a rogue experiment that leaves him with accelerated healing powers, adopts the alter ego Deadpool. Armed with his new abilities and a dark, twisted sense of humor, Deadpool hunts down the man who nearly destroyed his life.",18.6259,2016-02-09,Deadpool,7.623,32577,"['Action', 'Adventure', 'Comedy']"
False,1035259,en,The Naked Gun,"Only one man has the particular set of skills... to lead Police Squad and save the world: Lt. Frank Drebin Jr. Following in his father's footsteps, he must solve a murder case to prevent Police Squad from closure.",20.0648,2025-07-30,The Naked Gun,6.359,1622,"['Action', 'Comedy', 'Crime']"
False,359410,en,Road House,"Ex-UFC fighter Dalton takes a job as a bouncer at a Florida Keys roadhouse, only to discover that this paradise is not all it seems.",19.4392,2024-03-08,Road House,6.924,2951,"['Action', 'Thriller', 'Drama']"
False,1363123,en,The Family Plan 2,"Now that Dan's assassin days are behind him, all he wants for Christmas is quality time with his kids. But when he learns his daughter has her own plans, he books a family trip to London—putting them all in the crosshairs of an unexpected enemy.",19.7078,2025-11-11,The Family Plan 2,6.5,543,"['Action', 'Comedy']"
False,1321179,ko,왕과 사는 남자,"In a remote mountain village of 15th-century Joseon, humble headman Heung-do hears a rumor that any village hosting an exiled nobleman will be blessed with abundance and fortune. Hoping to bring prosperity to his impoverished community, he eagerly submits a petition to host one—unaware that his guest is none other than the fallen monarch, deposed boy-king Danjong.",17.6552,2026-02-04,The King's Warden,6.9,10,"['History', 'Drama']"
False,1321179,ko,왕과 사는 남자,"In a remote mountain village of 15th-century Joseon, humble headman Heung-do hears a rumor that any village hosting an exiled nobleman will be blessed with abundance and fortune. Hoping to bring prosperity to his impoverished community, he eagerly submits a petition to host one—unaware that his guest is none other than the fallen monarch, deposed boy-king Danjong.",17.6552,2026-02-04,The King's Warden,6.9,10,"['History', 'Drama']"
False,1315303,en,Primate,"Lucy, a college student, along with her friends, spend their vacation at her family's home in Hawaii, which includes her pet chimpanzee, Ben. However, when Ben contracts rabies after being bitten by a rabid animal, the group must fight for their lives in order to avoid the now-violent chimp.",27.986,2026-01-01,Primate,6.465,568,"['Horror', 'Thriller']"
False,766507,en,Prey,"When danger threatens her camp, the fierce and highly skilled Comanche warrior Naru sets out to protect her people. But the prey she stalks turns out to be a highly evolved alien predator with a technically advanced arsenal.",20.7926,2022-08-02,Prey,7.661,7625,"['Thriller', 'Action', 'Science Fiction']"
False,292238,cn,人皮高跟鞋,"Someone has been skinning dead bodies and using their hide to make shoes. All of a sudden, a shoe factory whose business has been on the low side for some time improves tremendously.",14.1186,1996-01-06,Horrible High Heels,4.2,12,['Horror']
False,734286,ja,ミルク　滴る女,"A woman, born in a cowshed, grows up working a dairy farm.  Suffering under the gaze of her male coworkers,  she longs for the attention of the newspaper delivery boy.",19.3095,2010-11-19,MiLK,7.8,2,['Drama']
False,280,en,Terminator 2: Judgment Day,"Ten years after the events of the original, a reprogrammed T-800 is sent back in time to protect young John Connor from the shape-shifting T-1000. Together with his mother Sarah, he fights to stop Skynet from triggering a nuclear apocalypse.",19.4318,1991-07-03,Terminator 2: Judgment Day,8.144,14142,"['Action', 'Thriller', 'Science Fiction']"
False,198663,en,The Maze Runner,"A teenager with no memory of his past finds himself among a group of boys living in a walled enclosure surrounded by a massive, ever-changing maze. As he struggles to adapt to their rules and society, he begins to uncover clues that may lead to escape and the truth behind their confinement.",18.1415,2014-09-10,The Maze Runner,7.189,18001,"['Action', 'Mystery', 'Science Fiction', 'Thriller']"
False,1266990,tl,Kulong,"Three friends retreat to a resort to collaborate on a daring screenplay for a contest. Faced with the challenge of writing about passion despite their own dry spells, their journey soon blurs the line between imagination and experience.",17.2003,2024-05-24,Kulong,6.324,17,['Drama']
False,1197306,en,A Working Man,"Levon Cade left behind a decorated military career in the black ops to live a simple life working construction. But when his boss's daughter, who is like family to him, is taken by human traffickers, his search to bring her home uncovers a world of corruption far greater than he ever could have imagined.",24.6489,2025-03-26,A Working Man,6.685,1849,"['Action', 'Crime', 'Thriller']"
False,1495,en,Kingdom of Heaven,"After his wife dies, a blacksmith named Balian is thrust into royalty, political intrigue and bloody holy wars during the Crusades.",19.152,2005-05-03,Kingdom of Heaven,7.021,4869,"['Drama', 'Action', 'Adventure', 'History', 'War']"
False,12,en,Finding Nemo,"Nemo, an adventurous young clownfish, is unexpectedly taken from his Great Barrier Reef home to a dentist's office aquarium. It's up to his worrisome father Marlin and a friendly but forgetful fish Dory to bring Nemo home -- meeting vegetarian sharks, surfer dude turtles, hypnotic jellyfish, hungry seagulls, and more along the way.",19.5463,2003-05-30,Finding Nemo,7.817,20435,"['Animation', 'Family', 'Adventure']"
False,573435,en,Bad Boys: Ride or Die,"After their late former Captain is framed, Lowrey and Burnett try to clear his name, only to end up on the run themselves.",19.5229,2024-06-05,Bad Boys: Ride or Die,7.328,3283,"['Action', 'Comedy', 'Crime']"
False,1284120,no,Den stygge stesøsteren,"In a fairy-tale kingdom where beauty is a brutal business, Elvira battles to compete with her incredibly beautiful stepsister, and she will go to any length to catch the prince’s eye.",19.4958,2025-03-07,The Ugly Stepsister,7.307,1100,"['Horror', 'Comedy', 'Drama']"
False,14161,en,2012,"Dr. Adrian Helmsley, part of a worldwide geophysical team investigating the effect on the earth of radiation from unprecedented solar storms, learns that the earth's core is heating up. He warns U.S. President Thomas Wilson that the crust of the earth is becoming unstable and that without proper preparations for saving a fraction of the world's population, the entire race is doomed. Meanwhile, writer Jackson Curtis stumbles on the same information. While the world's leaders race to build ""arks"" to escape the impending cataclysm, Curtis struggles to find a way to save his family. Meanwhile, volcanic eruptions and earthquakes of unprecedented strength wreak havoc around the world.",17.4985,2009-10-10,2012,5.9,12660,"['Action', 'Adventure', 'Science Fiction']"
False,1242501,en,Icefall,"A young Indigenous game warden arrests an infamous poacher only to discover that the poacher knows the location of a plane carrying millions of dollars that has crashed in a frozen lake. When a group of criminals and dirty cops are alerted to the poacher’s whereabouts, the warden and the poacher team up to fight back and escape across the treacherous lake before the ice melts.",17.4738,2025-10-16,Icefall,6.4,150,"['Action', 'Crime', 'Thriller']"
False,823219,lv,Straume,"A solitary cat, displaced by a great flood, finds refuge on a boat with various species and must navigate the challenges of adapting to a transformed world together.",16.3215,2024-08-29,Flow,8.089,2748,"['Animation', 'Adventure', 'Fantasy', 'Family']"
False,949,en,Heat,Obsessive master thief Neil McCauley leads a top-notch crew on various daring heists throughout Los Angeles while determined detective Vincent Hanna pursues him without rest. Each man recognizes and respects the ability and the dedication of the other even though they are aware their cat-and-mouse game may end in violence.,19.308,1995-12-15,Heat,7.931,8242,"['Crime', 'Drama', 'Action']"
False,138843,en,The Conjuring,"Paranormal investigators Ed and Lorraine Warren work to help a family terrorized by a dark presence in their farmhouse. Forced to confront a powerful entity, the Warrens find themselves caught in the most terrifying case of their lives.",19.5487,2013-07-18,The Conjuring,7.536,12622,"['Horror', 'Thriller']"
False,1317149,en,I Swear,"Diagnosed with Tourette Syndrome at 15, John Davidson navigates his way against the odds through troubled teenage years and into adulthood, finding inspiration in the kindness of others to discover his true purpose in life.",18.5279,2025-09-22,I Swear,8.319,218,"['Drama', 'History']"
False,453395,en,Doctor Strange in the Multiverse of Madness,"Doctor Strange, with the help of mystical allies both old and new, traverses the mind-bending and dangerous alternate realities of the Multiverse to confront a mysterious new adversary.",19.1796,2022-05-04,Doctor Strange in the Multiverse of Madness,7.225,10212,"['Fantasy', 'Action', 'Adventure']"
False,2062,en,Ratatouille,"Remy, a rat living in Paris, possesses a palate far more refined than that of his fellow comrades. He dreams of becoming a chef, determined to create culinary masterpieces rather than scavenge for scraps. When fate deposits him in the sewers beneath one of Paris’s most famous restaurants, he finds himself ideally placed to fulfill his dream. Forming an unusual alliance with a bumbling young kitchen worker, Remy begins a daring culinary double life. Together, they must outwit the scheming Head Chef Skinner, evade Remy’s disapproving colony, and impress renowned food critic Anton Ego, who strikes fear in the hearts of chefs all throughout France.",19.0488,2007-06-28,Ratatouille,7.839,18356,"['Animation', 'Comedy', 'Family', 'Fantasy']"
False,1007734,en,Nobody 2,"Former assassin Hutch Mansell takes his family on a nostalgic vacation to a small-town theme park, only to be pulled back into violence when they clash with a corrupt operator, a crooked sheriff, and a ruthless crime boss.",18.3892,2025-08-13,Nobody 2,6.948,1444,"['Action', 'Thriller']"
False,285,en,Pirates of the Caribbean: At World's End,"After losing Captain Jack Sparrow to the locker of Davy Jones, Will Turner, Elizabeth Swann, and Captain Barbossa journey to the ends of the earth to rescue him. And as the East India Trading Company tightens its grip on the seas under Lord Cutler Beckett—now in control of Davy Jones—the fate of piracy hangs by a thread. Now, they must unite the pirate lords for one final stand. But as loyalties are tested and alliances shift, each must ultimately choose where they stand in the battle for freedom on the high seas.",17.1393,2007-05-19,Pirates of the Caribbean: At World's End,7.3,15353,"['Adventure', 'Fantasy', 'Action']"
False,9769,en,Lolita,"Humbert Humbert is a middle-aged British novelist who is both appalled by and attracted to the vulgarity of American culture. When he comes to stay at the boarding house run by Charlotte Haze, he soon becomes obsessed with Lolita, the woman's teenaged daughter.",17.7404,1997-09-27,Lolita,7.107,1950,"['Drama', 'Romance']"
False,7131,en,Van Helsing,Famed monster slayer Gabriel Van Helsing is dispatched to Transylvania to assist the last of the Valerious bloodline in defeating Count Dracula. Anna Valerious reveals that Dracula has formed an unholy alliance with Dr. Frankenstein's monster and is hell-bent on exacting a centuries-old curse on her family.,26.2899,2004-05-03,Van Helsing,6.398,6563,"['Horror', 'Adventure', 'Action']"
False,967941,en,Wicked: For Good,"As an angry mob rises against the Wicked Witch, Glinda and Elphaba will need to come together one final time. With their singular friendship now the fulcrum of their futures, they will need to truly see each other, with honesty and empathy, if they are to change themselves, and all of Oz, for good.",18.7248,2025-11-19,Wicked: For Good,6.6,934,"['Fantasy', 'Adventure', 'Romance']"
False,16869,en,Inglourious Basterds,"In Nazi-occupied France during World War II, a group of Jewish-American soldiers known as ""The Basterds"" are chosen specifically to spread fear throughout the Third Reich by scalping and brutally killing Nazis. The Basterds, lead by Lt. Aldo Raine soon cross paths with a French-Jewish teenage girl who runs a movie theater in Paris which is targeted by the soldiers.",18.8095,2009-08-02,Inglourious Basterds,8.217,24013,"['Drama', 'Thriller', 'War']"
False,1137861,ta,மாலை நேர மல்லிப்பூ,The movie is about how the global pandemic forces a prostitute to change her medium of work onto a digital platform and how her relationship with her son is affected,16.2091,2023-06-09,Maalai Nera Malipoo,6.5,2,['Drama']
False,67395,en,L.E.T.H.A.L. Ladies: Return to Savage Beach,A stolen computer disk contains the location of a hidden tresaure trove. It's up to the sexy ladies of LETHAL (Legion to Ensure Total Harmony and Law) to find the treasure before the bad guys do.,15.3586,1998-01-27,L.E.T.H.A.L. Ladies: Return to Savage Beach,6.0,225,"['Action', 'Thriller']"
False,1327862,en,Regretting You,"Morgan Grant and her daughter Clara explore what's left behind after a devastating accident reveals a shocking betrayal and forces them to confront family secrets, redefine love, and rediscover each other.",19.3109,2025-10-22,Regretting You,6.968,362,"['Romance', 'Drama']"
False,539972,en,Kraven the Hunter,"Kraven Kravinoff's complex relationship with his ruthless gangster father, Nikolai, starts him down a path of vengeance with brutal consequences, motivating him to become not only the greatest hunter in the world, but also one of its most feared.",18.6594,2024-12-11,Kraven the Hunter,6.432,2287,"['Action', 'Adventure', 'Thriller']"
False,4247,en,Scary Movie,"A familiar-looking group of teenagers find themselves being stalked by a more-than-vaguely recognizable masked killer! As the victims begin to pile up and the laughs pile on, none of your favorite scary movies escape the razor-sharp satire of this outrageously funny parody!",16.6735,2000-07-07,Scary Movie,6.4,7678,['Comedy']
False,1620551,it,Non abbiam bisogno di parole,"A teenager, the only hearing member of a deaf family, finds her voice and learns to believe in herself through her passion for singing.",14.3274,2026-04-03,Feel My Voice,6.5,82,"['Music', 'Drama', 'Comedy']"
False,1124,en,The Prestige,"A mysterious story of two magicians whose intense rivalry leads them on a life-long battle for supremacy -- full of obsession, deceit and jealousy with dangerous and deadly consequences.",16.6089,2006-10-17,The Prestige,8.2,17446,"['Drama', 'Mystery', 'Science Fiction']"
False,1631917,tl,18th Rose,"A spirited teen dreaming of the perfect debut makes a deal with a lonely newcomer, but unexpected feelings and revelations may shatter their plans.",18.6696,2026-04-09,18th Rose,6.0,10,"['Drama', 'Romance']"
False,10867,it,Malèna,"12-year-old Renato experiences three significant events on the same day: the beginning of the Second World War, getting a bike, and witnessing the arrival of the gorgeous Malèna. Through his eyes, we see the curse of beauty and loneliness of Malena, whose husband is presumed dead, and, through his soul, we see his love for her.",21.2228,2000-10-27,Malena,7.428,2473,['Drama']
False,1480382,ar,صوت هند رجب,"January 29, 2024. Red Crescent volunteers receive an emergency call. A five-year old girl is trapped in a car under fire in Gaza, pleading for rescue. While trying to keep her on the line, they do everything they can to get an ambulance to her. Her name was Hind Rajab.",17.8577,2025-09-10,The Voice of Hind Rajab,8.042,262,['Drama']
False,1020969,no,Teddybjørnens Jul,"While visiting a Christmas market in her Norwegian town, eight year old Mariann spots a talking teddy bear at a carnival game booth. However, when someone else wins it, she embarks on a quest to find the adorable bear that captured her heart.",15.9196,2022-11-05,Teddy's Christmas,6.969,50,"['Family', 'Adventure', 'Fantasy']"
False,329865,en,Arrival,"Taking place after alien crafts land around the world, an expert linguist is recruited by the military to determine whether they come in peace or are a threat.",22.6546,2016-11-10,Arrival,7.625,19195,"['Drama', 'Science Fiction', 'Mystery']"
False,210577,en,Gone Girl,"With his wife's disappearance having become the focus of an intense media circus, a man sees the spotlight turned on him when it's suspected that he may not be innocent.",22.9686,2014-10-01,Gone Girl,7.889,19832,"['Mystery', 'Thriller', 'Drama']"
False,1865,en,Pirates of the Caribbean: On Stranger Tides,"When Jack crosses paths with a woman from his past, he's not sure if it's love...or if she's a ruthless con artist using him to find the fabled Fountain of Youth.",16.4911,2011-05-15,Pirates of the Caribbean: On Stranger Tides,6.6,14861,"['Adventure', 'Action', 'Fantasy']"
False,201811,it,Mutande Pazze,"Alessia, a TV showgirl, tries to win the favor of an official. Amalia, a morning show host, satisfies the masochistic director in order to go to prime time. Stefania ""works hard"" to act in a risqué film by a famous director, but the part is stolen from her by her friend Beatrice, apparently only devoted to her studies.",16.2866,1992-02-04,Crazy Underwear,3.1,14,['Comedy']
False,38757,en,Tangled,"Feisty teenager Rapunzel, who has long and magical hair, wants to go and see sky lanterns on her eighteenth birthday, but she's bound to a tower by her overprotective mother. She strikes a deal with Flynn Rider, a charming wanted thief, and the duo set off on an action-packed escapade.",18.4449,2010-11-24,Tangled,7.61,12303,"['Animation', 'Family', 'Adventure']"
False,1291595,en,Insidious: Out of the Further,"A trio of stalkers infiltrate a quiet suburb and force a new family into the astral plane, where they uncover a terrifying truth: the Further is bleeding into the real world.",15.6386,2026-08-19,Insidious: Out of the Further,0.0,0,"['Horror', 'Thriller']"
False,646385,en,Scream,"Twenty-five years after a streak of brutal murders shocked the quiet town of Woodsboro, a new killer has donned the Ghostface mask and begins targeting a group of teenagers to resurrect secrets from the town’s deadly past.",19.2275,2022-01-12,Scream,6.687,3823,"['Horror', 'Mystery']"
False,1097549,en,Babygirl,A high-powered CEO puts her career and family on the line when she begins a torrid affair with her much younger intern.,18.3332,2024-12-25,Babygirl,5.692,1169,"['Romance', 'Thriller']"
False,286687,ko,화려한 외출,"Korea's most popular song writer Hee-soo runs into a nineteen-year-old boy in the elevator. Hee-soo is inspired by a new song watching him shake at her figure. She starts to tell him about women under the excuse that she's teaching him music. They fall for each other but things get complicated when her life teacher, Joon-ho who taught her about life and music comes back.",19.6635,2013-12-05,Love Lesson,6.8,42,"['Romance', 'Drama', 'Comedy']"
False,1630433,th,เส้นตาย สายลวง,"Three women fall prey to a ruthless phone scam. To settle the score, they'll take on the criminal network that stole their money — and their dignity.",16.0352,2026-03-22,The Red Line,6.898,50,"['Thriller', 'Crime', 'Drama']"
False,447365,en,Guardians of the Galaxy Vol. 3,"Peter Quill, still reeling from the loss of Gamora, must rally his team around him to defend the universe along with protecting one of their own. A mission that, if not completed successfully, could quite possibly lead to the end of the Guardians as we know them.",17.7192,2023-05-03,Guardians of the Galaxy Vol. 3,7.924,8184,"['Science Fiction', 'Adventure', 'Action']"
False,73861,sr,Srpski film,"Retired porn star Milos leads a normal family life trying to make ends meet. Presented with the opportunity of a lifetime to financially support his family for the rest of their lives, Milos must participate in one last mysterious film. From then on, Milos is drawn into a maelstrom of unbelievable cruelty and mayhem.",15.8622,2010-01-06,A Serbian Film,5.4,2193,"['Crime', 'Horror', 'Thriller']"
False,786892,en,Furiosa: A Mad Max Saga,"As the world falls, young Furiosa is snatched from the Green Place of Many Mothers into the hands of a great biker horde led by the warlord Dementus. Sweeping through the wasteland, they encounter the citadel presided over by Immortan Joe. The two tyrants wage war for dominance, and Furiosa must survive many trials as she puts together the means to find her way home.",17.6796,2024-05-22,Furiosa: A Mad Max Saga,7.451,4780,"['Action', 'Science Fiction', 'Adventure']"
False,926393,en,The Equalizer 3,"Robert McCall finds himself at home in Southern Italy but he discovers his friends are under the control of local crime bosses. As events turn deadly, McCall knows what he has to do: become his friends' protector by taking on the mafia.",18.3861,2023-08-30,The Equalizer 3,7.291,3651,"['Action', 'Thriller', 'Crime']"
False,866398,en,The Beekeeper,One man's campaign for vengeance takes on national stakes after he is revealed to be a former operative of a powerful and clandestine organization known as Beekeepers.,18.139,2024-01-08,The Beekeeper,7.241,4122,"['Action', 'Crime', 'Thriller']"
False,695721,en,The Hunger Games: The Ballad of Songbirds & Snakes,"64 years before he becomes the tyrannical president of Panem, Coriolanus Snow sees a chance for a change in fortunes when he mentors Lucy Gray Baird, the female tribute from District 12.",15.9678,2023-11-15,The Hunger Games: The Ballad of Songbirds & Snakes,7.0,3459,"['Science Fiction', 'Action']"
False,986056,en,Thunderbolts*,"After finding themselves ensnared in a death trap, seven disillusioned castoffs must embark on a dangerous mission that will force them to confront the darkest corners of their pasts.",17.0381,2025-04-30,Thunderbolts*,7.293,3391,"['Action', 'Science Fiction', 'Adventure']"
False,1231914,ko,여직원들 : 직장 연애사 3,"Yoo-ra succeeded in finding a job after a difficult time. Despite her stunning beauty, her family's financial situation is difficult. Her male assistant manager knows of her difficult situation, so he asks for her body with money as bait. On the other hand, Hye-seon, the female manager of the same company, seduces the handsome new employee, Min-soo. Employees enjoy the world of animals in the workplace without knowing each other.",16.698,2023-11-25,Female Workers: Romance at Work 3,4.0,1,['Romance']
False,1396,ru,Зеркало,"A dying man in his forties recalls his childhood, his mother, the war and personal moments that tell of and juxtapose pivotal moments in Soviet history with daily life.",15.2633,1975-03-07,Mirror,7.954,1082,"['Drama', 'History']"
False,414906,en,The Batman,"In his second year of fighting crime, Batman uncovers corruption in Gotham City that connects to his own family while facing a serial killer known as the Riddler.",22.0246,2022-03-01,The Batman,7.7,11791,"['Crime', 'Mystery', 'Thriller']"
False,49051,en,The Hobbit: An Unexpected Journey,"Bilbo Baggins, a hobbit enjoying his quiet life, is swept into an epic quest by Gandalf the Grey and thirteen dwarves who seek to reclaim their mountain home from Smaug, the dragon.",18.1548,2012-12-12,The Hobbit: An Unexpected Journey,7.37,19515,"['Adventure', 'Fantasy', 'Action']"
False,348,en,Alien,"During its return to the earth, commercial spaceship Nostromo intercepts a distress signal from a distant planet. When a three-member team of the crew discovers a chamber containing thousands of eggs on the planet, a creature inside one of the eggs attacks an explorer. The entire crew is unaware of the impending nightmare set to descend upon them when the alien parasite planted inside its unfortunate host is birthed.",31.5309,1979-05-25,Alien,8.2,16222,"['Horror', 'Science Fiction']"
False,5879,ja,愛のコリーダ,"A passionate telling of the story of Sada Abe, a woman whose affair with her master led to an obsessive and ultimately destructive sexual relationship.",17.0274,1976-09-15,In the Realm of the Senses,6.6,720,"['Drama', 'Romance']"
False,1228710,en,Star Wars: The Mandalorian and Grogu,"The evil Empire has fallen, and Imperial warlords remain scattered throughout the galaxy. As the fledgling New Republic works to protect everything the Rebellion fought for, they have enlisted the help of legendary Mandalorian bounty hunter Din Djarin and his young apprentice Grogu.",15.9326,2026-05-20,Star Wars: The Mandalorian and Grogu,0.0,0,"['Action', 'Adventure', 'Science Fiction']"
False,62,en,2001: A Space Odyssey,"Humanity finds a mysterious object buried beneath the lunar surface and sets off to find its origins with the help of HAL 9000, the world's most advanced super computer.",17.4524,1968-04-02,2001: A Space Odyssey,8.054,12490,"['Science Fiction', 'Mystery', 'Adventure']"
False,8392,ja,となりのトトロ,"Two sisters move to the country with their father in order to be closer to their hospitalized mother, and discover the surrounding trees are inhabited by Totoros, magical spirits of the forest. When the youngest runs away from home, the older sister seeks help from the spirits to find her.",14.7405,1988-04-16,My Neighbor Totoro,8.062,8741,"['Fantasy', 'Animation', 'Family']"
False,1198984,en,We Bury the Dead,"After a catastrophic military disaster, the dead don't just rise - they hunt. Ava searches for her missing husband, but what she finds is far more terrifying.",17.6706,2026-01-01,We Bury the Dead,6.054,166,"['Horror', 'Thriller']"
False,696506,en,Mickey 17,"Unlikely hero Mickey Barnes finds himself in the extraordinary circumstance of working for an employer who demands the ultimate commitment to the job… to die, for a living.",15.879,2025-02-28,Mickey 17,6.83,3438,"['Science Fiction', 'Comedy', 'Adventure']"
False,744,en,Top Gun,"For Lieutenant Pete 'Maverick' Mitchell and his friend and co-pilot Nick 'Goose' Bradshaw, being accepted into an elite training school for fighter pilots is a dream come true. But a tragedy, as well as personal demons, will threaten Pete's dreams of becoming an ace pilot.",17.4832,1986-05-16,Top Gun,7.06,9454,"['Action', 'Drama', 'Romance']"
False,140607,en,Star Wars: The Force Awakens,"Thirty years after defeating the Galactic Empire, Han Solo and his allies face a new threat from the evil Kylo Ren and his army of Stormtroopers.",18.0799,2015-12-15,Star Wars: The Force Awakens,7.25,20434,"['Adventure', 'Action', 'Science Fiction']"
False,823464,en,Godzilla x Kong: The New Empire,"Following their explosive showdown, Godzilla and Kong must reunite against a colossal undiscovered threat hidden within our world, challenging their very existence – and our own.",18.5124,2024-03-27,Godzilla x Kong: The New Empire,7.047,4592,"['Action', 'Adventure', 'Science Fiction']"
False,637649,en,Wrath of Man,"A cold and mysterious new security guard for a Los Angeles cash truck company surprises his co-workers when he unleashes precision skills during a heist. The crew is left wondering who he is and where he came from. Soon, the marksman's ultimate motive becomes clear as he takes dramatic and irrevocable steps to settle a score.",18.6048,2021-04-22,Wrath of Man,7.58,6023,"['Thriller', 'Crime', 'Drama']"
False,2105,en,American Pie,"At a high-school party, four friends find that losing their collective virginity isn't as easy as they had thought. But they still believe that they need to do so before college. To motivate themselves, they enter a pact to all ""score"" by their senior prom.",18.3416,1999-07-09,American Pie,6.604,8234,"['Comedy', 'Romance']"
False,1317672,en,Love Me Love Me,"After her brother's death, June moves to Milan for a fresh start, finding comfort in Will, the perfect honor student at her new international school. But when his troubled best friend James—hiding a dangerous life in clandestine MMA fights—sparks a rivalry that quickly turns into irresistible attraction, June must choose between safety and a love that upends everything she thought she wanted.",16.4605,2026-02-12,Love Me Love Me,5.719,219,"['Romance', 'Drama']"
False,985939,en,Fall,"For best friends Becky and Hunter, life is all about conquering fears and pushing limits. But after they climb 2,000 feet to the top of a remote, abandoned radio tower, they find themselves stranded with no way down. Now Becky and Hunter's expert climbing skills will be put to the ultimate test as they desperately fight to survive the elements, a lack of supplies, and vertigo-inducing heights.",19.2759,2022-08-11,Fall,7.106,4462,['Thriller']
False,1245347,en,Twinless,"Two men who lost their respective twin brothers develop a growing friendship after meeting in a support group. However, both harbor long-hidden secrets that threaten to tear them apart.",16.2456,2025-09-04,Twinless,7.242,122,"['Comedy', 'Drama']"
False,425,en,Ice Age,"Manny the mammoth, Sid the loquacious sloth, and Diego the sabre-toothed tiger go on a comical quest to return a human baby back to his father, across a world on the brink of an ice age.",17.1986,2002-03-14,Ice Age,7.37,14193,"['Animation', 'Comedy', 'Family', 'Adventure']"
False,246,ja,座頭市,"Blind traveler Zatoichi is a master swordsman and a masseur with a fondness for gambling on dice games. When he arrives in a village torn apart by warring gangs, he sets out to protect the townspeople.",13.9617,2003-09-06,Zatoichi,7.242,951,"['Adventure', 'Drama', 'Action']"
False,62177,en,Brave,"In the mystical Scottish Highlands, Merida is the princess of a kingdom ruled by King Fergus and Queen Elinor. An unruly daughter and an accomplished archer, Merida one day defies a sacred custom of the land and inadvertently brings turmoil to the kingdom. In an attempt to set things right, Merida seeks out an eccentric old Wise Woman and is granted an ill-fated wish. Also figuring into Merida's quest — and serving as comic relief — are the kingdom's three lords: the enormous Lord MacGuffin, the surly Lord Macintosh, and the disagreeable Lord Dingwall.",14.2555,2012-06-21,Brave,7.022,14086,"['Animation', 'Family', 'Fantasy', 'Adventure']"
False,1403735,te,లైలా,"Sonu Model, a renowned beautician from the old city, is forced to disguise himself as Laila, leading to a series of comedic, romantic, and action-packed events. Chaos ensues in this hilarious laugh riot",15.0341,2025-02-14,Laila,4.6,7,"['Comedy', 'Romance']"
False,1439112,en,Muzzle: City of Wolves,"LAPD officer Jake Rosser endeavors to lead a peaceful life with his family and retired K-9 officer, Socks. However, tranquility dissolves into chaos when a gang targets them in a brutal attack. Alongside his new K-9 partner Argos, Jake launches into a relentless pursuit of justice, determined to protect his loved ones.",17.6368,2025-11-13,Muzzle: City of Wolves,6.681,127,"['Action', 'Thriller', 'Mystery']"
False,9502,en,Kung Fu Panda,"Chosen by prophecy but doubted by all, Po is an unlikely Dragon Warrior—a clumsy panda thrust into the world of kung fu as a deadly enemy threatens the Valley of Peace. Under reluctant guidance by Master Shifu and the Furious Five, Po must embrace who he is to unlock the power that no scroll can teach.",17.2906,2008-06-04,Kung Fu Panda,7.318,12536,"['Animation', 'Family', 'Drama', 'Comedy', 'Action']"
False,673,en,Harry Potter and the Prisoner of Azkaban,"Year three at Hogwarts means new fun and challenges as Harry learns the delicate art of approaching a Hippogriff, transforming shape-shifting Boggarts into hilarity and even turning back time. But the term also brings danger: soul-sucking Dementors hover over the school, an ally of the accursed He-Who-Cannot-Be-Named lurks within the castle walls, and fearsome wizard Sirius Black escapes Azkaban. And Harry will confront them all.",22.8558,2004-05-31,Harry Potter and the Prisoner of Azkaban,8.008,23014,"['Adventure', 'Fantasy']"
False,1220564,pt,O Agente Secreto,"Brazil, 1977. Marcelo, a technology expert in his early 40s, is on the run. Hoping to reunite with his son, he travels to Recife during Carnival but soon realizes that the city is not the safe haven he was expecting.",13.721,2025-07-23,The Secret Agent,7.298,610,"['Crime', 'Drama', 'Thriller']"
False,812037,fr,L'Été dernier,"One summer, a French teenager who has been living with his mother in the city moves in with his estranged father’s family in the countryside, where he clashes with his stepmother.",14.9624,2023-09-13,Last Summer,6.1,242,['Drama']
False,694,en,The Shining,"Jack Torrance accepts a caretaker job at the Overlook Hotel, where he, along with his wife Wendy and their son Danny, must live isolated from the rest of the world for the winter. But they aren't prepared for the madness that lurks within.",17.6572,1980-05-23,The Shining,8.205,18799,"['Horror', 'Thriller']"
False,857,en,Saving Private Ryan,"As U.S. troops storm the beaches of Normandy, three brothers lie dead on the battlefield, with a fourth trapped behind enemy lines. Ranger captain John Miller and seven men are tasked with penetrating German-held territory and bringing the boy home.",16.751,1998-07-24,Saving Private Ryan,8.224,17075,"['War', 'Drama', 'History']"
False,493125,ko,정사-두자매,Two beautiful sisters run a cabin in the mountains that is well-known to men as a place of affection. An unknown man near the cabin watches them closely.,14.6162,2017-09-21,An Affair - Two Sisters,4.7,3,"['Drama', 'Romance']"
False,447273,en,Snow White,"Following the benevolent King's disappearance, the Evil Queen dominated the once fair land with a cruel streak. Princess Snow White flees the castle when the Queen, in her jealousy over Snow White's inner beauty, tries to kill her. Deep into the dark woods, she stumbles upon seven magical dwarves and a young bandit named Jonathan. Together, they strive to survive the Queen's relentless pursuit and aspire to take back the kingdom.",15.4849,2025-03-19,Snow White,4.321,1603,"['Family', 'Fantasy']"
False,423,en,The Pianist,"The true story of pianist Władysław Szpilman's experiences in Warsaw during the Nazi occupation. When the Jews of the city find themselves forced into a ghetto, Szpilman finds work playing in a café; and when his family is deported in 1942, he stays behind, works for a while as a laborer, and eventually goes into hiding in the ruins of the war-torn city.",17.7604,2002-09-17,The Pianist,8.375,10054,"['Drama', 'War']"
False,28468,it,La chiave,"In 1940s Venice, after twenty years' marriage, retired art critic Nino Rolfe and his younger wife Teresa feel their passion waning. To help her shed her inhibitions and rekindle their relationship, the professor records his sexual fantasies in a diary.",13.9908,1983-10-19,The Key,6.0,434,"['Drama', 'Romance']"
False,1011477,en,Karate Kid: Legends,"After a family tragedy, kung fu prodigy Li Fong is uprooted from his home in Beijing and forced to move to New York City with his mother. When a new friend needs his help, Li enters a karate competition – but his skills alone aren't enough. Li's kung fu teacher Mr. Han enlists original Karate Kid Daniel LaRusso for help, and Li learns a new way to fight, merging their two styles into one for the ultimate martial arts showdown.",16.1909,2025-05-08,Karate Kid: Legends,7.0,1157,"['Action', 'Adventure', 'Drama']"
False,1066313,id,Setan Alas!,5 student. An old villa. Old well. Forbidden room. Dark secret of the past. A seemingly omnipotent evil. Survival is the key. Let the battle of wits begins...,14.899,2026-03-05,The Draft!,6.25,4,"['Science Fiction', 'Horror']"
False,18785,en,The Hangover,"When three friends finally come to after a raucous night of bachelor-party revelry, they find a baby in the closet and a tiger in the bathroom. But they can't seem to locate their best friend, Doug – who's supposed to be tying the knot. Launching a frantic search for Doug, the trio perseveres through a nasty hangover to try to make it to the church on time.",15.4007,2009-06-02,The Hangover,7.331,17981,['Comedy']
False,953,en,Madagascar,Four animal friends get a taste of the wild life when they break out of captivity at the Central Park Zoo and wash ashore on the island of Madagascar.,16.9581,2005-05-25,Madagascar,6.921,11648,"['Animation', 'Adventure', 'Comedy', 'Family']"
False,679,en,Aliens,"Ripley, the sole survivor of the Nostromo's deadly encounter with the monstrous Alien, returns to Earth after drifting through space in hypersleep for 57 years. Although her story is initially met with skepticism, she agrees to accompany a team of Colonial Marines back to LV-426.",16.2075,1986-07-18,Aliens,8.0,10743,"['Action', 'Thriller', 'Science Fiction']"
False,4348,en,Pride & Prejudice,"A story of love and life among the landed English gentry during the Georgian era. Mr. Bennet is a gentleman living in Hertfordshire with his overbearing wife and five daughters, but if he dies their house will be inherited by a distant cousin whom they have never met, so the family's future happiness and security is dependent on the daughters making good marriages.",16.939,2005-09-16,Pride & Prejudice,8.049,8701,"['Drama', 'Romance']"
False,1381027,en,Good Boy,"Tommy, a volatile 19-year-old, revels in drugs, parties and violence. After getting separated from his friends on a drunken bender, he is abducted by a shadowy figure. He wakes to find himself imprisoned in the basement of a remote Yorkshire house, inhabited by a very strange family. But what unfolds is not what he could possibly expect.",14.5531,2026-03-06,Good Boy,7.317,71,"['Thriller', 'Drama', 'Mystery']"
False,948,en,Halloween,"Fifteen years after murdering his sister on Halloween Night 1963, Michael Myers escapes from a mental hospital and returns to the small town of Haddonfield, Illinois to kill again.",16.1257,1978-10-24,Halloween,7.556,6124,"['Horror', 'Thriller']"
False,82693,en,Silver Linings Playbook,"After losing his job and wife, and spending time in an institution, a former teacher winds up living with his parents. He wants to rebuild his life and reconcile with his wife, but his father would be happy if he shared his obsession with the Philadelphia Eagles. Things get complicated when he meets Tiffany Maxwell who offers to help him reconnect with his wife if he will do something very important for her in exchange.",17.1067,2012-11-16,Silver Linings Playbook,7.15,12592,"['Drama', 'Comedy', 'Romance']"
False,1248226,en,Playdate,"When out-of-work accountant Brian joins stay-at-home dad Jeff for a playdate with their sons, he expects a laid-back afternoon. Instead, they're chased by mercenaries, and Brian—totally unprepared—must survive one absurd obstacle after another.",17.5663,2025-11-04,Playdate,6.04,571,"['Action', 'Comedy', 'Family']"
False,1359,en,American Psycho,"A wealthy New York investment banking executive hides his alternate psychopathic ego from his co-workers and friends as he escalates deeper into his illogical, gratuitous fantasies.",17.1891,2000-04-13,American Psycho,7.409,12180,"['Thriller', 'Drama', 'Crime']"
False,209112,en,Batman v Superman: Dawn of Justice,"Fearing the actions of a god-like Super Hero left unchecked, Gotham City’s own formidable, forceful vigilante takes on Metropolis’s most revered, modern-day savior, while the world wrestles with what sort of hero it really needs. And with Batman and Superman at war with one another, a new threat quickly arises, putting mankind in greater danger than it’s ever known before.",16.3321,2016-03-23,Batman v Superman: Dawn of Justice,5.993,18881,"['Action', 'Adventure', 'Fantasy']"
False,1455079,en,"You, Me & Tuscany","When a woman crashes at an empty Italian villa, posing as the owner's fiancée, she discovers an unexpected romance that could transform her life.",18.3493,2026-04-09,"You, Me & Tuscany",4.833,12,"['Romance', 'Comedy']"
False,475557,en,Joker,"During the 1980s, a failed stand-up comedian is driven insane and turns to a life of crime and chaos in Gotham City while becoming an infamous psychopathic crime figure.",20.2152,2019-10-01,Joker,8.126,27550,"['Crime', 'Thriller', 'Drama']"
False,1422,en,The Departed,"To take down South Boston's Irish Mafia, the police send in one of their own to infiltrate the underworld, not realizing the syndicate has done likewise. While an undercover cop curries favor with the mob kingpin, a career criminal rises through the police ranks. But both sides soon discover there's a mole among them.",16.1878,2006-10-04,The Departed,8.16,16071,"['Drama', 'Thriller', 'Crime']"
False,260514,en,Cars 3,"Blindsided by a new generation of blazing-fast racers, the legendary Lightning McQueen is suddenly pushed out of the sport he loves. To get back in the game, he will need the help of an eager young race technician with her own plan to win, inspiration from the late Fabulous Hudson Hornet, and a few unexpected turns.",16.1307,2017-06-15,Cars 3,6.9,6343,"['Animation', 'Family', 'Drama']"
False,619979,en,Deep Water,A well-to-do husband who allows his wife to have affairs in order to avoid a divorce becomes a prime suspect in the disappearance of her lovers.,16.5602,2022-03-17,Deep Water,5.821,1617,"['Drama', 'Mystery', 'Thriller']"
False,1734,en,The Mummy Returns,"Rick and Evelyn O’Connell, along with their 8-year-old son Alex, discover the key to the legendary Scorpion King’s might: the fabled Bracelet of Anubis. Unfortunately, a newly resurrected Imhotep has designs on the bracelet as well, and isn’t above kidnapping its new bearer, Alex, to gain control of Anubis’s otherworldly army.",18.8246,2001-05-04,The Mummy Returns,6.397,7600,"['Adventure', 'Action', 'Fantasy']"
False,150689,en,Cinderella,"When her father unexpectedly passes away, young Ella finds herself at the mercy of her cruel stepmother and her daughters. Never one to give up hope, Ella's fortunes begin to change after meeting a dashing stranger in the woods.",15.9781,2015-03-06,Cinderella,6.823,7363,"['Romance', 'Fantasy', 'Family', 'Drama']"
False,313369,en,La La Land,"Mia, an aspiring actress, serves lattes to movie stars in between auditions and Sebastian, a jazz musician, scrapes by playing cocktail party gigs in dingy bars, but as success mounts they are faced with decisions that begin to fray the fragile fabric of their love affair, and the dreams they worked so hard to maintain in each other threaten to rip them apart.",15.2924,2016-12-01,La La Land,7.898,17992,"['Comedy', 'Drama', 'Romance']"
False,24,en,Kill Bill: Vol. 1,"An assassin is shot by her ruthless employer, Bill, and other members of their assassination circle – but she lives to plot her vengeance.",17.1143,2003-10-10,Kill Bill: Vol. 1,7.972,18796,"['Action', 'Crime']"
False,284053,en,Thor: Ragnarok,"Thor is imprisoned on the other side of the universe and finds himself in a race against time to get back to Asgard to stop Ragnarok, the destruction of his home-world and the end of Asgardian civilization, at the hands of a powerful new threat, the ruthless Hela.",15.7336,2017-10-02,Thor: Ragnarok,7.581,21888,"['Action', 'Science Fiction', 'Comedy']"
False,713704,en,Evil Dead Rise,"A reunion between two estranged sisters gets cut short by the rise of flesh-possessing demons, thrusting them into a primal battle for survival as they face the most nightmarish version of family imaginable.",14.6134,2023-04-12,Evil Dead Rise,6.915,3601,"['Horror', 'Thriller']"
False,10625,en,Mean Girls,"Cady Heron is a hit with The Plastics, the A-list girl clique at her new school, until she makes the mistake of falling for Aaron Samuels, the ex-boyfriend of alpha Plastic Regina George.",17.556,2004-04-30,Mean Girls,7.224,9386,"['Drama', 'Comedy']"
False,1357633,ja,俺だけレベルアップな件 -ReAwakening-,"Over a decade after 'gates' connecting worlds appeared, awakening 'hunters' with superpowers, weakest hunter Sung Jinwoo encounters a double dungeon and accepts a mysterious quest, becoming the only one able to level up, changing his fate. A catch-up recap of the first season coupled with an exclusive sneak peek of the first two episodes of the highly anticipated second season in one momentous theatrical fan experience.",21.6243,2024-11-26,Solo Leveling -ReAwakening-,7.13,265,"['Action', 'Adventure', 'Fantasy', 'Animation']"
False,646315,ko,전설의 라이타,A man who used to be called Lighter cleans up his act from his days as a gangster and struggles to start over.,14.4937,2019-10-29,The Legendary Lighter,4.8,4,['Action']
False,646315,ko,전설의 라이타,A man who used to be called Lighter cleans up his act from his days as a gangster and struggles to start over.,14.4937,2019-10-29,The Legendary Lighter,4.8,4,['Action']
False,80785,pt,Curral de Mulheres,"Young women in the Amazon are kidnapped by a ring of devil-worshipers, who plan to sell them as sex slaves. Some of the women escape, but are pursued into the jungle by their captors. The women must band together to turn the tables on their kidnappers.",18.499,1982-01-01,Amazon Jail,4.1,24,"['Thriller', 'Adventure', 'Action']"
False,1156593,es,Culpa tuya,The love between Noah and Nick seems unwavering despite their parents' attempts to separate them. But his job and her entry into college open up their lives to new relationships that will shake the foundations of both their relationship and the Leister family itself.,20.0061,2024-12-26,Your Fault,7.088,1531,"['Drama', 'Romance']"
False,6977,en,No Country for Old Men,"Llewelyn Moss stumbles upon dead bodies, $2 million and a hoard of heroin in a Texas desert, but methodical killer Anton Chigurh comes looking for it, with local sheriff Ed Tom Bell hot on his trail. The roles of prey and predator blur as the violent pursuit of money and justice collide.",17.4728,2007-11-09,No Country for Old Men,7.951,13191,"['Crime', 'Thriller', 'Western']"
False,311,en,Once Upon a Time in America,"A former Prohibition-era Jewish gangster returns to the Lower East Side of Manhattan over thirty years later, where he once again must confront the ghosts and regrets of his old life.",16.6759,1984-05-23,Once Upon a Time in America,8.384,5981,"['Drama', 'Crime']"
False,497698,en,Black Widow,"Natasha Romanoff, also known as Black Widow, confronts the darker parts of her ledger when a dangerous conspiracy with ties to her past arises. Pursued by a force that will stop at nothing to bring her down, Natasha must deal with her history as a spy and the broken relationships left in her wake long before she became an Avenger.",14.7265,2021-07-07,Black Widow,7.2,11143,"['Action', 'Adventure', 'Science Fiction']"
False,324552,en,John Wick: Chapter 2,"John Wick is forced out of retirement by a former associate looking to seize control of a shadowy international assassins’ guild. Bound by a blood oath to aid him, Wick travels to Rome and does battle against some of the world’s most dangerous killers.",16.3074,2017-02-08,John Wick: Chapter 2,7.336,14148,"['Action', 'Thriller', 'Crime']"
False,131631,en,The Hunger Games: Mockingjay - Part 1,"After surviving the Quarter Quell, Katniss finds herself in the hidden stronghold of District 13, where the rebellion against the Capitol is gaining momentum. Struggling with the weight of becoming the symbol of resistance, she must navigate fragile alliances while trying to protect those she loves. As propaganda battles rage and Panem moves closer to full-scale war, Katniss is forced to confront the true cost of revolution.",18.1917,2014-11-19,The Hunger Games: Mockingjay - Part 1,6.816,16651,"['Science Fiction', 'Adventure', 'Thriller']"
False,78,en,Blade Runner,"In the smog-choked dystopian Los Angeles of 2019, blade runner Rick Deckard is called out of retirement to terminate a quartet of replicants who have escaped to Earth seeking their creator for a way to extend their short life spans.",15.372,1982-06-25,Blade Runner,7.939,14871,"['Science Fiction', 'Drama', 'Thriller']"
False,28,en,Apocalypse Now,"At the height of the Vietnam war, Captain Benjamin Willard is sent on a dangerous mission that, officially, ""does not exist, nor will it ever exist."" His goal is to locate - and eliminate - a mysterious Green Beret Colonel named Walter Kurtz, who has been leading his personal army on illegal guerrilla missions into enemy territory.",17.1604,1979-05-19,Apocalypse Now,8.269,9009,"['Drama', 'War']"
False,290098,ko,아가씨,"1930s Korea, in the period of Japanese occupation, a new girl, Sookee, is hired as a handmaiden to a Japanese heiress, Hideko, who lives a secluded life on a large countryside estate with her domineering Uncle Kouzuki. But the maid has a secret. She is a pickpocket recruited by a swindler posing as a Japanese Count to help him seduce the Lady to steal her fortune.",16.5977,2016-06-01,The Handmaiden,8.189,4262,"['Thriller', 'Drama', 'Romance']"
False,103,en,Taxi Driver,"Suffering from insomnia, disturbed loner Travis Bickle takes a job as a New York City cabbie, haunting the streets nightly, growing increasingly detached from reality as he dreams of cleaning up the filthy city.",16.5734,1976-02-09,Taxi Driver,8.127,13338,"['Crime', 'Drama']"
False,38365,en,Grown Ups,"After their high school basketball coach passes away, five good friends and former teammates reunite for a Fourth of July holiday weekend.",17.6201,2010-06-24,Grown Ups,6.397,6616,['Comedy']
False,170,en,28 Days Later,"Twenty-eight days after a killer virus was accidentally unleashed from a British research facility, a small group of London survivors are caught in a desperate struggle to protect themselves from the infected. Carried by animals and humans, the virus turns those it infects into homicidal maniacs -- and it's absolutely impossible to contain.",14.605,2002-10-31,28 Days Later,7.243,8387,"['Horror', 'Thriller', 'Science Fiction']"
False,628847,en,Trap House,"An undercover DEA agent and his partner embark on a game of cat and mouse with an audacious, and surprising group of thieves – their own rebellious teenagers, who have begun robbing from a dangerous cartel, using their parents' tactics and top-secret intel to do it.",15.0784,2025-11-14,Trap House,6.5,253,"['Action', 'Crime', 'Thriller']"
False,354912,en,Coco,"Despite his family’s baffling generations-old ban on music, Miguel dreams of becoming an accomplished musician like his idol, Ernesto de la Cruz. Desperate to prove his talent, Miguel finds himself in the stunning and colorful Land of the Dead following a mysterious chain of events. Along the way, he meets charming trickster Hector, and together, they set off on an extraordinary journey to unlock the real story behind Miguel's family history.",20.2656,2017-10-27,Coco,8.197,20836,"['Family', 'Animation', 'Music', 'Adventure']"
False,272,en,Batman Begins,"Driven by tragedy, billionaire Bruce Wayne dedicates his life to uncovering and defeating the corruption that plagues his home, Gotham City.  Unable to work within the system, he instead creates a new identity, a symbol of fear for the criminal underworld - The Batman.",15.9719,2005-06-10,Batman Begins,7.723,22454,"['Drama', 'Crime', 'Action']"
False,1430,en,Bowling for Columbine,"This is not a film about gun control. It is a film about the fearful heart and soul of the United States, and the 280 million Americans lucky enough to have the right to a constitutionally protected Uzi. From a look at the Columbine High School security camera tapes to the home of Oscar-winning NRA President Charlton Heston, from a young man who makes homemade napalm with The Anarchist's Cookbook to the murder of a six-year-old girl by another six-year-old. Bowling for Columbine is a journey through the US, through our past, hoping to discover why our pursuit of happiness is so riddled with violence.",15.2721,2002-10-09,Bowling for Columbine,7.511,1679,"['Documentary', 'Drama']"
False,354912,en,Coco,"Despite his family’s baffling generations-old ban on music, Miguel dreams of becoming an accomplished musician like his idol, Ernesto de la Cruz. Desperate to prove his talent, Miguel finds himself in the stunning and colorful Land of the Dead following a mysterious chain of events. Along the way, he meets charming trickster Hector, and together, they set off on an extraordinary journey to unlock the real story behind Miguel's family history.",20.2656,2017-10-27,Coco,8.197,20836,"['Family', 'Animation', 'Music', 'Adventure']"
False,272,en,Batman Begins,"Driven by tragedy, billionaire Bruce Wayne dedicates his life to uncovering and defeating the corruption that plagues his home, Gotham City.  Unable to work within the system, he instead creates a new identity, a symbol of fear for the criminal underworld - The Batman.",15.9719,2005-06-10,Batman Begins,7.723,22455,"['Drama', 'Crime', 'Action']"
False,1430,en,Bowling for Columbine,"This is not a film about gun control. It is a film about the fearful heart and soul of the United States, and the 280 million Americans lucky enough to have the right to a constitutionally protected Uzi. From a look at the Columbine High School security camera tapes to the home of Oscar-winning NRA President Charlton Heston, from a young man who makes homemade napalm with The Anarchist's Cookbook to the murder of a six-year-old girl by another six-year-old. Bowling for Columbine is a journey through the US, through our past, hoping to discover why our pursuit of happiness is so riddled with violence.",15.2721,2002-10-09,Bowling for Columbine,7.511,1679,"['Documentary', 'Drama']"
False,1084199,en,Companion,"During a weekend getaway at a secluded lakeside estate, a group of friends finds themselves entangled in a web of secrets, deception, and advanced technology. As tensions rise and loyalties are tested, they uncover unsettling truths about themselves and the world around them.",16.2506,2025-01-22,Companion,7.009,2208,"['Horror', 'Science Fiction', 'Thriller']"
False,667538,en,Transformers: Rise of the Beasts,"When a new threat capable of destroying the entire planet emerges, Optimus Prime and the Autobots must team up with a powerful faction known as the Maximals. With the fate of humanity hanging in the balance, humans Noah and Elena will do whatever it takes to help the Transformers as they engage in the ultimate battle to save Earth.",14.5871,2023-06-06,Transformers: Rise of the Beasts,7.175,5225,"['Science Fiction', 'Adventure', 'Action']"
False,843527,en,The Idea of You,"40-year-old single mom Solène begins an unexpected romance with 24-year-old Hayes Campbell, the lead singer of August Moon, the hottest boy band on the planet. As they begin a whirlwind romance, it isn't long before Hayes' superstar status poses unavoidable challenges to their relationship, and Solène soon discovers that life in the glare of his spotlight might be more than she bargained for.",16.3097,2024-05-02,The Idea of You,7.304,1904,"['Music', 'Comedy', 'Romance', 'Drama']"
False,762509,en,Mufasa: The Lion King,"Mufasa, a cub lost and alone, meets a sympathetic lion named Taka, the heir to a royal bloodline. The chance meeting sets in motion an expansive journey of a group of misfits searching for their destiny.",20.545,2024-12-18,Mufasa: The Lion King,7.308,2609,"['Adventure', 'Family', 'Animation']"
False,297762,en,Wonder Woman,An Amazon princess comes to the world of Man in the grips of the First World War to confront the forces of evil and bring an end to human conflict.,15.6207,2017-05-30,Wonder Woman,7.208,20819,"['Action', 'Adventure', 'Fantasy']"
False,1634949,en,Lorne,"An unprecedented, behind-the-scenes glimpse at the man who built the inimitable empire of comedy, shaping television and culture for generations. The documentary features exclusive footage, archival treasures, and candid interviews with the show’s most iconic cast members and writers including Tina Fey, Maya Rudolph, John Mulaney, Andy Samberg, Conan O’Brien, Chris Rock and many more.",13.2959,2026-04-17,Lorne,0.0,1,['Documentary']
False,510,en,One Flew Over the Cuckoo's Nest,"A petty criminal fakes insanity to serve his sentence in a mental ward rather than prison. He soon finds himself as a leader to the other patients—and an enemy to the cruel, domineering nurse who runs the ward.",16.748,1975-11-19,One Flew Over the Cuckoo's Nest,8.412,11358,['Drama']
False,284054,en,Black Panther,"King T'Challa returns home to the reclusive, technologically advanced African nation of Wakanda to serve as his country's new leader. However, T'Challa soon finds that he is challenged for the throne by factions within his own country as well as without. Using powers reserved to Wakandan kings, T'Challa assumes the Black Panther mantle to join with ex-girlfriend Nakia, the queen-mother, his princess-kid sister, members of the Dora Milaje (the Wakandan 'special forces') and an American secret agent, to prevent Wakanda from being dragged into a world war.",15.2595,2018-02-13,Black Panther,7.362,23365,"['Action', 'Adventure', 'Science Fiction']"
False,161,en,Ocean's Eleven,"Less than 24 hours into his parole, charismatic thief Danny Ocean is already rolling out his next plan: In one night, Danny's hand-picked crew of specialists will attempt to steal more than $150 million from three Las Vegas casinos. But to score the cash, Danny risks his chances of reconciling with ex-wife, Tess.",14.7306,2001-12-07,Ocean's Eleven,7.458,12456,"['Thriller', 'Crime']"
False,1043197,en,Dust Bunny,"Ten-year-old Aurora asks her hitman neighbor to kill the monster under her bed that she claims ate her family. To protect her, he must battle an onslaught of assassins while accepting that some monsters are real.",17.6592,2025-12-11,Dust Bunny,6.602,238,"['Fantasy', 'Action', 'Horror']"
False,1469458,ml,സംഭവം അദ്ധ്യായം ഒന്ന്,"After becoming stuck in a time loop in a haunted forest, a man works to save himself and the other trapped souls around him.",19.0845,2026-03-06,Sambhavam Adhyayam Onnu,6.5,3,"['Fantasy', 'Thriller', 'Drama']"
False,588228,en,The Tomorrow War,"The world is stunned when a group of time travelers arrive from the year 2051 to deliver an urgent message: Thirty years in the future, mankind is losing a global war against a deadly alien species. The only hope for survival is for soldiers and civilians from the present to be transported to the future and join the fight. Among those recruited is high school teacher and family man Dan Forester. Determined to save the world for his young daughter, Dan teams up with a brilliant scientist and his estranged father in a desperate quest to rewrite the fate of the planet.",15.5761,2021-09-03,The Tomorrow War,7.47,4045,"['Action', 'Science Fiction', 'Adventure']"
False,1145758,en,Birder,A birdwatcher invades a nude queer campground on a remote lake in the New Hampshire wilds. He wears whatever he needs to ensnare the locals in his dark fetish in this nightmarish erotic thriller. Consent has never been more deadly.,14.1039,2023-08-11,Birder,4.071,7,"['Thriller', 'Drama']"
False,296096,en,Me Before You,"Lou Clark, a directionless 26-year-old from the English countryside, takes a job at the local castle as a caregiver and companion to a wealthy young banker, Will Traynor. Wheelchair-bound from an accident two years prior, the once adventurous Will has all but given up — that is until Lou determines to show him that life is worth living.",16.3239,2016-06-01,Me Before You,7.916,13155,"['Drama', 'Romance']"
False,419430,en,Get Out,"Chris and his girlfriend Rose go upstate to visit her parents for the weekend. At first, Chris reads the family's overly accommodating behavior as nervous attempts to deal with their daughter's interracial relationship, but as the weekend progresses, a series of increasingly disturbing discoveries lead him to a truth that he never could have imagined.",15.2934,2017-02-24,Get Out,7.622,18757,"['Mystery', 'Thriller', 'Horror']"
False,1284460,fr,Alpha,"Alpha, a troubled 13-year-old lives with her single mom. Their world collapses the day she returns from school with a tattoo on her arm.",15.1023,2025-08-20,Alpha,6.4,106,"['Horror', 'Drama', 'Science Fiction']"
False,1406657,ja,果てしなきスカーレット,"After failing to avenge her father's murder, Princess Scarlet, wakes up in the ""Land of the Dead."" In this world filled with madness, if she does not achieve her revenge against her nemesis and reach the ""No End Place,"" she will become ""Void"" and cease to exist. Can Scarlet find a way to live at the end of her endless journey?",14.0476,2025-11-21,Scarlet,7.2,75,"['Animation', 'Action', 'Drama', 'Science Fiction']"
False,493922,en,Hereditary,"Following the death of the Leigh family matriarch, Annie and her children uncover disturbing secrets about their heritage. Their daily lives are not only impacted, but they also become entangled in a chilling fate from which they cannot escape, driving them to the brink of madness.",15.348,2018-06-07,Hereditary,7.293,8484,"['Horror', 'Mystery', 'Thriller']"
False,466272,en,Once Upon a Time... in Hollywood,"Los Angeles, 1969. TV star Rick Dalton, a struggling actor specializing in westerns, and stuntman Cliff Booth, his best friend, try to survive in a constantly changing movie industry. Dalton is the neighbor of the young and promising actress and model Sharon Tate, who has just married the prestigious Polish director Roman Polanski…",15.3391,2019-07-24,Once Upon a Time... in Hollywood,7.423,14732,"['Comedy', 'Drama', 'Thriller']"
False,1208348,en,Rental Family,"An American actor in Tokyo struggles to find purpose until he lands an unusual gig: working for a Japanese 'rental family' agency, playing stand-in roles for strangers. As he immerses himself in his clients' worlds, he begins to form genuine bonds that blur the lines between performance and reality.",12.721,2025-11-20,Rental Family,7.747,716,"['Drama', 'Comedy']"
False,405746,ja,DOOR,"Yasuko, a housewife, lives in an urban high-rise apartment with her husband Satoru and her son Takuto.  Annoyed by spam calls and door-to-door salesmen, Yasuko slams the door on a salesman’s hand when he tries to squeeze a flyer through the apartment's chained front door. He leaves, but the next day, her nightmare starts.",13.7064,1988-05-14,Door,5.9,25,"['Horror', 'Mystery', 'Thriller']"
False,767,en,Harry Potter and the Half-Blood Prince,"As Lord Voldemort tightens his grip on both the Muggle and wizarding worlds, Hogwarts is no longer a safe haven. Harry suspects perils may even lie within the castle, but Dumbledore is more intent upon preparing him for the final battle fast approaching. Together they work to find the key to unlock Voldemorts defenses and to this end, Dumbledore recruits his old friend and colleague Horace Slughorn, whom he believes holds crucial information. Even as the decisive showdown looms, romance blossoms for Harry, Ron, Hermione and their classmates. Love is in the air, but danger lies ahead and Hogwarts may never be the same again.",21.2185,2009-07-15,Harry Potter and the Half-Blood Prince,7.681,20659,"['Adventure', 'Fantasy']"
False,546554,en,Knives Out,"When renowned crime novelist Harlan Thrombey is found dead at his estate just after his 85th birthday, the inquisitive and debonair Detective Benoit Blanc is mysteriously enlisted to investigate. From Harlan's dysfunctional family to his devoted staff, Blanc sifts through a web of red herrings and self-serving lies to uncover the truth behind Harlan's untimely death.",15.4903,2019-11-27,Knives Out,7.839,13891,"['Comedy', 'Crime', 'Mystery']"
False,1294203,en,My Fault: London,"18-year-old Noah moves from America to London, with her mother who's recently fallen in love with William, a wealthy British businessman. Noah meets William’s son, bad-boy Nick, and soon discovers there is an attraction between them neither can avoid. As Noah spends the summer adjusting to her new life, her devastating past will catch up with her while falling in love for the first time.",15.9797,2025-02-12,My Fault: London,7.4,545,"['Drama', 'Romance']"
False,16859,ja,魔女の宅急便,"A young witch, on her mandatory year of independent life, finds fitting into a new community difficult while she supports herself by running an air courier service.",14.2182,1989-07-29,Kiki's Delivery Service,7.834,4526,"['Animation', 'Family', 'Fantasy']"
False,153104,en,Wicked Minds,Holden returns home from college and is surprised to find his overpowering competitive father married to a much younger woman Lana. Holden quickly falls for the beauty and charisma of his step mother. A passionate affair begins between son and stepmother.,16.2669,2003-03-01,Wicked Minds,6.333,51,"['Mystery', 'Drama', 'Romance', 'Thriller', 'TV Movie']"
False,1197137,en,Black Phone 2,"Four years after defeating The Grabber, Finney Blake is struggling with life after captivity. When his younger sister Gwen begins receiving calls in her dreams from the Black Phone and seeing disturbing visions of three boys being stalked at a winter camp, the siblings become determined to solve the mystery and confront a killer who has grown more powerful in death and more significant to them than either could imagine.",24.1847,2025-10-15,Black Phone 2,6.709,1018,"['Horror', 'Thriller']"
False,1022787,en,Elio,"Elio, a space fanatic with an active imagination, finds himself on a cosmic misadventure where he must form new bonds with eccentric alien lifeforms, navigate a crisis of intergalactic proportions and somehow discover who he is truly meant to be.",16.1089,2025-06-18,Elio,6.923,939,"['Animation', 'Family', 'Science Fiction', 'Adventure', 'Comedy']"
False,87101,en,Terminator Genisys,"The year is 2029. John Connor, leader of the resistance continues the war against the machines. At the Los Angeles offensive, John's fears of the unknown future begin to emerge when TECOM spies reveal a new plot by SkyNet that will attack him from both fronts; past and future, and will ultimately change warfare forever.",14.5573,2015-06-23,Terminator Genisys,5.952,8916,"['Science Fiction', 'Action', 'Thriller']"
False,128,ja,もののけ姫,"Ashitaka, a prince of the disappearing Emishi people, is cursed by a demonized boar god and must journey to the west to find a cure. Along the way, he encounters San, a young human woman fighting to protect the forest, and Lady Eboshi, who is trying to destroy it. Ashitaka must find a way to bring balance to this conflict.",15.5974,1997-07-12,Princess Mononoke,8.325,8905,"['Adventure', 'Fantasy', 'Animation']"
False,1209511,ta,லவ் இன்சூரன்ஸ் கம்பெனி,"In 2040, an app premised on ensuring romance for all is used widely by the population. When the voice behind the app's AI realizes its misconception to true love, he embarks on a quest to prove that love does not come from a screen.",12.8427,2026-04-10,Love Insurance Kompany,5.5,3,"['Romance', 'Science Fiction', 'Comedy']"
False,810693,ja,劇場版 呪術廻戦 0,"Yuta Okkotsu is a nervous high school student who is suffering from a serious problem—his childhood friend Rika has turned into a curse and won't leave him alone. Since Rika is no ordinary curse, his plight is noticed by Satoru Gojo, a teacher at Jujutsu High, a school where fledgling exorcists learn how to combat curses. Gojo convinces Yuta to enroll, but can he learn enough in time to confront the curse that haunts him?",14.3492,2021-12-24,Jujutsu Kaisen 0,8.111,1698,"['Animation', 'Action', 'Fantasy']"
False,68718,en,Django Unchained,"With the help of a German bounty hunter, a freed slave sets out to rescue his wife from a brutal Mississippi plantation owner.",16.7073,2012-12-25,Django Unchained,8.19,27854,"['Drama', 'Western']"
False,18240,en,The Proposal,"When she learns she's in danger of losing her visa status and being deported, overbearing book editor Margaret Tate forces her put-upon assistant, Andrew Paxton, to marry her.",18.714,2009-06-02,The Proposal,7.146,7393,"['Comedy', 'Romance', 'Drama']"
False,1375831,en,Diabolic,"A woman's hope for a miracle cure turns into a nightmare when she confronts the vengeful spirit of a cursed witch, determined to claim her as a vessel for her evil power.",14.4882,2025-11-20,Diabolic,6.279,43,['Horror']
False,22881,en,The Blind Side,"The story of Michael Oher, a homeless and traumatized boy who became an All American football player and first round NFL draft pick with the help of a caring woman and her family.",17.758,2009-11-20,The Blind Side,7.665,6786,['Drama']
False,1375831,en,Diabolic,"A woman's hope for a miracle cure turns into a nightmare when she confronts the vengeful spirit of a cursed witch, determined to claim her as a vessel for her evil power.",14.4882,2025-11-20,Diabolic,6.279,43,['Horror']
False,22881,en,The Blind Side,"The story of Michael Oher, a homeless and traumatized boy who became an All American football player and first round NFL draft pick with the help of a caring woman and her family.",17.758,2009-11-20,The Blind Side,7.665,6786,['Drama']
False,537915,en,After,"Tessa Young is a dedicated student, dutiful daughter and loyal girlfriend to her high school sweetheart. Entering her first semester of college, Tessa's guarded world opens up when she meets Hardin Scott, a mysterious and brooding rebel who makes her question all she thought she knew about herself -- and what she wants out of life.",14.9851,2019-04-11,After,7.109,8501,"['Drama', 'Romance']"
False,4248,en,Scary Movie 2,"While the original parodied slasher flicks like Scream, Keenen Ivory Wayans's sequel to Scary Movie takes comedic aim at haunted house movies. A group of students visit a mansion called ""Hell House,"" and murderous high jinks ensue.",14.234,2001-07-04,Scary Movie 2,5.8,5096,['Comedy']
False,1621,en,Trading Places,A snobbish investor and a wily street con-artist find their positions reversed as part of a bet by two callous millionaires.,18.7461,1983-06-07,Trading Places,7.231,3622,['Comedy']
False,1575337,ja,超かぐや姫！,"Iroha's life gets knocked off its orbit when Kaguya, a carefree runaway from the Moon, moves in and convinces her to perform in a virtual world together.",15.4072,2026-01-22,Cosmic Princess Kaguya!,8.514,69,"['Animation', 'Fantasy', 'Music', 'Science Fiction']"
False,298618,en,The Flash,"When his attempt to save his family inadvertently alters the future, Barry Allen becomes trapped in a reality in which General Zod has returned and there are no Super Heroes to turn to. In order to save the world that he is in and return to the future that he knows, Barry's only hope is to race for his life. But will making the ultimate sacrifice be enough to reset the universe?",14.8853,2023-06-13,The Flash,6.617,4928,"['Action', 'Science Fiction', 'Adventure']"
False,940721,ja,ゴジラ-1.0,"In postwar Japan, Godzilla brings new devastation to an already scorched landscape. With no military intervention or government help in sight, the survivors must join together in the face of despair and fight back against an unrelenting horror.",15.8877,2023-11-03,Godzilla Minus One,7.572,3088,"['Science Fiction', 'Horror', 'Action']"
False,9552,en,The Exorcist,"When a mysterious entity possesses a young girl, her mother seeks the help of two Catholic priests to save her life.",14.3764,1973-12-26,The Exorcist,7.74,8565,"['Horror', 'Drama']"
False,507086,en,Jurassic World Dominion,"Four years after Isla Nublar was destroyed, dinosaurs now live—and hunt—alongside humans all over the world. This fragile balance will reshape the future and determine, once and for all, whether human beings are to remain the apex predators on a planet they now share with history's most fearsome creatures.",15.6355,2022-06-01,Jurassic World Dominion,6.604,6980,"['Adventure', 'Action', 'Science Fiction']"
False,1064213,en,Anora,"A young sex worker from Brooklyn gets her chance at a Cinderella story when she meets and impulsively marries the son of an oligarch. Once the news reaches Russia, her fairytale is threatened as his parents set out to get the marriage annulled.",15.4805,2024-10-14,Anora,7.063,3087,"['Drama', 'Comedy', 'Romance']"
False,43347,en,Love & Other Drugs,"Maggie is an alluring free spirit who won't let anyone – or anything – tie her down. But she meets her match in Jamie, whose relentless and nearly infallible charm serves him well with the ladies and the cutthroat world of pharmaceutical sales. Maggie and Jamie's evolving relationship takes them both by surprise, as they find themselves under the influence of the ultimate drug: love.",16.5359,2010-11-22,Love & Other Drugs,7.038,5547,"['Drama', 'Comedy', 'Romance']"
False,580489,en,Venom: Let There Be Carnage,"After finding a host body in investigative reporter Eddie Brock, the alien symbiote must face a new enemy, Carnage, the alter ego of serial killer Cletus Kasady.",14.0206,2021-09-30,Venom: Let There Be Carnage,6.7,11101,"['Science Fiction', 'Action', 'Adventure']"
False,1119878,en,Ice Road: Vengeance,"Big rig ice road driver Mike McCann travels to Nepal to scatter his late brother’s ashes on Mt. Everest. While on a packed tour bus traversing the deadly 12,000 ft. terrain of the infamous Road to the Sky, McCann and his mountain guide encounter a group of mercenaries and must fight to save themselves, the busload of innocent travelers, and the local villagers’ homeland.",16.9244,2025-06-27,Ice Road: Vengeance,6.252,604,"['Action', 'Thriller', 'Drama']"
False,242582,en,Nightcrawler,"When Lou Bloom, desperate for work, muscles into the world of L.A. crime journalism, he blurs the line between observer and participant to become the star of his own story. Aiding him in his effort is Nina, a TV-news veteran.",17.405,2014-10-23,Nightcrawler,7.709,11629,"['Crime', 'Drama', 'Thriller']"
False,263115,en,Logan,"In the near future, a weary Logan cares for an ailing Professor X in a hideout on the Mexican border. But Logan's attempts to hide from the world and his legacy are upended when a young mutant arrives, pursued by dark forces.",14.461,2017-02-28,Logan,7.819,20287,"['Action', 'Drama', 'Science Fiction']"
False,346,ja,七人の侍,"A samurai answers a village's request for protection after he falls on hard times. The town needs protection from bandits, so the samurai gathers six others to help him teach the people how to defend themselves, and the villagers provide the soldiers with food.",14.0634,1954-04-26,Seven Samurai,8.452,4180,"['Action', 'Drama']"
False,822119,en,Captain America: Brave New World,"After meeting with newly elected U.S. President Thaddeus Ross, Sam finds himself in the middle of an international incident. He must discover the reason behind a nefarious global plot before the true mastermind has the entire world seeing red.",15.719,2025-02-12,Captain America: Brave New World,5.978,3023,"['Action', 'Thriller', 'Science Fiction']"
False,1522377,tr,İki Dünya Bir Dilek,"Twenty-one years after a magical meeting at a children's hospital, Bilge and Can suddenly begin hearing each other's voices telepathically. What seems like a miracle soon reveals a hidden secret, as fate-reuniting them after decades-has much more in store.",13.1859,2025-11-24,Two Worlds One Wish,7.409,44,"['Romance', 'Drama']"
False,670292,en,The Creator,"Amid a future war between the human race and the forces of artificial intelligence, a hardened ex-special forces agent grieving the disappearance of his wife, is recruited to hunt down and kill the Creator, the elusive architect of advanced AI who has developed a mysterious weapon with the power to end the war—and mankind itself.",15.2441,2023-09-27,The Creator,7.006,3763,"['Science Fiction', 'Action', 'Adventure']"
False,670292,en,The Creator,"Amid a future war between the human race and the forces of artificial intelligence, a hardened ex-special forces agent grieving the disappearance of his wife, is recruited to hunt down and kill the Creator, the elusive architect of advanced AI who has developed a mysterious weapon with the power to end the war—and mankind itself.",15.2441,2023-09-27,The Creator,7.006,3763,"['Science Fiction', 'Action', 'Adventure']"
False,1010756,en,The Strangers: Chapter 2,"After learning that one of their victims, Maya, is still alive, The Strangers return to finish the job. With nowhere to run and no one to trust, Maya soon finds herself in a brutal fight for survival against psychopaths more than willing to kill anyone who stands in their way.",16.0956,2025-09-25,The Strangers: Chapter 2,6.116,288,"['Horror', 'Thriller']"
False,1008409,en,The Bikeriders,"After a chance encounter, headstrong Kathy is drawn to Benny, member of Midwestern motorcycle club the Vandals. As the club transforms into a dangerous underworld of violence, Benny must choose between Kathy and his loyalty to the club.",14.6081,2024-06-19,The Bikeriders,6.674,1116,"['Crime', 'Drama']"
False,640,en,Catch Me If You Can,"A true story about Frank Abagnale Jr. who, before his 19th birthday, successfully conned millions of dollars worth of checks as a Pan Am pilot, doctor, and legal prosecutor. An FBI agent makes it his mission to put him behind bars. But Frank not only eludes capture, he revels in the pursuit.",16.5179,2002-12-16,Catch Me If You Can,7.977,16961,"['Drama', 'Crime']"
False,336843,en,Maze Runner: The Death Cure,"Thomas leads his group of escaped Gladers on their final and most dangerous mission yet. To save their friends, they must break into the legendary Last City, a WCKD-controlled labyrinth that may turn out to be the deadliest maze of all. Anyone who makes it out alive will get answers to the questions the Gladers have been asking since they first arrived in the maze.",13.296,2018-01-10,Maze Runner: The Death Cure,7.082,8336,"['Science Fiction', 'Action', 'Adventure', 'Thriller']"
False,1291335,en,Solo Mio,"After Matt's dreams of a picturesque Italian wedding are shattered when his fiancée leaves him at the altar, he embarks on his planned honeymoon across Italy alone, immersing himself in the country's vibrant culture, food, and beauty, meeting Gia along the way.",13.8948,2026-02-05,Solo Mio,7.1,118,"['Romance', 'Comedy']"
False,49026,en,The Dark Knight Rises,"Following the death of District Attorney Harvey Dent, Batman assumes responsibility for Dent's crimes to protect the late attorney's reputation and is subsequently hunted by the Gotham City Police Department. Eight years later, Batman encounters the mysterious Selina Kyle and the villainous Bane, a new terrorist leader who overwhelms Gotham's finest. The Dark Knight resurfaces to protect a city that has branded him an enemy.",17.0341,2012-07-17,The Dark Knight Rises,7.793,24204,"['Action', 'Crime', 'Drama', 'Thriller']"
False,603692,en,John Wick: Chapter 4,"With the price on his head ever increasing, John Wick uncovers a path to defeating The High Table. But before he can earn his freedom, Wick must face off against a new enemy with powerful alliances across the globe and forces that turn old friends into foes.",19.9218,2023-03-21,John Wick: Chapter 4,7.707,7830,"['Action', 'Thriller', 'Crime']"
False,637,it,La vita è bella,A touching story of an Italian book seller of Jewish ancestry who lives in his own little fairy tale. His creative and happy life would come to an abrupt halt when his entire family is deported to a concentration camp during World War II. While locked up he tries to convince his son that the whole thing is just a game.,13.7575,1997-12-20,Life Is Beautiful,8.439,13910,"['Comedy', 'Drama']"
False,1341137,en,A Great Awakening,One of the most defining moments in American history is the story of an unlikely friendship between the Reverend George Whitefield and Benjamin Franklin.,13.211,2026-04-03,A Great Awakening,8.0,3,"['Drama', 'History']"
False,1220522,te,డెకాయిట్,"Betrayed by his better half, a man is convicted for a crime he didn't commit. Once free, he hunts her down in pursuit of vengeance, as their stories intertwine with a series of robberies.",12.4914,2026-04-10,Dacoit,6.5,2,"['Action', 'Romance', 'Thriller']"
False,508442,en,Soul,"Joe Gardner is a middle school teacher with a love for jazz music. After a successful audition at the Half Note Club, he suddenly gets into an accident that separates his soul from his body and is transported to the You Seminar, a center in which souls develop and gain passions before being transported to a newborn child. Joe must enlist help from the other souls-in-training, like 22, a soul who has spent eons in the You Seminar, in order to get back to Earth.",14.536,2020-12-25,Soul,8.093,11324,"['Animation', 'Family', 'Drama', 'Music', 'Fantasy']"
False,19404,hi,दिलवाले दुल्हनिया ले जायेंगे,"Raj is a rich, carefree, happy-go-lucky second generation NRI. Simran is the daughter of Chaudhary Baldev Singh, who in spite of being an NRI is very strict about adherence to Indian values. Simran has left for India to be married to her childhood fiancé. Raj leaves for India with a mission at his hands, to claim his lady love under the noses of her whole family. Thus begins a saga.",14.4012,1995-10-20,Dilwale Dulhania Le Jayenge,8.515,4573,"['Comedy', 'Drama', 'Romance']"
False,68726,en,Pacific Rim,"Using massive piloted robots to combat the alien threat, earth's survivors take the fight to the invading alien force lurking in the depths of the Pacific Ocean. Nearly defenseless in the face of the relentless enemy, the forces of mankind have no choice but to turn to two unlikely heroes who now stand as earth's final hope against the mounting apocalypse.",14.0253,2013-07-11,Pacific Rim,6.918,13251,"['Action', 'Science Fiction', 'Adventure']"
False,64690,en,Drive,"Driver is a skilled Hollywood stuntman who moonlights as a getaway driver for criminals. Though he projects an icy exterior, lately he's been warming up to a pretty neighbor named Irene and her young son, Benicio. When Irene's husband gets out of jail, he enlists Driver's help in a million-dollar heist. The job goes horribly wrong, and Driver must risk his life to protect Irene and Benicio from the vengeful masterminds behind the robbery.",15.003,2011-09-15,Drive,7.584,13514,"['Drama', 'Thriller', 'Crime']"
False,10195,en,Thor,"Against his father Odin's will, The Mighty Thor - a powerful but arrogant warrior god - recklessly reignites an ancient war. Thor is cast down to Earth and forced to live among humans as punishment. Once here, Thor learns what it takes to be a true hero when the most dangerous villain of his world sends the darkest forces of Asgard to invade Earth.",14.1397,2011-04-21,Thor,6.769,22227,"['Adventure', 'Fantasy', 'Action']"
False,1891,en,The Empire Strikes Back,"The epic saga continues as Luke Skywalker, in hopes of defeating the evil Galactic Empire, learns the ways of the Jedi from aging master Yoda. But Darth Vader is more determined than ever to capture Luke. Meanwhile, rebel leader Princess Leia, cocky Han Solo, Chewbacca, and droids C-3PO and R2-D2 are thrown into various stages of capture, betrayal and despair.",13.5979,1980-05-20,The Empire Strikes Back,8.393,18279,"['Adventure', 'Action', 'Science Fiction']"
False,18,fr,Le Cinquième Élément,"In 2257, a taxi driver is unintentionally given the task of saving a young girl who is part of the key that will ensure the survival of humanity.",13.5181,1997-05-02,The Fifth Element,7.565,11594,"['Science Fiction', 'Action', 'Adventure']"
False,82690,en,Wreck-It Ralph,"Wreck-It Ralph is the 9-foot-tall, 643-pound villain of an arcade video game named Fix-It Felix Jr., in which the game's titular hero fixes buildings that Ralph destroys. Wanting to prove he can be a good guy and not just a villain, Ralph escapes his game and lands in Hero's Duty, a first-person shooter where he helps the game's hero battle against alien invaders. He later enters Sugar Rush, a kart racing game set on tracks made of candies, cookies and other sweets. There, Ralph meets Vanellope von Schweetz who has learned that her game is faced with a dire threat that could affect the entire arcade, and one that Ralph may have inadvertently started.",14.7413,2012-11-01,Wreck-It Ralph,7.355,13003,"['Family', 'Animation', 'Comedy', 'Adventure']"
False,920,en,Cars,"Lightning McQueen, a hotshot rookie race car driven to succeed, discovers that life is about the journey, not the finish line, when he finds himself unexpectedly detoured in the sleepy Route 66 town of Radiator Springs. On route across the country to the big Piston Cup Championship in California to compete against two seasoned pros, McQueen gets to know the town's offbeat characters.",14.5714,2006-06-08,Cars,7.024,15020,"['Animation', 'Adventure', 'Comedy', 'Family']"
False,1252037,de,Der Tiger,"A German Tiger tank crew is sent on a dangerous mission to rescue the missing officer Paul von Hardenburg from a top-secret bunker behind enemy lines. As they make their way through the lethal no-man's land, they must confront not only the enemy, but also their own fears and inner demons. Fueled by the Wehrmacht's methamphetamine, their mission increasingly becomes a journey into the heart of darkness.",13.5204,2025-09-18,The Tank,7.069,399,"['War', 'Action', 'Drama']"
False,1623125,en,A Gorilla Story: Told by David Attenborough,"David Attenborough tells the remarkable story of his first encounter with the baby gorilla Pablo, how that gorilla grew up to be a top Silverback and how Pablo's direct descendants are doing today.",16.1898,2026-04-17,A Gorilla Story: Told by David Attenborough,8.6,9,['Documentary']
False,1064028,en,Subservience,"With his wife out sick, a struggling father brings home a lifelike AI, only to have his self-aware new help want everything her new family has to offer... Like the affection of her owner and she'll kill to get it.",13.5506,2024-08-15,Subservience,6.624,973,"['Science Fiction', 'Horror', 'Thriller']"
False,1241752,tl,Rita,"Rita, who finds herself alone when husband Ariel works abroad. They both find solace and sexual satisfaction in other people. When Ariel comes back, they both act like nothing happened. But will this keep their marriage from falling apart?",14.1924,2024-03-22,Rita,6.0,20,['Drama']
False,1087891,en,The Amateur,"After his life is turned upside down when his wife is killed in a London terrorist attack, a brilliant but introverted CIA decoder takes matters into his own hands when his supervisors refuse to take action.",15.0515,2025-04-09,The Amateur,7.0,1554,"['Thriller', 'Action']"
False,10674,en,Mulan,"When Imperial China calls one man from every family to defend the empire from invading Huns, a young woman disguises herself as a soldier to take her ailing father’s place. Facing ruthless invaders, brutal training, and the risk of execution if discovered, she must decide who she truly is— and what she’s willing to fight for.",15.5776,1998-06-18,Mulan,7.902,10352,"['Animation', 'Family', 'Adventure']"
False,447277,en,The Little Mermaid,"The youngest of King Triton’s daughters, and the most defiant, Ariel longs to find out more about the world beyond the sea, and while visiting the surface, falls for the dashing Prince Eric. With mermaids forbidden to interact with humans, Ariel makes a deal with the evil sea witch, Ursula, which gives her a chance to experience life on land, but ultimately places her life – and her father’s crown – in jeopardy.",17.395,2023-05-18,The Little Mermaid,6.274,3283,"['Adventure', 'Family', 'Fantasy', 'Romance']"
False,205596,en,The Imitation Game,"Based on the real life story of legendary cryptanalyst Alan Turing, the film portrays the nail-biting race against time by Turing and his brilliant team of code-breakers at Britain's top-secret Government Code and Cypher School at Bletchley Park, during the darkest days of World War II.",16.0184,2014-11-14,The Imitation Game,7.985,17972,"['History', 'Drama', 'Thriller', 'War']"
False,615656,en,Meg 2: The Trench,An exploratory dive into the deepest depths of the ocean of a daring research team spirals into chaos when a malevolent mining operation threatens their mission and forces them into a high-stakes battle for survival.,15.5111,2023-08-02,Meg 2: The Trench,6.378,3919,"['Action', 'Science Fiction', 'Horror']"
False,616037,en,Thor: Love and Thunder,"After his retirement is interrupted by Gorr the God Butcher, a galactic killer who seeks the extinction of the gods, Thor Odinson enlists the help of King Valkyrie, Korg, and ex-girlfriend Jane Foster, who now wields Mjolnir as the Mighty Thor. Together they embark upon a harrowing cosmic adventure to uncover the mystery of the God Butcher’s vengeance and stop him before it’s too late.",14.2384,2022-07-06,Thor: Love and Thunder,6.372,8484,"['Fantasy', 'Action', 'Comedy']"
False,8689,it,Cannibal Holocaust,A New York University professor returns from a rescue mission to the Amazon rainforest with the footage shot by a lost team of documentarians who were making a film about the area's local cannibal tribes.,15.1896,1980-02-07,Cannibal Holocaust,6.268,1838,['Horror']
False,269955,ko,인간중독,"A secret, passionate affair happens in the summer of 1969 between Colonel Jin Pyeong, trapped in a loveless marriage with Soo Jin, and Jong Ga Heun, the Chinese-Korean wife of Captain Kyung Woo Jin.",13.3332,2014-05-14,Obsessed,6.6,79,['Drama']
False,8363,en,Superbad,Two co-dependent high school seniors are forced to deal with separation anxiety after their plan to stage a booze-soaked party goes awry.,13.241,2007-08-17,Superbad,7.261,7995,['Comedy']
False,10494,ja,PERFECT BLUE,"Rising pop star Mima quits singing to pursue a career as an actress. After she takes up a role on a popular detective show, her handlers and collaborators begin turning up murdered. Harboring feelings of guilt and haunted by visions of her former self, Mima's reality and fantasy meld into a frenzied paranoia.",12.8257,1998-02-28,Perfect Blue,8.303,3135,"['Animation', 'Thriller']"
False,418578,zh,齐天大性II大破盘丝洞,"West, Suen & Chu Keep tracking on their ""Quest of the Sex"". Since Goblin Bone wants to suck west's water, she seduces West. It is not successful. Bone request her friend, Goblin Spider, to help. Nine Eyes Devil, Spider's elder sister, uses her magical eyes to subdue Suen.They kidnap West to the Holly Hole. Suen tries to save West. In respect to obtain the mystical Pin, Suen bears to be insulted by Lo Mo. The Pin is extremely powerful. Suen goes to save West......",11.9235,2005-08-03,The Quest of the Sex: A Holly Hole,4.0,1,['Drama']
False,424694,en,Bohemian Rhapsody,"Singer Freddie Mercury, guitarist Brian May, drummer Roger Taylor and bass guitarist John Deacon take the music world by storm when they form the rock 'n' roll band Queen in 1970. Hit songs become instant classics. When Mercury's increasingly wild lifestyle starts to spiral out of control, Queen soon faces its greatest challenge yet – finding a way to keep the band together amid the success and excess.",13.0235,2018-10-24,Bohemian Rhapsody,7.958,17671,"['Music', 'Drama']"
False,936108,en,Smurfs,"When Papa Smurf is mysteriously taken by evil wizards, Razamel and Gargamel, Smurfette leads the Smurfs on a mission into the real world to save him. With the help of new friends, the Smurfs must discover what defines their destiny to save the universe.",11.6888,2025-06-30,Smurfs,5.814,258,"['Animation', 'Family', 'Fantasy']"
False,945961,en,Alien: Romulus,"While scavenging the deep ends of a derelict space station, a group of young space colonizers come face to face with the most terrifying life form in the universe.",15.2485,2024-08-13,Alien: Romulus,7.2,4451,"['Horror', 'Science Fiction']"
False,64641,it,La ragazzina,"Monika is young, beautiful and a virgin. She is only 16 years old, and, beside getting the attention of all her classmates, she also attracts older men. She has a relationship with a boy, Leo, but she doesn't know that he uses to pimp the girls he seduces to rich businessmen. One of Leo's client befriends Monika and becomes so obsessed that he pays Leo to get her. But Monika turns her attention to her art professor, unknowing that he too has his secrets.",13.0033,1974-02-28,Monika,4.5,19,"['Romance', 'Drama']"
False,10191,en,How to Train Your Dragon,"As the son of a Viking leader on the cusp of manhood, shy Hiccup Horrendous Haddock III faces a rite of passage: he must kill a dragon to prove his warrior mettle. But after downing a feared dragon, he realizes that he no longer wants to destroy it, and instead befriends the beast – which he names Toothless – much to the chagrin of his warrior father.",15.2468,2010-03-18,How to Train Your Dragon,7.857,14263,"['Fantasy', 'Adventure', 'Animation', 'Family']"
False,1215106,th,หมู่บ้านโคกะโหลก,"A wave of chilling serial murders emerges, marked by the gruesome decay of male victims' secret part. As the police investigate, they confront eerie local myths and dark secrets.",17.137,2025-11-06,Ko Ga Loak Village,3.8,5,"['Comedy', 'Horror']"
False,940551,en,Migration,"After a migrating duck family alights on their pond with thrilling tales of far-flung places, the Mallard family embarks on a family road trip, from New England, to New York City, to tropical Jamaica.",14.2482,2023-12-06,Migration,7.35,2216,"['Family', 'Comedy', 'Adventure', 'Animation']"
False,146233,en,Prisoners,"Keller Dover is facing every parent’s worst nightmare. His six-year-old daughter, Anna, is missing, together with her young friend, Joy, and as minutes turn to hours, panic sets in. The only lead is a dilapidated RV that had earlier been parked on their street.",15.9314,2013-09-19,Prisoners,8.104,12937,"['Drama', 'Thriller', 'Crime']"
False,575264,en,Mission: Impossible - Dead Reckoning Part One,"Ethan Hunt and his IMF team embark on their most dangerous mission yet: To track down a terrifying new weapon that threatens all of humanity before it falls into the wrong hands. With control of the future and the world's fate at stake and dark forces from Ethan's past closing in, a deadly race around the globe begins. Confronted by a mysterious, all-powerful enemy, Ethan must consider that nothing can matter more than his mission—not even the lives of those he cares about most.",15.4721,2023-07-08,Mission: Impossible - Dead Reckoning Part One,7.5,5043,"['Action', 'Thriller', 'Adventure']"
False,737057,ko,수상한 진료실: 엄마친구의 특별한 치료,"A sick hospitalization life in a hospital run by a mother's friend. Shin, who injured her leg in an accident, is admitted to the hospital of her mother's friend Ayumi. Unable to bear the cravings accumulated in the increasingly prolonged hospital life, God secretly masturbates and gets caught by nurse Koharu. Rather than being surprised, Koharu covets God's secret place as an excuse for massage. Moreover, it turns out that Ayumi also has a secret secret.",14.1854,2018-03-06,Suspicious Practice Room: Special Treatment of Mother's Friend,2.7,3,"['Drama', 'Romance']"
False,49521,en,Man of Steel,"A young boy learns that he has extraordinary powers and is not of this earth. As a young man, he journeys to discover where he came from and what he was sent here to do. But the hero in him must emerge if he is to save the world from annihilation and become the symbol of hope for all mankind.",14.7376,2013-06-12,Man of Steel,6.642,16083,"['Action', 'Adventure', 'Science Fiction']"
False,1022256,en,Selena Gomez: My Mind & Me,"After years in the limelight, Selena Gomez achieves unimaginable stardom. But just as she reaches a new peak, an unexpected turn pulls her into darkness. This uniquely raw and intimate documentary spans her six-year journey into a new light.",14.4541,2022-11-04,Selena Gomez: My Mind & Me,8.532,584,"['Documentary', 'Music']"
False,348893,en,Boyka: Undisputed IV,"In the fourth installment of the fighting franchise, Boyka is shooting for the big leagues when an accidental death in the ring makes him question everything he stands for. When he finds out the wife of the man he accidentally killed is in trouble, Boyka offers to fight in a series of impossible battles to free her from a life of servitude.",15.0117,2016-08-01,Boyka: Undisputed IV,7.178,1437,"['Action', 'Drama', 'Thriller', 'Crime']"
False,426063,en,Nosferatu,"A gothic tale of obsession between a haunted young woman and the terrifying vampire infatuated with her, causing untold horror in its wake.",13.4579,2024-12-25,Nosferatu,6.708,3577,"['Horror', 'Fantasy']"
False,197,en,Braveheart,"Enraged at the slaughter of Murron, his new bride and childhood love, Scottish warrior William Wallace slays a platoon of the local English lord's soldiers. This leads the village to revolt and, eventually, the entire country to rise up against English rule.",14.0569,1995-05-24,Braveheart,7.942,11018,"['Action', 'Drama', 'History', 'War']"
False,527774,en,Raya and the Last Dragon,"Long ago, in the fantasy world of Kumandra, humans and dragons lived together in harmony. But when an evil force threatened the land, the dragons sacrificed themselves to save humanity. Now, 500 years later, that same evil has returned and it’s up to a lone warrior, Raya, to track down the legendary last dragon to restore the fractured land and its divided people.",11.9174,2021-03-03,Raya and the Last Dragon,7.801,7232,"['Animation', 'Family', 'Fantasy', 'Adventure', 'Action']"
False,36557,en,Casino Royale,"Le Chiffre, a banker to the world's terrorists, is scheduled to participate in a high-stakes poker game in Montenegro, where he intends to use his winnings to establish his financial grip on the terrorist market. M sends Bond—on his maiden mission as a 00 Agent—to attend this game and prevent Le Chiffre from winning. With the help of Vesper Lynd and Felix Leiter, Bond enters the most important poker game in his already dangerous career.",15.2452,2006-11-14,Casino Royale,7.569,11599,"['Adventure', 'Action', 'Thriller']"
False,480530,en,Creed II,"Between personal obligations and training for his next big fight against an opponent with ties to his family's past, Adonis Creed is up against the challenge of his life.",15.2168,2018-11-21,Creed II,7.027,5750,"['Drama', 'Action']"
False,745,en,The Sixth Sense,"Following an unexpected tragedy, child psychologist Malcolm Crowe meets a nine year old boy named Cole Sear, who is hiding a dark secret.",14.1554,1999-08-06,The Sixth Sense,7.95,12752,"['Mystery', 'Thriller', 'Drama']"
False,270946,en,Penguins of Madagascar,"Skipper, Kowalski, Rico and Private join forces with undercover organization The North Wind to stop the villainous Dr. Octavius Brine from destroying the world as we know it.",14.1218,2014-11-22,Penguins of Madagascar,6.53,4437,"['Family', 'Animation', 'Adventure', 'Comedy']"
False,1401778,en,Turbulence,"Young married couple Zach and Emmy decide to take a hot air balloon trip across the Italian Dolomites to rekindle their relationship. When they and pilot Harry are joined by a third passenger, Julia, events unfold in ways they could never imagine five thousand meters in the air.",17.6769,2025-11-26,Turbulence,6.584,107,"['Thriller', 'Action', 'Adventure', 'Drama', 'Fantasy']"
False,572802,en,Aquaman and the Lost Kingdom,"Black Manta seeks revenge on Aquaman for his father's death. Wielding the Black Trident's power, he becomes a formidable foe. To defend Atlantis, Arthur (Aquaman) forges an alliance with his imprisoned brother. They must protect the kingdom.",13.7223,2023-12-20,Aquaman and the Lost Kingdom,6.526,3442,"['Action', 'Adventure', 'Fantasy']"
False,572802,en,Aquaman and the Lost Kingdom,"Black Manta seeks revenge on Aquaman for his father's death. Wielding the Black Trident's power, he becomes a formidable foe. To defend Atlantis, Arthur (Aquaman) forges an alliance with his imprisoned brother. They must protect the kingdom.",13.7223,2023-12-20,Aquaman and the Lost Kingdom,6.526,3442,"['Action', 'Adventure', 'Fantasy']"
False,308624,ko,옹녀뎐,"Ong-nye had a world of men wrapped around her finger, until, one day, a horrific injury leaves her handicapped, and she retreats to the mountains. But one man may break her loneliness.",13.1883,2014-08-21,The Story of Ong-nyeo,5.0,5,"['Romance', 'Drama']"
False,941109,en,Play Dirty,"Expert thief Parker gets a shot at a major heist, but to pull it off he and his team must outsmart a South American dictator, the New York mob, and the world's richest man.",14.3003,2025-09-30,Play Dirty,6.6,601,"['Crime', 'Action', 'Thriller']"
False,293172,it,La svergognata,"In this movie a writer comes to stay at an island resort and gets involved with a teenage lolita  who is there with her parents and rather malicious best friend. She teases the older man mercilessly--going to a hotel and dancing with him naked and then suddenly getting dressed and running off to a party with a young American guy. But it's not so much because she is malicious, but because she is really an insecure virgin. Finally, he gives up on her after his beautiful wife (Barbara Bouchet) shows up. But the younger woman becomes jealous and is not going to give up so easily. . .",11.1956,1974-08-17,La svergognata,3.2,4,"['Romance', 'Comedy']"
False,14160,en,Up,"Carl Fredricksen spent his entire life dreaming of exploring the globe and experiencing life to its fullest. But at age 78, life seems to have passed him by, until a twist of fate (and a persistent 8-year old Wilderness Explorer named Russell) gives him a new lease on life.",17.5638,2009-05-28,Up,7.959,21544,"['Animation', 'Comedy', 'Family', 'Adventure']"
False,335983,en,Venom,"Investigative journalist Eddie Brock attempts a comeback following a scandal, but accidentally becomes the host of Venom, a violent, super powerful alien symbiote. Soon, he must rely on his newfound powers to protect the world from a shadowy organization looking for a symbiote of their own.",15.2033,2018-09-28,Venom,6.825,17137,"['Science Fiction', 'Action']"
False,1233728,ko,7일간의 스와핑,"Cheon-seok and Mi-seon remarried. Mi-seon goes on a trip with her friends and asks her daughter-in-law to take care of her father-in-law for a week. Her father-in-law and her daughter-in-law came to live together for 7 days. Her daughter-in-law, who tasted her father-in-law's crispy pork belly, falls in love with her father-in-law...",11.3093,2023-05-23,Seven-day Swapping,0.0,0,['Romance']
False,6479,en,I Am Legend,"Robert Neville is a scientist who was unable to stop the spread of the terrible virus that was incurable and man-made. Immune, Neville is now the last human survivor in what is left of New York City and perhaps the world. For three years, Neville has faithfully sent out daily radio messages, desperate to find any other survivors who might be out there. But he is not alone.",14.3805,2007-12-12,I Am Legend,7.21,16719,"['Drama', 'Science Fiction', 'Thriller']"
False,49013,en,Cars 2,Star race car Lightning McQueen and his pal Mater head overseas to compete in the World Grand Prix race. But the road to the championship becomes rocky as Mater gets caught up in an intriguing adventure of his own: international espionage.,13.8185,2011-06-11,Cars 2,6.176,8423,"['Animation', 'Family', 'Adventure', 'Comedy']"
False,458156,en,John Wick: Chapter 3 - Parabellum,"Super-assassin John Wick returns with a $14 million price tag on his head and an army of bounty-hunting killers on his trail. After killing a member of the shadowy international assassin’s guild, the High Table, John Wick is excommunicado, but the world’s most ruthless hit men and women await his every turn.",15.1974,2019-05-15,John Wick: Chapter 3 - Parabellum,7.438,11632,"['Action', 'Thriller', 'Crime']"
False,4951,en,10 Things I Hate About You,"On the first day at his new school, Cameron instantly falls for Bianca, the gorgeous girl of his dreams. The only problem is that Bianca is forbidden to date until her ill-tempered, completely un-dateable older sister Kat goes out, too. In an attempt to solve his problem, Cameron singles out the only guy who could possibly be a match for Kat: a mysterious bad boy with a nasty reputation of his own.",13.8899,1999-03-30,10 Things I Hate About You,7.59,8842,"['Comedy', 'Romance', 'Drama']"
False,630,en,The Wizard of Oz,"Young Dorothy finds herself in a magical world where she makes friends with a lion, a scarecrow and a tin man as they make their way along the yellow brick road to talk with the Wizard and ask for the things they miss most in their lives. The Wicked Witch of the West is the only thing that could stop them.",15.3094,1939-08-15,The Wizard of Oz,7.585,6074,"['Adventure', 'Fantasy', 'Family']"
False,284052,en,Doctor Strange,"After his career is destroyed, a brilliant but arrogant surgeon gets a new lease on life when a sorcerer takes him under her wing and trains him to defend the world against evil.",13.4612,2016-10-25,Doctor Strange,7.418,23311,"['Fantasy', 'Adventure', 'Action']"
False,489,en,Good Will Hunting,"Will Hunting is a headstrong, working-class genius who is failing the lessons of life. After one too many run-ins with the law, Will's last chance is a psychology professor, who might be the only man who can reach him.",14.8505,1997-12-05,Good Will Hunting,8.159,13717,['Drama']
False,675353,en,Sonic the Hedgehog 2,"After settling in Green Hills, Sonic is eager to prove he has what it takes to be a true hero. His test comes when Dr. Robotnik returns, this time with a new partner, Knuckles, in search for an emerald that has the power to destroy civilizations. Sonic teams up with his own sidekick, Tails, and together they embark on a globe-trotting journey to find the emerald before it falls into the wrong hands.",13.2534,2022-03-30,Sonic the Hedgehog 2,7.434,5821,"['Action', 'Adventure', 'Family', 'Comedy']"
False,530385,en,Midsommar,"Several friends travel to Sweden to study as anthropologists a summer festival that is held every ninety years in the remote hometown of one of them. What begins as a dream vacation in a place where the sun never sets, gradually turns into a dark nightmare as the mysterious inhabitants invite them to participate in their disturbing festive activities.",14.1281,2019-07-03,Midsommar,7.152,7984,"['Horror', 'Drama', 'Mystery']"
False,524434,en,Eternals,"The Eternals are a team of ancient aliens who have been living on Earth in secret for thousands of years. When an unexpected tragedy forces them out of the shadows, they are forced to reunite against mankind’s most ancient enemy, the Deviants.",12.6926,2021-11-03,Eternals,6.8,9057,"['Science Fiction', 'Action', 'Adventure']"
False,242,en,The Godfather Part III,"In the midst of trying to legitimize his business dealings in 1979 New York and Italy, aging mafia don, Michael Corleone seeks forgiveness for his sins while taking a young protege under his wing.",13.6079,1990-12-25,The Godfather Part III,7.419,6808,"['Crime', 'Drama', 'Thriller']"
False,176,en,Saw,"Two men wake up to find themselves shackled in a grimy, abandoned bathroom. As they struggle to comprehend their predicament, they discover a disturbing tape left behind by the sadistic mastermind known as Jigsaw. With a chilling voice and cryptic instructions, Jigsaw informs them that they must partake in a gruesome game in order to secure their freedom.",15.1381,2004-10-01,Saw,7.42,9976,"['Horror', 'Mystery', 'Crime']"
False,1611398,es,Un hombre por semana,A divorced woman reconstructs her life and opens herself to love. Her search for dating apps takes her through fun and unpredictable moments to discover self-love.,15.6024,2026-01-08,Un hombre por semana,7.306,49,"['Comedy', 'Romance', 'Drama']"
False,1611398,es,Un hombre por semana,A divorced woman reconstructs her life and opens herself to love. Her search for dating apps takes her through fun and unpredictable moments to discover self-love.,15.6024,2026-01-08,Un hombre por semana,7.28,50,"['Comedy', 'Romance', 'Drama']"
False,102651,en,Maleficent,"A beautiful, pure-hearted young woman, Maleficent has an idyllic life growing up in a peaceable forest kingdom, until one day when an invading army threatens the harmony of the land. She rises to be the land's fiercest protector, but she ultimately suffers a ruthless betrayal – an act that begins to turn her heart into stone. Bent on revenge, Maleficent faces an epic battle with the invading King's successor and, as a result, places a curse upon his newborn infant Aurora. As the child grows, Maleficent realizes that Aurora holds the key to peace in the kingdom – and to Maleficent's true happiness as well.",13.7898,2014-05-28,Maleficent,7.087,13655,"['Fantasy', 'Adventure', 'Action', 'Family', 'Romance']"
False,1310568,en,Murder at the Embassy,"1934. Private detective Miranda Green investigates a murder perpetrated in the British Embassy in Cairo, where a top secret document was stolen, risking to jeopardize both Buckingham Palace and the peace of the world. All those present in this closed place are suspected: the American photographer, the English student, the American actress, the Egyptian security guard, the ambassador interpreter, the Egyptian gardener and - why not? — the Ambassador himself. But who would have expected that a small group of Nazis would be behind a plot, risking to jeopardize both Buckingham Palace and the peace of the world?",13.147,2025-11-14,Murder at the Embassy,5.9,41,"['Mystery', 'Thriller', 'Action']"
False,1288445,en,Mutiny,"After witnessing his billionaire boss' murder and being framed for the crime, Cole Reed boards a cargo ship on a one-man crusade to avenge his boss' death only to discover an international conspiracy.",13.0757,2026-08-19,Mutiny,0.0,0,"['Action', 'Crime', 'Thriller']"
False,49018,en,Insidious,"A family discovers that dark spirits have invaded their home after their son inexplicably falls into an endless sleep. When they reach out to a professional for help, they learn things are a lot more personal than they thought.",14.4516,2011-03-31,Insidious,6.941,7263,"['Horror', 'Thriller']"
False,299537,en,Captain Marvel,"The story follows Carol Danvers as she becomes one of the universe’s most powerful heroes when Earth is caught in the middle of a galactic war between two alien races. Set in the 1990s, Captain Marvel is an all-new adventure from a previously unseen period in the history of the Marvel Cinematic Universe.",11.0327,2019-03-06,Captain Marvel,6.784,16647,"['Action', 'Adventure', 'Science Fiction']"
False,420817,en,Aladdin,A kindhearted street urchin named Aladdin embarks on a magical adventure after finding a lamp that releases a wisecracking genie while a power-hungry Grand Vizier vies for the same lamp that has the power to make their deepest wishes come true.,13.6016,2019-05-22,Aladdin,7.085,10565,"['Adventure', 'Fantasy', 'Romance', 'Family']"
False,937278,en,A Man Called Otto,"When a lively young family moves in next door, grumpy widower Otto Anderson meets his match in a quick-witted, pregnant woman named Marisol, leading to an unlikely friendship that turns his world upside down.",12.7488,2022-12-28,A Man Called Otto,7.8,3537,"['Comedy', 'Drama']"
False,91586,en,Insidious: Chapter 2,The haunted Lambert family seeks to uncover the mysterious childhood secret that has left them dangerously connected to the spirit world.,12.8194,2013-09-12,Insidious: Chapter 2,6.68,4530,"['Horror', 'Thriller']"
False,378064,ja,映画 聲の形,"Shouya Ishida starts bullying the new girl in class, Shouko Nishimiya, because she is deaf. But as the teasing continues, the rest of the class starts to turn on Shouya for his lack of compassion. When they leave elementary school, Shouko and Shouya do not speak to each other again... until an older, wiser Shouya, tormented by his past behaviour, decides he must see Shouko once more. He wants to atone for his sins, but is it already too late...?",13.7521,2016-09-17,A Silent Voice: The Movie,8.387,4437,"['Animation', 'Drama', 'Romance']"
False,140638,en,"Pussycat, Pussycat, I Love You",An American playwright living in Rome consults a quack psychiatrist to combat his fears of balding and save his failing marriage.,13.9299,1970-03-25,"Pussycat, Pussycat, I Love You",4.4,22,['Comedy']
False,1208348,en,Rental Family,"An American actor in Tokyo struggles to find purpose until he lands an unusual gig: working for a Japanese 'rental family' agency, playing stand-in roles for strangers. As he immerses himself in his clients' worlds, he begins to form genuine bonds that blur the lines between performance and reality.",12.721,2025-11-20,Rental Family,7.7,718,"['Drama', 'Comedy']"
False,1724,en,The Incredible Hulk,"Scientist Bruce Banner scours the planet for an antidote to the unbridled force of rage within him: the Hulk. But when the military masterminds who dream of exploiting his powers force him back to civilization, he finds himself coming face to face with a new, deadly foe.",13.2369,2008-06-12,The Incredible Hulk,6.233,12598,"['Science Fiction', 'Action', 'Adventure']"
False,77,en,Memento,"Leonard Shelby is tracking down the man who raped and murdered his wife. The difficulty of locating his wife's killer, however, is compounded by the fact that he suffers from a rare, untreatable form of short-term memory loss. Although he can recall details of life before his accident, Leonard cannot remember what happened fifteen minutes ago, where he's going, or why.",16.1389,2000-10-11,Memento,8.177,16102,"['Mystery', 'Thriller']"
False,982843,ko,대홍수,"When a raging flood traps a researcher and her young son, a call to a crucial mission puts their escape — and the future of humanity — on the line.",12.4174,2025-09-18,The Great Flood,6.0,664,"['Science Fiction', 'Adventure', 'Drama']"
False,398818,en,Call Me by Your Name,"In the summer of 1983, a 17-year-old Elio spends his days in his family's villa in Italy. One day Oliver, a graduate student, arrives to assist Elio's father, a professor of Greco-Roman culture. Soon, Elio and Oliver discover a summer that will alter their lives forever.",13.2247,2017-10-01,Call Me by Your Name,8.093,12691,"['Romance', 'Drama']"
False,1336770,ml,വാഴ II,"Four friends – Hashir, Alan, Ajin and Vinayak – are considered losers and troublemakers by parents, family and the school management. They face immense social pressure as they reach adulthood, embarking them on an emotional journey of self discovery and acceptance, where they finally learn to take up their responsibilities and find success",12.2544,2026-04-02,Vaazha II,6.0,1,"['Comedy', 'Drama', 'Action']"
False,1100988,en,28 Years Later,"Twenty-eight years after the Rage virus outbreak, a heavily-defended island survives connected to the mainland by a single causeway. When one of the group leaves the island into the dark heart of the mainland, he discovers secrets, wonders, and horrors that have mutated not only the infected but other survivors as well.",18.3195,2025-06-18,28 Years Later,6.603,2423,"['Horror', 'Thriller', 'Science Fiction']"
False,1008953,en,Incoming,Their first week of high school. The biggest party of the year. Mistakes will be made as four teenage boys navigate a night of mayhem and debauchery.,13.9081,2024-08-22,Incoming,6.2,348,['Comedy']
False,957119,en,Sidelined: The QB and Me,"Dallas, a burdened but headstrong dancer, is determined to get into the best dance school in the country—her late mother’s alma mater. However, that dream is suddenly derailed when the cheeky yet secretly grieving football star, Drayton, crashes into her life with a unique story of his own. Will the two of them be able to grow into their dreams together, or will their dreams be sidelined?",13.7084,2025-02-06,Sidelined: The QB and Me,6.189,209,"['Comedy', 'Romance']"
False,490132,en,Green Book,"Tony Lip, a bouncer in 1962, is hired to drive pianist Don Shirley on a tour through the Deep South in the days when African Americans, forced to find alternate accommodations and services due to segregation laws below the Mason-Dixon Line, relied on a guide called The Negro Motorist Green Book.",14.9568,2018-11-16,Green Book,8.223,12759,"['Drama', 'Comedy', 'History']"
False,438148,en,Minions: The Rise of Gru,"A fanboy of a supervillain supergroup known as the Vicious 6, Gru hatches a plan to become evil enough to join them, with the backup of his followers, the Minions.",12.5474,2022-06-29,Minions: The Rise of Gru,7.27,3988,"['Family', 'Comedy', 'Adventure', 'Animation', 'Science Fiction', 'Fantasy', 'Action']"
False,748783,en,The Garfield Movie,"Garfield, the world-famous, Monday-hating, lasagna-loving indoor cat, is about to have a wild outdoor adventure! After an unexpected reunion with his long-lost father – scruffy street cat Vic – Garfield and his canine friend Odie are forced from their perfectly pampered life into joining Vic in a hilarious, high-stakes heist.",11.1187,2024-04-30,The Garfield Movie,6.998,1419,"['Family', 'Comedy', 'Adventure', 'Animation']"
False,12201,en,Edge of Darkness,"As a seasoned homicide detective, Thomas Craven has seen the bleakest side of humanity. But nothing prepares him for the toughest investigation of his life: the search for his only daughter Emma's killer. Now, he is on a personal mission to uncover the disturbing secrets surrounding her murder, including corporate corruption, government collusion and Emma's own mysterious life.",13.0717,2010-01-28,Edge of Darkness,6.415,1702,"['Crime', 'Drama', 'Mystery', 'Thriller']"
False,1368337,en,The Odyssey,"Odysseus, the legendary Greek king of Ithaca, embarks on a long and perilous journey home following the Trojan War, chronicling his encounters with mythical beings such as the Cyclops Polyphemus, the Sirens, and the witch-goddess Circe, while attempting to reunite with his wife, Penelope.",12.2158,2026-07-15,The Odyssey,0.0,0,"['Adventure', 'Drama', 'Fantasy']"
False,1241436,en,Warfare,"A platoon of Navy SEALs embarks on a dangerous mission in Ramadi, Iraq, with the chaos and brotherhood of war retold through their memories of the event.",14.4958,2025-04-09,Warfare,7.078,1395,"['War', 'Action']"
False,381288,en,Split,"Though Kevin has evidenced 23 personalities to his trusted psychiatrist, Dr. Fletcher, there remains one still submerged who is set to materialize and dominate all the others. Compelled to abduct three teenage girls led by the willful, observant Casey, Kevin reaches a war for survival among all of those contained within him — as well as everyone around him — as the walls between his compartments shatter apart.",12.4854,2017-01-19,Split,7.341,18242,"['Horror', 'Thriller']"
False,588,en,Silent Hill,"Rose, a desperate mother, takes her adopted daughter, Sharon, to the town of Silent Hill in an attempt to cure her of her ailment. After a violent car crash, Sharon disappears, and Rose embarks on a horrific journey to get her back and begins to uncover the truth behind the apocalyptic disaster that burned the town 30 years earlier.",13.7842,2006-04-21,Silent Hill,6.623,4818,"['Horror', 'Mystery']"
False,578,en,Jaws,"When the seaside community of Amity finds itself under attack by a dangerous great white shark, the town's chief of police, a young marine biologist, and a grizzled shark hunter embark on a desperate quest to kill the beast before it strikes again.",14.36,1975-06-20,Jaws,7.681,11447,"['Horror', 'Thriller', 'Adventure']"
False,4233,en,Scream 2,"Two years after the Woodsboro murders, Sidney Prescott acclimates to college life while someone donning the Ghostface costume begins a new string of killings.",13.5951,1997-12-12,Scream 2,6.513,4678,"['Horror', 'Mystery']"
False,436270,en,Black Adam,"Nearly 5,000 years after he was bestowed with the almighty powers of the Egyptian gods—and imprisoned just as quickly—Black Adam is freed from his earthly tomb, ready to unleash his unique form of justice on the modern world.",11.3268,2022-10-19,Black Adam,6.814,6955,"['Action', 'Adventure', 'Science Fiction']"
False,452073,ko,어린 형수 2,"Won-jin is sent into a nearby region suddenly by the company. He is unprepared when he goes down so he calls his friend Chang-hoon who lives there. Chang-hoon lets Won-jin stay at his house for the time being but Won-jin gets to thinking.  The reason is, Chang-hoon's young wife Soo-yeong has a history with Won-jin. However, Won-jin decides to go to Chang-hoon's house to see Soo-yeong. Chang-hoon just happens to leave the house for a while and Won-jin meets Soo-yeong's glamorous friend Kyeong-hee who is also living there.  Won-jin starts living with Soo-yeong and Kyeong-hee who starts seducing him.",11.57,2017-02-08,Young Sister-In-Law 2,4.9,11,['Romance']
False,101299,en,The Hunger Games: Catching Fire,"After surviving the Hunger Games, Katniss and Peeta struggle with the consequences of their victory as unrest spreads across Panem. Forced back into the spotlight, they become symbols of hope and resistance while the Capitol prepares a new and deadly challenge that will change the future of the nation forever.",14.1632,2013-11-15,The Hunger Games: Catching Fire,7.427,18337,"['Adventure', 'Action', 'Science Fiction']"
False,718930,en,Bullet Train,"Unlucky assassin Ladybug is determined to do his job peacefully after one too many gigs gone off the rails. Fate, however, may have other plans, as Ladybug's latest mission puts him on a collision course with lethal adversaries from around the globe—all with connected, yet conflicting, objectives—on the world's fastest train.",14.2578,2022-08-03,Bullet Train,7.413,7414,"['Action', 'Comedy', 'Thriller']"
False,1199193,en,Pose,"Isolated in a grand country manor, a reclusive artist spends a passionate and paranoid weekend with his ex-lover, an obsessive fan, and a potential muse. Hoping to spark a new wave of artistic brilliance over the course of a few tumultuous days, filled with chaos and revelation not all of them will make it out alive.",13.1524,2026-02-25,Pose,6.3,30,['Thriller']
False,1291335,en,Solo Mio,"After Matt's dreams of a picturesque Italian wedding are shattered when his fiancée leaves him at the altar, he embarks on his planned honeymoon across Italy alone, immersing himself in the country's vibrant culture, food, and beauty, meeting Gia along the way.",13.8948,2026-02-05,Solo Mio,7.085,118,"['Romance', 'Comedy']"
False,1735,en,The Mummy: Tomb of the Dragon Emperor,"Archaeologist Rick O'Connell travels to China, pitting him against an emperor from the 2,000-year-old Han dynasty who's returned from the dead to pursue a quest for world domination. This time, O'Connell enlists the help of his wife and son to quash the so-called 'Dragon Emperor' and his abuse of supernatural power.",13.5055,2008-07-01,The Mummy: Tomb of the Dragon Emperor,5.513,4771,"['Adventure', 'Action', 'Fantasy']"
False,1180831,no,Troll 2,"When a dangerous new troll unleashes devastation across their homeland, Nora, Andreas and Major Kris embark on their most perilous mission yet.",14.2262,2025-11-30,Troll 2,6.405,458,"['Action', 'Fantasy', 'Thriller']"
False,601,en,E.T. the Extra-Terrestrial,"An alien is left behind on Earth and saved by the 10-year-old Elliott who decides to keep him hidden in his home. While a task force hunts for the extra-terrestrial, Elliott, his brother, and his little sister Gertie form an emotional bond with their new friend, and try to help him find his way home.",13.1138,1982-06-11,E.T. the Extra-Terrestrial,7.513,11926,"['Science Fiction', 'Adventure', 'Family', 'Fantasy']"
False,1542995,bn,বনলতা এক্সপ্রেস,"On a foggy winter journey, the Bonolota Express carries strangers burdened by secrets whose lives begin to collide within the train’s confined corridors. As the night unfolds, personal and political crises erupt, exposing hidden grief, moral decay, and moments of unexpected compassion amid chaos and revolt. By dawn, the train moves on, leaving its passengers irrevocably changed by a single journey where illusions collapse and human truths emerge.",11.1404,2026-03-21,Bonolota Express,0.0,1,"['Drama', 'Comedy']"
False,696806,en,The Adam Project,"After accidentally crash-landing in 2022, time-traveling fighter pilot Adam Reed teams up with his 12-year-old self on a mission to save the future.",11.0867,2022-03-11,The Adam Project,6.99,4872,"['Adventure', 'Science Fiction', 'Comedy']"
False,12155,en,Alice in Wonderland,"Alice, now 19 years old, returns to the whimsical world she first entered as a child and embarks on a journey to discover her true destiny.",13.9867,2010-03-03,Alice in Wonderland,6.639,14718,"['Family', 'Fantasy', 'Adventure']"
False,399579,en,Alita: Battle Angel,"When Alita awakens with no memory of who she is in a future world she does not recognize, she is taken in by Ido, a compassionate doctor who realizes that somewhere in this abandoned cyborg shell is the heart and soul of a young woman with an extraordinary past.",13.4639,2019-01-31,Alita: Battle Angel,7.244,9901,"['Action', 'Science Fiction', 'Adventure']"
False,249397,en,Nymphomaniac: Vol. II,The continuation of Joe's sexually dictated life delves into the darker aspects of her adult life and what led to her being in Seligman's care.,13.9682,2013-12-25,Nymphomaniac: Vol. II,6.707,3117,"['Drama', 'Mystery']"
False,629,en,The Usual Suspects,"Held in an L.A. interrogation room, Verbal Kint attempts to convince the feds that a mythic crime lord, Keyser Soze, not only exists, but was also responsible for drawing him and his four partners into a multi-million dollar heist that ended with an explosion in San Pedro harbor – leaving few survivors. Verbal lures his interrogators with an incredible story of the crime lord's almost supernatural prowess.",14.7031,1995-07-19,The Usual Suspects,8.17,11311,"['Drama', 'Crime', 'Thriller']"
False,1111873,en,Abigail,"A group of criminals kidnap a teenage ballet dancer, the daughter of a notorious gang leader, in order to obtain a ransom of $50 million, but over time, they discover that she is not just an ordinary girl. After the kidnappers begin to diminish, one by one, they discover, to their increasing horror, that they are locked inside with no normal little girl.",12.234,2024-04-16,Abigail,6.7,2020,"['Horror', 'Thriller']"
False,840326,fi,Sisu,"When an ex-soldier who discovers gold in the Lapland wilderness tries to take the loot into the city, German soldiers led by a brutal SS officer battle him.",11.6489,2022-09-09,Sisu,7.414,2779,"['Action', 'War', 'Thriller']"
False,1487320,es,El último gigante,"Follows Boris, a charismatic tour guide who unexpectedly reunites with his estranged father Julián. Their tense and emotional encounters explore past wounds and the possibility of forgiveness.",12.0422,2026-04-01,The Giant Falls,6.889,18,['Drama']
False,330457,en,Frozen II,"Elsa, Anna, Kristoff and Olaf head far into the forest to learn the truth about an ancient mystery of their kingdom.",14.3536,2019-11-20,Frozen II,7.233,10230,"['Family', 'Animation', 'Adventure', 'Comedy', 'Fantasy']"
False,72105,en,Ted,"John Bennett, a man whose childhood wish of bringing his teddy bear to life came true, now must decide between keeping the relationship with the bear or his girlfriend, Lori.",13.8248,2012-06-29,Ted,6.448,13081,"['Comedy', 'Fantasy']"
False,665,en,Ben-Hur,"In ancient Judea, a Jewish aristocrat opposing Roman occupation of his homeland reunites with his childhood friend, now a Roman commander — setting in motion a saga of betrayal, adventure, tragedy, revenge, and faith.",12.1377,1959-11-18,Ben-Hur,7.884,3109,"['History', 'Drama', 'Adventure']"
False,260513,en,Incredibles 2,"Elastigirl springs into action to save the day, while Mr. Incredible faces his greatest challenge yet – taking care of the problems of his three children.",12.6019,2018-06-14,Incredibles 2,7.451,13607,"['Action', 'Adventure', 'Animation', 'Family']"
False,36647,en,Blade,"The Daywalker known as ""Blade"" - a half-vampire, half-mortal man - becomes the protector of humanity against an underground army of vampires.",14.0098,1998-08-21,Blade,6.826,6632,"['Horror', 'Action']"
False,954,en,Mission: Impossible,"When Ethan Hunt, the leader of a crack espionage team whose perilous operation has gone awry with no explanation, discovers that a mole has penetrated the CIA, he's surprised to learn that he's the prime suspect. To clear his name, Hunt now must ferret out the real double agent and, in the process, even the score.",14.5142,1996-05-22,Mission: Impossible,7.0,9900,"['Adventure', 'Action', 'Thriller']"
False,454626,en,Sonic the Hedgehog,"Powered with incredible speed, Sonic The Hedgehog embraces his new home on Earth. That is, until Sonic sparks the attention of super-uncool evil genius Dr. Robotnik. Now it’s super-villain vs. super-sonic in an all-out race across the globe to stop Robotnik from using Sonic’s unique power for world domination.",13.2742,2020-02-12,Sonic the Hedgehog,7.285,10337,"['Action', 'Science Fiction', 'Comedy', 'Family']"
False,812,en,Aladdin,"In the boorish city of Agrabah, kind-hearted street urchin Aladdin and Princess Jasmine fall in love, although she can only marry a prince. He and power-hungry Grand Vizier Jafar vie for a magic lamp that can fulfill their wishes.",18.4316,1992-11-25,Aladdin,7.653,11947,"['Animation', 'Family', 'Adventure', 'Fantasy', 'Romance']"
False,1034541,en,Terrifier 3,"Five years after surviving Art the Clown's Halloween massacre, Sienna and Jonathan are still struggling to rebuild their shattered lives. As the holiday season approaches, they try to embrace the Christmas spirit and leave the horrors of the past behind. But just when they think they're safe, Art returns, determined to turn their holiday cheer into a new nightmare. The festive season quickly unravels as Art unleashes his twisted brand of terror, proving that no holiday is safe.",13.9655,2024-10-09,Terrifier 3,6.788,1916,['Horror']
False,1602783,ta,தாய் கிழவி,"Pavunuthaayi is a fiercely independent, intimidating elderly woman in a rural village, known for being tough, ruthless, and blunt-especially as a moneylender whose strict enforcement of dues makes her feared by locals.",12.2232,2026-02-27,Thaai Kizhavi,6.857,7,"['Comedy', 'Drama']"
False,10591,en,The Girl Next Door,"Exceptionally ambitious high schooler Matthew has aspirations for a career in politics when he falls in love with his gorgeous 19-year-old neighbor, Danielle. But Matthew's bright future is jeopardized when he finds Danielle was once a porn star. As Danielle's past catches up with her, Matthew's love for her forces him to re-evaluate his goals.",14.3978,2004-04-09,The Girl Next Door,6.733,3959,"['Comedy', 'Romance']"
False,709631,en,Cobweb,"Eight year old Peter is plagued by a mysterious, constant tapping from inside his bedroom wall—one that his parents insist is all in his imagination. As Peter's fear intensifies, he believes that his parents could be hiding a terrible, dangerous secret and questions their trustworthiness.",15.1589,2023-07-19,Cobweb,6.437,1045,['Horror']
False,82702,en,How to Train Your Dragon 2,"Five years after uniting the dragons and Vikings of Berk, Hiccup and Toothless soar beyond their homeland, charting the vast unknown. During one of their adventures, the pair discover a secret cave that houses hundreds of wild dragons -- and a mysterious dragon rider with a startling connection to Hiccup. And as the ruthless dragon conqueror Drago Bludvist rises to seize control of both dragons and people alike, Hiccup must step into his role as a true leader and, alongside his friends and Toothless, protect Berk from a devastating war.",12.3611,2014-06-05,How to Train Your Dragon 2,7.679,10353,"['Fantasy', 'Action', 'Adventure', 'Animation', 'Family']"
False,950,en,Ice Age: The Meltdown,"Diego, Manny and Sid return in this sequel to the hit animated movie Ice Age. This time around, the deep freeze is over, and the ice-covered earth is starting to melt, which will destroy the trio's cherished valley. The impending disaster prompts them to reunite and warn all the other beasts about the desperate situation.",11.9353,2006-03-29,Ice Age: The Meltdown,6.716,10288,"['Animation', 'Family', 'Comedy', 'Adventure']"
False,73,en,American History X,"Derek Vineyard is paroled after serving 3 years in prison for killing two African-American men. Through his brother, Danny Vineyard's narration, we learn that before going to prison, Derek was a skinhead and the leader of a violent white supremacist gang that committed acts of racial crime throughout L.A. and his actions greatly influenced Danny. Reformed and fresh out of prison, Derek severs contact with the gang and becomes determined to keep Danny from going down the same violent path as he did.",14.6038,1998-07-01,American History X,8.328,12475,['Drama']
False,1239134,hi,Bhooth Bangla,"A man inherits a palace in rural Mangalpur and plans his sister's wedding there, but strange supernatural events and panicked locals force him to investigate the property's mysterious past.",13.7795,2026-04-16,Bhooth Bangla,6.4,5,"['Horror', 'Comedy']"
False,185,en,A Clockwork Orange,"In a near-future Britain, young Alexander DeLarge and his pals get their kicks beating and raping anyone they please. When not destroying the lives of others, Alex swoons to the music of Beethoven. The state, eager to crack down on juvenile crime, gives an incarcerated Alex the option to undergo an invasive procedure that'll rob him of all personal agency. In a time when conscience is a commodity, can Alex change his tune?",13.7618,1971-10-28,A Clockwork Orange,8.2,13741,"['Science Fiction', 'Crime']"
False,11970,en,Hercules,"Bestowed with superhuman strength, a young mortal named Hercules sets out to prove himself a hero in the eyes of his father, the great god Zeus. Along with his friends Pegasus, a flying horse, and Phil, a personal trainer, Hercules is tricked by the hilarious, hotheaded villain Hades, who's plotting to take over Mount Olympus!",13.5058,1997-06-13,Hercules,7.491,7875,"['Animation', 'Family', 'Fantasy', 'Adventure', 'Comedy', 'Romance']"
False,545611,en,Everything Everywhere All at Once,"An aging Chinese immigrant is swept up in an insane adventure, where she alone can save what's important to her by connecting with the lives she could have led in other universes.",15.6886,2022-03-24,Everything Everywhere All at Once,7.72,7839,"['Action', 'Adventure', 'Science Fiction']"
False,568124,en,Encanto,"The tale of an extraordinary family, the Madrigals, who live hidden in the mountains of Colombia, in a magical house, in a vibrant town, in a wondrous, charmed place called an Encanto. The magic of the Encanto has blessed every child in the family—every child except one, Mirabel. But when she discovers that the magic surrounding the Encanto is in danger, Mirabel decides that she, the only ordinary Madrigal, might just be her exceptional family's last hope.",13.8875,2021-10-13,Encanto,7.57,10143,"['Animation', 'Comedy', 'Family', 'Fantasy']"
False,41446,en,Scream 4,"Fifteen years after the original Woodsboro murders, Sidney Prescott returns home to promote her new book about surviving trauma, only for a new Ghostface killer to emerge, targeting a new group of teens.",13.9352,2011-04-13,Scream 4,6.48,4131,"['Horror', 'Mystery']"
False,1366906,en,The Gates,"Three friends' road trip turns terrifying when they witness a murder in a gated community. Trapped inside, hunted by residents who blame them, their bond fractures as a charismatic yet sinister patriarch closes in.",11.5202,2026-03-13,The Gates,6.556,10,['Thriller']
False,3933,en,Corpse Bride,"In a 19th-century European village, a young man about to be married is whisked away to the underworld and wed to a mysterious corpse bride, while his real bride waits bereft in the land of the living.",12.5734,2005-09-12,Corpse Bride,7.586,10107,"['Romance', 'Fantasy', 'Animation']"
False,1366906,en,The Gates,"Three friends' road trip turns terrifying when they witness a murder in a gated community. Trapped inside, hunted by residents who blame them, their bond fractures as a charismatic yet sinister patriarch closes in.",11.5202,2026-03-13,The Gates,6.556,10,['Thriller']
False,3933,en,Corpse Bride,"In a 19th-century European village, a young man about to be married is whisked away to the underworld and wed to a mysterious corpse bride, while his real bride waits bereft in the land of the living.",12.5734,2005-09-12,Corpse Bride,7.586,10107,"['Romance', 'Fantasy', 'Animation']"
False,50014,en,The Help,"Aibileen Clark is a middle-aged African-American maid who has spent her life raising white children and has recently lost her only son; Minny Jackson is an African-American maid who has often offended her employers despite her family's struggles with money and her desperate need for jobs; and Eugenia ""Skeeter"" Phelan is a young white woman who has recently moved back home after graduating college to find out her childhood maid has mysteriously disappeared. These three stories intertwine to explain how life in Jackson, Mississippi revolves around ""the help""; yet they are always kept at a certain distance because of racial lines.",13.8228,2011-08-09,The Help,8.197,8952,['Drama']
False,1100782,en,Smile 2,"About to embark on a new world tour, global pop sensation Skye Riley begins experiencing increasingly terrifying and inexplicable events. Overwhelmed by the escalating horrors and the pressures of fame, Skye is forced to face her dark past to regain control of her life before it spirals out of control.",12.9456,2024-10-16,Smile 2,6.59,2086,"['Horror', 'Mystery', 'Music']"
False,1495694,en,Beauty from Pain,"After a devastating heartbreak, an aspiring musician escapes to Australia. She agrees to a no-strings romance with a billionaire winemaker, but when she falls in love she must choose to walk away or risk her heart on a man afraid to love.",12.7989,2025-12-18,Beauty from Pain,7.0,14,"['Romance', 'Drama']"
False,1562,en,28 Weeks Later,"Twenty-eight weeks after the spread of a deadly rage virus, the inhabitants of the British Isles have lost their battle against the onslaught, as the virus has killed everyone there. Six months later, a group of Americans dare to set foot on the Isles, convinced the danger has passed. But it soon becomes all too clear that the scourge continues to live, waiting to pounce on its next victims.",11.8046,2007-04-26,28 Weeks Later,6.606,5481,"['Horror', 'Thriller', 'Science Fiction']"
False,1542352,ta,யூத்,"Youth follows Praveen, a 15-year-old boy who enters adolescence determined to find true love before school ends. As he goes through multiple relationships and heartbreaks, he slowly begins to understand what love truly means. Along the way, the experiences shape his growth, maturity, and outlook on life.",13.2296,2026-03-19,Youth,6.0,1,"['Comedy', 'Romance', 'Drama']"
False,240832,en,Lucy,"A woman, accidentally caught in a dark deal, turns the tables on her captors and transforms into a merciless warrior evolved beyond human logic.",12.5394,2014-07-25,Lucy,6.474,16963,"['Action', 'Science Fiction']"
False,854,en,The Mask,"Stanley Ipkiss, an insecure banker who has lost his zest for life stumbles upon an ancient mask, that turns him into a confident suave cartoon-like character who upsets his ordinary life.",14.0876,1994-07-29,The Mask,6.98,11161,"['Comedy', 'Fantasy', 'Crime', 'Romance']"
False,561,en,Constantine,"John Constantine has literally been to Hell and back. When he teams up with a policewoman to solve the mysterious suicide of her twin sister, their investigation takes them through the world of demons and angels that exists beneath the landscape of contemporary Los Angeles.",14.7618,2005-02-08,Constantine,7.121,7932,"['Fantasy', 'Action', 'Horror']"
False,420818,en,The Lion King,"Simba idolizes his father, King Mufasa, and takes to heart his own royal destiny. But not everyone in the kingdom celebrates the new cub's arrival. Scar, Mufasa's brother—and former heir to the throne—has plans of his own. The battle for Pride Rock is ravaged with betrayal, tragedy and drama, ultimately resulting in Simba's exile. With help from a curious pair of newfound friends, Simba will have to figure out how to grow up and take back what is rightfully his.",13.7868,2019-07-12,The Lion King,7.099,10701,"['Adventure', 'Drama', 'Family', 'Animation']"
False,62835,en,Colombiana,"After witnessing her parents’ murder as a child in Bogota, Cataleya Restrepo grows up to be a stone-cold assassin. She works for her uncle as a hitman by day, but her personal time is spent engaging in vigilante murders that she hopes will lead her to her ultimate target: the mobster responsible for her parents' death.",13.6045,2011-07-27,Colombiana,6.637,2835,"['Action', 'Thriller', 'Crime', 'Drama']"
False,20352,en,Despicable Me,"Gru is a supervillain determined to prove he’s the greatest by stealing the Moon. To pull off his plan, he adopts three orphaned girls—Margo, Edith, and Agnes—intending to use them as part of his scheme. However, as Gru bonds with the girls, his cold, villainous exterior begins to melt.",19.3184,2010-07-08,Despicable Me,7.257,15979,"['Family', 'Comedy', 'Animation', 'Science Fiction', 'Crime']"
False,11688,en,The Emperor's New Groove,"Emperor Kuzco is turned into a llama by his ex-administrator Yzma, and must now regain his throne and his human form with the help of Pacha, a gentle llama herder.",16.9188,2000-12-15,The Emperor's New Groove,7.559,7243,"['Adventure', 'Animation', 'Comedy', 'Family', 'Fantasy']"
False,566525,en,Shang-Chi and the Legend of the Ten Rings,Shang-Chi must confront the past he thought he left behind when he is drawn into the web of the mysterious Ten Rings organization.,11.8932,2021-09-01,Shang-Chi and the Legend of the Ten Rings,7.495,10290,"['Action', 'Adventure', 'Fantasy']"
False,1300968,en,The Hunger Games: Sunrise on the Reaping,"Return to the world of Panem 24 years before the events of The Hunger Games, starting on the morning of the reaping of the 50th Hunger Games, also known as the Second Quarter Quell.",12.0203,2026-11-18,The Hunger Games: Sunrise on the Reaping,0.0,0,"['Science Fiction', 'Action', 'Adventure']"
False,15512,en,Monsters vs Aliens,"When Susan Murphy is unwittingly clobbered by a meteor full of outer space gunk on her wedding day, she mysteriously grows to 49-feet-11-inches. The military jumps into action and captures Susan, secreting her away to a covert government compound. She is renamed Ginormica and placed in confinement with a ragtag group of Monsters...",12.0222,2009-03-19,Monsters vs Aliens,6.241,4918,"['Animation', 'Family', 'Adventure', 'Science Fiction']"
False,44896,en,Rango,"When Rango, a lost family pet, accidentally winds up in the gritty, gun-slinging Western town of Dirt, the theater-loving lizard suddenly finds himself the newly appointed sheriff. Welcomed as the last hope the town has been waiting for, Rango is forced to play his new role to the hilt and uncover the truth behind a looming water crisis—before his act catches up with him.",12.6504,2011-03-02,Rango,6.891,7027,"['Animation', 'Comedy', 'Family', 'Western', 'Adventure']"
False,9470,cn,功夫,"It's the 1940s, and the notorious Axe Gang terrorizes Shanghai. Small-time criminals Sing and Bone hope to join, but they only manage to make lots of very dangerous enemies. Fortunately for them, kung fu masters and hidden strength can be found in unlikely places. Now they just have to take on the entire Axe Gang.",13.0226,2004-02-10,Kung Fu Hustle,7.489,3132,"['Action', 'Comedy', 'Crime', 'Fantasy']"
False,460465,en,Mortal Kombat,"Washed-up MMA fighter Cole Young, unaware of his heritage, and hunted by Emperor Shang Tsung's best warrior, Sub-Zero, seeks out and trains with Earth's greatest champions as he prepares to stand against the enemies of Outworld in a high stakes battle for the universe.",14.9116,2021-04-07,Mortal Kombat,6.983,6264,"['Action', 'Fantasy', 'Adventure']"
False,438695,en,Sing 2,"Buster and his new cast now have their sights set on debuting a new show at the Crystal Tower Theater in glamorous Redshore City. But with no connections, he and his singers must sneak into the Crystal Entertainment offices, run by the ruthless wolf mogul Jimmy Crystal, where the gang pitches the ridiculous idea of casting the lion rock legend Clay Calloway in their show. Buster must embark on a quest to find the now-isolated Clay and persuade him to return to the stage.",12.1084,2021-12-01,Sing 2,7.833,4734,"['Animation', 'Music', 'Comedy', 'Family']"
False,8355,en,Ice Age: Dawn of the Dinosaurs,"Times are changing for Manny the moody mammoth, Sid the motor mouthed sloth and Diego the crafty saber-toothed tiger. Life heats up for our heroes when they meet some new and none-too-friendly neighbors – the mighty dinosaurs.",12.8512,2009-06-26,Ice Age: Dawn of the Dinosaurs,6.763,8812,"['Animation', 'Comedy', 'Family', 'Adventure']"
False,18239,en,The Twilight Saga: New Moon,"Forks, Washington resident Bella Swan is reeling from the departure of her vampire love, Edward Cullen, and finds comfort in her friendship with Jacob Black, a werewolf. But before she knows it, she's thrust into a centuries-old conflict, and her desire to be with Edward at any cost leads her to take greater and greater risks.",13.5466,2009-11-18,The Twilight Saga: New Moon,5.99,9696,"['Adventure', 'Fantasy', 'Drama', 'Romance']"
False,1635276,de,Therapie auf vier Pfoten,"In this tumultuous comedy, five eccentric dog owners seek help in dealing with their four-legged friends. Their last hope: an intensive course with the charismatic and legendary dog trainer Nodon in the Tyrolean mountains.",10.6343,2026-04-01,Eat Pray Bark,5.66,75,['Comedy']
False,1384216,en,The Dog Stars,"After the world's population has been ravaged by a pandemic, a man lives a lonesome existence in a Colorado airplane hangar with his dog and a dour gunman he has befriended. When a mysterious transmission comes through on the radio while he’s flying his old Cessna, it sparks a hunt for the provenance of the sound.",11.9919,2026-08-26,The Dog Stars,0.0,0,"['Adventure', 'Science Fiction', 'Thriller']"
False,157350,en,Divergent,"In a world divided into factions based on personality types, Tris learns that she's been classified as Divergent and won't fit in. When she discovers a plot to destroy Divergents, Tris and the mysterious Four must find out what makes Divergents dangerous before it's too late.",12.2892,2014-03-14,Divergent,6.905,13390,"['Action', 'Adventure', 'Science Fiction']"
False,377,en,A Nightmare on Elm Street,"Teenagers in a small town are dropping like flies, apparently in the grip of mass hysteria causing their suicides. A cop's daughter, Nancy Thompson, traces the cause to child molester Fred Krueger, who was burned alive by angry parents many years before. Krueger has now come back in the dreams of his killers' children, claiming their lives as his revenge. Nancy and her boyfriend, Glen, must devise a plan to lure the monster out of the realm of nightmares and into the real world...",13.2039,1984-11-09,A Nightmare on Elm Street,7.344,5674,['Horror']
False,1072790,en,Anyone But You,"After an amazing first date, Bea and Ben’s fiery attraction turns ice cold — until they find themselves unexpectedly reunited at a destination wedding in Australia. So they do what any two mature adults would do: pretend to be a couple.",12.9691,2023-12-21,Anyone But You,6.79,3008,"['Romance', 'Comedy']"
False,384527,it,Dolce... calda Lisa,"80's Italian sleaze with the luscious Claudia Rocchi, Italian porno regular Guia Lauri Filzi, and softcore actress Annj Goren.  The film is about Lisa, a young pretty wife stuck with an older husband who cannot satisfy her sexually nor in other ways.  She becomes bored with her everyday life and cheats on her husband sleeping with another older man.  Still not satisfied she hooks up with a rich man (Enzo Fisichella) who introduces her to a young stud (Mario Cutini) and his two lesbian playmates (Guia Lauri Filzi and Annj Goren). At the party Lisa is taken by the young man while the others watch. This seems to do the trick for Lisa. Her curiosity for the young man deepens and she wants to see him again. However, it turns out that he is a very rude partner instead of the gentle lover that she wanted.  Shot in Rome, Italy.",11.4631,1980-03-28,Dolce... calda Lisa,4.7,12,['Drama']
False,651114,en,Underwater,"A susceptible teenager, in trying to escape the tumult of his home, drowns himself in alcohol, drugs, and parties. Based on a true story.",14.6319,2016-09-24,Underwater,0.0,0,['Drama']
False,621,en,Grease,"Australian good girl Sandy and greaser Danny fell in love over the summer. But when they unexpectedly discover they're now in the same high school, will they be able to rekindle their romance despite their eccentric friends?",14.0709,1978-06-16,Grease,7.372,7629,"['Romance', 'Comedy']"
False,1813,en,The Devil's Advocate,"Aspiring Florida defense lawyer Kevin Lomax accepts a job at a New York law firm. With the stakes getting higher every case, Kevin quickly learns that his boss has something far more evil planned.",14.5141,1997-10-17,The Devil's Advocate,7.468,6708,"['Horror', 'Drama', 'Mystery']"
False,149,ja,AKIRA,A secret military project endangers Neo-Tokyo when it turns a biker gang member into a rampaging psychic psychopath that only two teenagers and a group of psychics can stop.,10.9133,1988-06-10,Akira,7.945,4721,"['Animation', 'Science Fiction', 'Action']"
False,1257009,en,Primitive War,"During the Vietnam War, a recon unit ventures to an isolated jungle valley to uncover the fate of a missing platoon. They soon find themselves in a fight for their lives against an unexpected enemy — prehistoric dinosaurs.",13.3784,2025-08-21,Primitive War,6.536,261,"['Action', 'Horror', 'War', 'Science Fiction']"
False,181812,en,Star Wars: The Rise of Skywalker,"The surviving Resistance faces the First Order once again as the journey of Rey, Finn and Poe Dameron continues. With the power and knowledge of generations behind them, the final battle begins.",12.7121,2019-12-18,Star Wars: The Rise of Skywalker,6.273,10747,"['Adventure', 'Action', 'Science Fiction']"
False,27,en,9 Songs,"Matt, a young glaciologist, soars across the vast, silent, icebound immensities of the South Pole as he recalls his love affair with Lisa. They meet at a mobbed rock concert in a vast music hall - London's Brixton Academy. They are in bed at night's end. Together, over a period of several months, they pursue a mutual sexual passion whose inevitable stages unfold in counterpoint to nine live-concert songs.",12.7159,2004-07-16,9 Songs,5.531,572,"['Drama', 'Music', 'Romance']"
False,345940,en,The Meg,"A deep sea submersible pilot revisits his past fears in the Mariana Trench, and accidentally unleashes the seventy foot ancestor of the Great White Shark believed to be extinct.",13.1698,2018-08-09,The Meg,6.247,8136,"['Action', 'Science Fiction', 'Horror']"
False,1265,en,Bridge to Terabithia,"Jesse Aarons trained all summer to become the fastest runner in school. So he's very upset when newcomer Leslie Burke outruns him and everyone else. Despite this and other differences including that she's rich, he's poor, she's a city girl, and he's a country boy the two become fast friends. Together they create Terabithia, a land of monsters, trolls, ogres, and giants where they rule as king and queen.",14.0825,2007-02-15,Bridge to Terabithia,7.307,5169,"['Adventure', 'Drama', 'Family']"
False,752,en,V for Vendetta,"In a world in which Great Britain has become a fascist state, a masked vigilante known only as “V” conducts guerrilla warfare against the oppressive British government. When V rescues a young woman from the secret police, he finds in her an ally with whom he can continue his fight to free the people of Britain.",12.6239,2006-02-23,V for Vendetta,7.899,15464,"['Action', 'Thriller', 'Science Fiction']"
False,484641,en,Anna,Beneath Anna Poliatova's striking beauty lies a secret that will unleash her indelible strength and skill to become one of the world's most feared government assassins.,11.6876,2019-06-19,Anna,6.7,2957,"['Action', 'Adventure', 'Thriller']"
False,10192,en,Shrek Forever After,"A midlife-crisis burdened Shrek, longing for the days when he felt like a real ogre, makes a pact with magic deal-maker Rumpelstiltskin. But when he's duped and sent to a twisted version of Far Far Away—where Rumpelstiltskin is king, ogres are hunted, and he and Fiona have never met—he sets out to restore his world and reclaim his true love.",13.9148,2010-05-20,Shrek Forever After,6.393,7889,"['Comedy', 'Adventure', 'Fantasy', 'Animation', 'Family']"
False,321612,en,Beauty and the Beast,A live-action adaptation of Disney's version of the classic tale of a cursed prince and a beautiful young woman who helps him break the spell.,13.9292,2017-03-16,Beauty and the Beast,6.968,15962,"['Family', 'Fantasy', 'Romance']"
False,1375646,ko,군체,"Professor Se-jeong is thrust into a bloody nightmare when a rapidly mutating virus is released during a biotech conference causing authorities to seal the facility. Trapped inside with no escape, Se-jeong along with a small group of survivors must fight to stay alive while the infected undergo horrific transformations.",14.8795,2026-05-21,Colony,0.0,0,"['Action', 'Thriller', 'Horror', 'Mystery']"
False,562,en,Die Hard,"NYPD cop John McClane's plan to reconcile with his estranged wife is thrown for a serious loop when, minutes after he arrives at her office's Christmas Party, the entire building is overtaken by a group of terrorists. With little help from the LAPD, wisecracking McClane sets out to single-handedly rescue the hostages and bring the bad guys down.",12.5201,1988-07-15,Die Hard,7.809,12180,"['Action', 'Thriller']"
False,105825,cn,聊齋三集之燈草和尚,"A wanderer meets a monk with magical powers and becomes entranced by a mural of exquisite dancing women. He enters the painting, unaware of the conspiracy behind it, and must rescue the women who are trapped within.",10.4501,1992-03-05,Erotic Ghost Story III,5.5,30,"['Horror', 'Drama', 'Fantasy']"
False,6844,en,The Ten Commandments,"Escaping death, a Hebrew infant is raised in a royal household to become a prince. Upon discovery of his true heritage, Moses embarks on a personal quest to reclaim his destiny as the leader and liberator of the Hebrew people.",12.0577,1956-10-05,The Ten Commandments,7.8,1834,"['Drama', 'History']"
False,414419,en,Kill Bill: The Whole Bloody Affair,"Quentin Tarantino's complete cut combining Kill Bill: Vol. 1 and Vol. 2 follows The Bride, a former assassin who awakens from a four-year coma after being shot by her mentor and lover, Bill. She embarks on a vengeful quest to eliminate Bill and the Deadly Viper Assassination Squad who betrayed her.",11.544,2011-03-27,Kill Bill: The Whole Bloody Affair,8.1,1217,"['Action', 'Crime']"
False,120467,en,The Grand Budapest Hotel,"The Grand Budapest Hotel tells of a legendary concierge at a famous European hotel between the wars and his friendship with a young employee who becomes his trusted protégé. The story involves the theft and recovery of a priceless Renaissance painting, the battle for an enormous family fortune and the slow and then sudden upheavals that transformed Europe during the first half of the 20th century.",12.1268,2014-02-26,The Grand Budapest Hotel,8.031,15970,"['Comedy', 'Drama']"
False,787699,en,Wonka,"Willy Wonka – chock-full of ideas and determined to change the world one delectable bite at a time – is proof that the best things in life begin with a dream, and if you’re lucky enough to meet Willy Wonka, anything is possible.",12.3945,2023-12-06,Wonka,7.04,4342,"['Comedy', 'Family', 'Fantasy']"
False,345887,en,The Equalizer 2,"Robert McCall, who serves an unflinching justice for the exploited and oppressed, embarks on a relentless, globe-trotting quest for vengeance when his former partner is murdered.",12.3878,2018-07-19,The Equalizer 2,6.784,5911,"['Action', 'Thriller', 'Crime']"
False,838365,zh,除却巫山,The film mainly tells the ups and downs and lingering love story between the young female writer Liu Yin (Peng Dan) and the young female college student (Deng Jiajia).,11.647,2007-06-27,Cloud,1.0,2,"['Drama', 'Romance']"
False,49530,en,In Time,"In the not-too-distant future, the aging gene has been switched off. To avoid overpopulation, time has become the currency and the way people pay for luxuries and necessities. The rich can live forever, while the rest struggle to negotiate for their immortality. A poor young man who suddenly comes into a fortune of time finds himself on the run from a corrupt police force known as the ""time keepers"".",10.2416,2011-10-27,In Time,6.969,12070,"['Action', 'Thriller', 'Science Fiction']"
False,141,en,Donnie Darko,"After narrowly escaping a bizarre accident, a troubled teenager is plagued by visions of a large bunny rabbit that manipulates him to commit a series of crimes.",11.9113,2001-01-19,Donnie Darko,7.764,13320,"['Fantasy', 'Drama', 'Mystery']"
False,1302007,tl,Kaulayaw,"Two college schoolmates venture into the world of cybersex to support their needs. They fulfill their fans' sexual fantasy only to realized that they too, are falling for each other.",11.8003,2024-07-18,Kaulayaw,5.0,5,['Drama']
False,273481,en,Sicario,An idealistic FBI agent is enlisted by a government task force to aid in the escalating war against drugs at the border area between the U.S. and Mexico.,14.3279,2015-09-17,Sicario,7.417,9464,"['Action', 'Crime', 'Thriller']"
False,911916,en,Spider-Man: Beyond the Spider-Verse,"Hunted by Miguel O'Hara's Spider Society and betrayed by his friends, Miles finds himself in the darkest corners of the Spider-Verse in search of a way home. Knowing that his family has been not only fractured but endangered by his calling, it's a race against the clock for Miles to travel across the wildest reaches of time and space to fight for and reunite everything he holds most dear.",10.2568,2027-06-17,Spider-Man: Beyond the Spider-Verse,0.0,0,"['Animation', 'Action', 'Adventure', 'Science Fiction']"
False,57800,en,Ice Age: Continental Drift,"Manny, Diego, and Sid embark upon another adventure after their continent is set adrift. Using an iceberg as a ship, they encounter sea creatures and battle pirates as they explore a new world.",14.2393,2012-06-27,Ice Age: Continental Drift,6.383,8058,"['Animation', 'Comedy', 'Adventure', 'Family']"
False,38700,en,Bad Boys for Life,"Marcus and Mike are forced to confront new threats, career changes, and midlife crises as they join the newly created elite team AMMO of the Miami police department to take down the ruthless Armando Armas, the vicious leader of a Miami drug cartel.",12.8848,2020-01-15,Bad Boys for Life,7.117,8692,"['Thriller', 'Action', 'Crime']"
False,260346,en,Taken 3,"Ex-government operative Bryan Mills finds his life is shattered when he's falsely accused of a murder that hits close to home. As he's pursued by a savvy police inspector, Mills employs his particular set of skills to track the real killer and exact his unique brand of justice.",11.7049,2014-12-16,Taken 3,6.26,6098,"['Thriller', 'Action']"
False,293167,en,Kong: Skull Island,"Explore the mysterious and dangerous home of the king of the apes as a team of explorers ventures deep inside the treacherous, primordial island.",13.1516,2017-03-08,Kong: Skull Island,6.552,11071,"['Action', 'Adventure', 'Fantasy']"
False,262500,en,Insurgent,Beatrice Prior must confront her inner demons and continue her fight against a powerful alliance which threatens to tear her society apart.,12.0928,2015-03-18,Insurgent,6.36,10387,"['Action', 'Science Fiction', 'Thriller']"
False,668489,en,Havoc,"When a drug heist swerves lethally out of control, a jaded cop fights his way through a corrupt city's criminal underworld to save a politician's son.",12.344,2025-04-25,Havoc,6.368,1191,"['Action', 'Crime', 'Thriller', 'Drama']"
False,1400336,en,Focker-In-Law,"Henry, son of Greg and Pam Focker, faces family chaos when he decides to marry a strong-willed woman who appears to be his complete mismatch.",14.0268,2026-11-25,Focker-In-Law,0.0,0,"['Comedy', 'Romance']"
False,1658217,tl,Sawsawan,"Karen plays Dolor, a street food vendor with big dreams. Men flock Dolor's stall not just for her dipping sauce but for the secret pleasure that comes with it.",11.433,2026-04-10,Sawsawan,5.0,1,['Drama']
False,27578,en,The Expendables,"Barney Ross leads a band of highly skilled mercenaries including knife enthusiast Lee Christmas, a martial arts expert Yin Yang, heavy weapons specialist Hale Caesar, demolitionist Toll Road, and a loose-cannon sniper Gunner Jensen. When the group is commissioned by the mysterious Mr. Church to assassinate the dictator of a small South American island, Barney and Lee visit the remote locale to scout out their opposition and discover the true nature of the conflict engulfing the city.",14.3905,2010-08-07,The Expendables,6.252,8234,"['Thriller', 'Adventure', 'Action']"
False,507089,en,Five Nights at Freddy's,"Recently fired and desperate for work, a troubled young man named Mike agrees to take a position as a night security guard at an abandoned theme restaurant: Freddy Fazbear's Pizzeria. But he soon discovers that nothing at Freddy's is what it seems.",13.6425,2023-10-25,Five Nights at Freddy's,7.33,4960,"['Horror', 'Thriller']"
False,254,en,King Kong,"In 1933 New York, an overly ambitious movie producer coerces his cast and hired ship crew to travel to mysterious Skull Island, where they encounter Kong, a giant ape who is immediately smitten with the leading lady.",12.821,2005-12-12,King Kong,6.887,8437,"['Adventure', 'Drama', 'Action']"
False,929590,en,Civil War,"In the near future, a group of war journalists attempt to survive while reporting the truth as the United States stands on the brink of civil war.",11.9535,2024-04-10,Civil War,6.855,4249,"['War', 'Action', 'Drama']"
False,1236814,ko,중년부부 스와핑 워크샵,"The young deputy Dong-sik and his wife, along with the middle-aged couple manager, went on a trip together as a couple. In fact, Dong-sik became involved in their friendship trip with ambitions for promotion. However, Dong-sik's wife, Eun-joo, takes care of her wives and is full of dissatisfaction because she seems to have become a helper for them instead of a trip. By chance, Dong-sik witnesses the manager's wife, Mal-sook, having an affair with her manager Seong-gil. In order to shut Dong-sik's mouth, Mal-sook starts her secret proposal...",13.8296,2023-04-21,Swapping Workshop for Middle-aged Couples,9.0,1,['Romance']
False,812583,en,Wake Up Dead Man: A Knives Out Mystery,"When young priest Jud Duplenticy is sent to assist charismatic firebrand Monsignor Jefferson Wicks, it’s clear that all is not well in the pews. After a sudden and seemingly impossible murder rocks the town, the lack of an obvious suspect prompts local police chief Geraldine Scott to join forces with renowned detective Benoit Blanc to unravel a mystery that defies all logic.",15.8307,2025-11-26,Wake Up Dead Man: A Knives Out Mystery,7.203,2360,"['Thriller', 'Mystery', 'Comedy']"
False,770,en,Gone with the Wind,The spoiled daughter of a Georgia plantation owner conducts a tumultuous romance with a cynical profiteer during the American Civil War and Reconstruction Era.,12.3022,1939-12-15,Gone with the Wind,7.916,4349,"['Drama', 'War', 'Romance']"
False,1326106,ja,怪獣８号 第1期総集編／同時上映「保科の休日」,"In a Kaiju-filled Japan, Kafka Hibino works in monster disposal. After reuniting with his childhood friend Mina Ashiro, a rising star in the anti-Kaiju Defense Force, he decides to pursue his abandoned dream of joining the Force, when he suddenly transforms into the powerful ""Kaiju No. 8."" An action-packed recap of the first season of Kaiju No. 8 and a new original episode, Hoshina's Day Off.",11.4183,2025-03-28,Kaiju No. 8: Mission Recon,7.965,86,"['Animation', 'Action', 'Science Fiction']"
False,22832,en,Ninja Assassin,"Ninja Assassin follows Raizo, one of the deadliest assassins in the world. Taken from the streets as a child, he was transformed into a trained killer by the Ozunu Clan, a secret society whose very existence is considered a myth. But haunted by the merciless execution of his friend by the Clan, Raizo breaks free from them and vanishes. Now he waits, preparing to exact his revenge.",12.2556,2009-09-29,Ninja Assassin,6.672,1746,"['Action', 'Adventure', 'Thriller']"
False,466420,en,Killers of the Flower Moon,"When oil is discovered in 1920s Oklahoma under Osage Nation land, the Osage people are murdered one by one—until the FBI steps in to unravel the mystery.",12.7701,2023-10-18,Killers of the Flower Moon,7.398,4071,"['Crime', 'History', 'Drama']"
False,508883,ja,君たちはどう生きるか,"While the Second World War rages, the teenage Mahito, haunted by his mother's tragic death, is relocated from Tokyo to the serene rural home of his new stepmother Natsuko, a woman who bears a striking resemblance to the boy's mother.  As he tries to adjust, this strange new world grows even stranger following the appearance of a persistent gray heron, who perplexes and bedevils Mahito, dubbing him the ""long-awaited one.""",13.3741,2023-07-14,The Boy and the Heron,7.408,2594,"['Animation', 'Fantasy', 'Drama']"
False,804370,fr,Arco,"10-year-old Arco lives in a far future. During his first flight in his rainbow suit, he loses control and falls into the past. Iris, a girl his age from 2075, comes to his rescue and tries by all means to help send him back to his era.",9.1597,2025-10-22,Arco,7.483,180,"['Animation', 'Adventure', 'Fantasy', 'Family', 'Science Fiction']"
False,299054,en,Expend4bles,"Armed with every weapon they can get their hands on and the skills to use them, The Expendables are the world’s last line of defense and the team that gets called when all other options are off the table. But new team members with new styles and tactics are going to give “new blood” a whole new meaning.",12.1333,2023-09-15,Expend4bles,6.1,1852,"['Action', 'Adventure', 'Thriller']"
False,615777,en,Babylon,"A tale of outsized ambition and outrageous excess, tracing the rise and fall of multiple characters in an era of unbridled decadence and depravity during Hollywood's transition from silent films to sound films in the late 1920s.",14.0389,2022-12-22,Babylon,7.361,3728,"['Drama', 'Comedy']"
False,439079,en,The Nun,A priest with a dark past and a novice nearing her final vows are sent by the Vatican to Romania to investigate a nun's death and face a demonic force.,13.9123,2018-09-05,The Nun,5.902,7131,['Horror']
False,9584,en,Convoy,"Trucker Rubber Duck and his buddies Pig Pen, Widow Woman and Spider Mike use their CB radios to warn one another of the presence of cops. But conniving Sheriff Wallace is hip to the truckers' tactics, and begins tricking the drivers through his own CB broadcasts. Facing constant harassment from the law, Rubber Duck and his pals use their radios to coordinate a vast convoy and rule the road.",13.0999,1978-06-27,Convoy,6.293,417,"['Action', 'Comedy', 'Drama']"
False,196867,en,Annie,"Annie is a young, happy foster kid who's also tough enough to make her way on the streets of New York in 2014. Originally left by her parents as a baby with the promise that they'd be back for her someday, it's been a hard knock life ever since with her mean foster mom Miss Hannigan. But everything's about to change when the hard-nosed tycoon and New York mayoral candidate Will Stacks—advised by his brilliant VP and his shrewd and scheming campaign advisor—makes a thinly-veiled campaign move and takes her in. Stacks believes he's her guardian angel, but Annie's self-assured nature and bright, sun-will-come-out-tomorrow outlook on life just might mean it's the other way around.",12.1912,2014-12-18,Annie,6.234,1345,"['Comedy', 'Drama', 'Family']"
False,1079091,en,It Ends with Us,"When a woman's first love suddenly reenters her life, her relationship with a charming, but abusive neurosurgeon is upended, and she realizes she must learn to rely on her own strength to make an impossible choice for her future.",11.6544,2024-08-07,It Ends with Us,6.941,1891,"['Drama', 'Romance']"
False,8358,en,Cast Away,"Chuck Noland, a top international manager for FedEx, and Kelly, a Ph.D. student, are in love and heading towards marriage. Then Chuck's plane to Malaysia crashes at sea during a terrible storm. He's the only survivor, and finds himself marooned on a desolate island. With no way to escape, Chuck must find ways to survive in his new home.",12.4891,2000-12-22,Cast Away,7.662,12186,"['Adventure', 'Drama']"
False,550988,en,Free Guy,"A bank teller discovers he is actually a background player in an open-world video game, and decides to become the hero of his own story. Now, in a world where there are no limits, he is determined to be the guy who saves his world his way before it's too late.",12.6113,2021-08-11,Free Guy,7.452,9707,"['Comedy', 'Adventure', 'Science Fiction']"
False,9737,en,Bad Boys,"Marcus Burnett is a henpecked family man. Mike Lowrey is a footloose and fancy free ladies' man. Both Miami policemen, they have 72 hours to reclaim a consignment of drugs stolen from under their station's nose. To complicate matters, in order to get the assistance of the sole witness to a murder, they have to pretend to be each other.",12.3363,1995-04-07,Bad Boys,6.8,6889,"['Action', 'Comedy', 'Crime', 'Thriller']"
False,166428,en,How to Train Your Dragon: The Hidden World,"As Hiccup fulfills his dream of creating a peaceful dragon utopia, Toothless’ discovery of an untamed, elusive mate draws the Night Fury away. When danger mounts at home and Hiccup’s reign as village chief is tested, both dragon and rider must make impossible decisions to save their kind.",12.2039,2019-01-03,How to Train Your Dragon: The Hidden World,7.749,7041,"['Animation', 'Family', 'Adventure']"
False,75656,en,Now You See Me,An FBI agent and an Interpol detective track a team of illusionists who pull off bank heists during their performances and reward their audiences with the money.,13.9238,2013-05-29,Now You See Me,7.332,16672,"['Thriller', 'Crime']"
False,585083,en,Hotel Transylvania: Transformania,"When Van Helsing's mysterious invention, the ""Monsterfication Ray,"" goes haywire, Drac and his monster pals are all transformed into humans, and Johnny becomes a monster. In their new mismatched bodies, Drac and Johnny must team up and race across the globe to find a cure before it's too late, and before they drive each other crazy.",10.4152,2022-01-31,Hotel Transylvania: Transformania,7.037,2998,"['Animation', 'Comedy', 'Family', 'Adventure', 'Fantasy']"
False,615457,en,Nobody,"Hutch Mansell, a suburban dad, overlooked husband, nothing neighbor — a ""nobody."" When two thieves break into his home one night, Hutch's unknown long-simmering rage is ignited and propels him on a brutal path that will uncover dark secrets he fought to leave behind.",17.1561,2021-03-18,Nobody,7.882,8217,"['Action', 'Thriller']"
False,294254,en,Maze Runner: The Scorch Trials,"Thomas and his fellow Gladers face their greatest challenge yet: searching for clues about the mysterious and powerful organization known as WCKD. Their journey takes them to the Scorch, a desolate landscape filled with unimaginable obstacles. Teaming up with resistance fighters, the Gladers take on WCKD’s vastly superior forces and uncover its shocking plans for them all.",11.1077,2015-09-09,Maze Runner: The Scorch Trials,6.729,10952,"['Science Fiction', 'Action', 'Thriller', 'Adventure']"
False,307081,en,Southpaw,"Billy ""The Great"" Hope, the reigning junior middleweight boxing champion, has an impressive career, a loving wife and daughter, and a lavish lifestyle. However, when tragedy strikes, Billy hits rock bottom, losing his family, his house and his manager. He soon finds an unlikely savior in Tick Willis, a former fighter who trains the city's toughest amateur boxers. With his future on the line, Hope fights to reclaim the trust of those he loves the most.",12.2681,2015-07-22,Southpaw,7.362,5773,"['Action', 'Drama']"
False,37135,en,Tarzan,"Tarzan was a small orphan who was raised by an ape named Kala since he was a child. He believed that this was his family, but on an expedition Jane Porter is rescued by Tarzan. He then finds out that he's human. Now Tarzan must make the decision as to which family he should belong to...",12.2542,1999-06-17,Tarzan,7.396,7275,"['Animation', 'Family', 'Adventure']"
False,698508,en,Redeeming Love,"A young couple's relationship clashes with the harsh realities of the California Gold Rush of 1850. Angel, experiencing love for the first time and facing demons unsurmountable, runs from the new life she doesn't believe she deserves. When Michael sets out to find her, Angel discovers that she indeed has the power to choose the life she wants.",12.7388,2022-01-21,Redeeming Love,7.84,732,"['Romance', 'Drama', 'Western']"
False,1124566,no,Affeksjonsverdi,"Sisters Nora and Agnes reunite with their estranged father, the charismatic Gustav, a once-renowned director who offers stage actress Nora a role in what he hopes will be his comeback film. When Nora turns it down, she soon discovers he has given her part to an eager young Hollywood star.",10.581,2025-08-20,Sentimental Value,7.497,828,['Drama']
False,62201,hi,शहँशाह,"Inspector Srivastav is framed by a wily and cunning gangster, J.K., and unable to prove his innocence, hangs himself, leaving behind his wife, and son, Vijay. Years later, Vijay has grown up and has joined the police force as an Inspector. Unlike his dad, he is corrupt and does accept bribes to turn a nelson's eye to crime. The City Police are assigned the task of apprehending a customed man called ""Shahenshah"", who operates at night and targets, tries and kills gangsters in a ""Judge and Executioner ""style. No one knows the real identity of Shahenshah, as he is feared by the police department, and respected by the poor and middle-class.",10.3107,1988-01-29,Shahenshah,6.3,26,['Action']
False,577922,en,Tenet,"Armed with only one word - Tenet - and fighting for the survival of the entire world, the Protagonist journeys through a twilight world of international espionage on a mission that will unfold in something beyond real time.",12.9573,2020-08-22,Tenet,7.173,11005,"['Action', 'Thriller', 'Science Fiction']"
False,135397,en,Jurassic World,"Twenty-two years after the events of Jurassic Park, Isla Nublar now features a fully functioning dinosaur theme park, Jurassic World, as originally envisioned by John Hammond.",12.922,2015-06-06,Jurassic World,6.699,21468,"['Action', 'Adventure', 'Science Fiction', 'Thriller']"
False,135397,en,Jurassic World,"Twenty-two years after the events of Jurassic Park, Isla Nublar now features a fully functioning dinosaur theme park, Jurassic World, as originally envisioned by John Hammond.",12.922,2015-06-06,Jurassic World,6.699,21468,"['Action', 'Adventure', 'Science Fiction', 'Thriller']"
False,1585,en,It's a Wonderful Life,"George Bailey has spent his entire life giving to the people of Bedford Falls.  All that prevents rich skinflint Mr. Potter from taking over the entire town is George's modest building and loan company.  But on Christmas Eve the business's $8,000 is lost and George's troubles begin.",13.3956,1946-12-20,It's a Wonderful Life,8.3,4859,"['Drama', 'Family', 'Fantasy']"
False,809,en,Shrek 2,"Happily ever after never seemed so far far away when a trip to meet the in-laws turns into a hilariously twisted adventure for Shrek and Fiona. With the help of his faithful Donkey, Shrek takes on a potion-brewing Fairy Godmother, the pompous Prince Charming, and the ogre-killer, Puss In Boots.",16.9036,2004-05-19,Shrek 2,7.31,13339,"['Animation', 'Family', 'Comedy', 'Fantasy', 'Romance']"
False,102899,en,Ant-Man,"Armed with the astonishing ability to shrink in scale but increase in strength, master thief Scott Lang must embrace his inner-hero and help his mentor, Doctor Hank Pym, protect the secret behind his spectacular Ant-Man suit from a new generation of towering threats. Against seemingly insurmountable obstacles, Pym and Lang must plan and pull off a heist that will save the world.",11.6493,2015-07-14,Ant-Man,7.066,20764,"['Science Fiction', 'Adventure', 'Action']"
False,601666,en,I Care a Lot,A court-appointed legal guardian defrauds her older clients and traps them under her care. But her latest mark comes with some unexpected baggage.,12.8157,2021-02-19,I Care a Lot,6.575,2950,"['Crime', 'Thriller', 'Drama', 'Comedy']"
False,38055,en,Megamind,"After Megamind, a highly intelligent alien supervillain, defeats his long-time nemesis Metro Man, Megamind creates a new hero to fight, but must act to save the city when his ""creation"" becomes an even worse villain than he was.",12.1184,2010-10-28,Megamind,7.022,7414,"['Animation', 'Action', 'Comedy', 'Family', 'Science Fiction']"
False,552848,ko,초대녀,"Eun-mi and her husband have been married for 5 years, but they rarley have sex. Eun-mi goes through her SNS one late night and finds a post about 'invitation girls'. After thinking about it for a few days, she signs up for it and gets invited by Hyun-ji and her husband for a new and stimulating experience. Eun-mi shared her experience with her husband and 'swaps' with Hyun-ji and her husband....",10.5726,2018-06-26,Invitation Girl,4.2,5,['Romance']
False,50646,en,"Crazy, Stupid, Love.","Cal Weaver is living the American dream. He has a good job, a beautiful house, great children and a beautiful wife, named Emily. Cal's seemingly perfect life unravels, however, when he learns that Emily has been unfaithful and wants a divorce. Over 40 and suddenly single, Cal is adrift in the fickle world of dating. Enter, Jacob Palmer, a self-styled player who takes Cal under his wing and teaches him how to be a hit with the ladies.",12.7707,2011-07-29,"Crazy, Stupid, Love.",7.271,9203,"['Comedy', 'Drama', 'Romance']"
False,1163,en,The Miracle Worker,"Devoted teacher Anne Sullivan leads deaf, blind and mute Helen Keller out of solitude and helps integrate her into the world.",10.3598,2000-11-12,The Miracle Worker,7.1,38,"['Drama', 'TV Movie']"
False,185664,ja,団鬼六　修道女縄地獄,A woman gets caught by the wife of her lover which results in a stabbing. Feeling guilty she runs away and joins a nunnery. But she soon discovers that several nuns and a well known author have turned the place into their own personal S&M playground.,11.3568,1984-05-25,Nun in Rope Hell,6.2,36,"['Drama', 'Horror']"
False,70160,en,The Hunger Games,"In a dystopian society where the Capitol forces each district to send two young tributes to fight to the death in a televised spectacle, a girl volunteers to take her sister’s place, setting the stage for a struggle of survival and defiance.",12.2006,2012-03-12,The Hunger Games,7.222,23180,"['Science Fiction', 'Adventure', 'Action', 'Thriller']"
False,384018,en,Fast & Furious Presents: Hobbs & Shaw,"Ever since US Diplomatic Security Service Agent Hobbs and lawless outcast Shaw first faced off, they just have traded smack talk and body blows. But when cyber-genetically enhanced anarchist Brixton's ruthless actions threaten the future of humanity, they join forces to defeat him.",10.6733,2019-07-31,Fast & Furious Presents: Hobbs & Shaw,6.8,7698,"['Action', 'Adventure', 'Comedy']"
False,381284,en,Hidden Figures,"The untold story of Katherine G. Johnson, Dorothy Vaughan and Mary Jackson – brilliant African-American women working at NASA and serving as the brains behind one of the greatest operations in history – the launch of astronaut John Glenn into orbit. The visionary trio crossed all gender and race lines to inspire generations to dream big.",12.2578,2016-12-10,Hidden Figures,8.04,10346,"['Drama', 'History']"
False,10144,en,The Little Mermaid,This colorful adventure tells the story of an impetuous mermaid princess named Ariel who falls in love with the very human Prince Eric and puts everything on the line for the chance to be with him. Memorable songs and characters -- including the villainous sea witch Ursula.,12.3176,1989-11-17,The Little Mermaid,7.4,8364,"['Animation', 'Family', 'Fantasy']"
False,296,en,Terminator 3: Rise of the Machines,"It's been 10 years since John Connor saved Earth from Judgment Day, and he's now living under the radar, steering clear of using anything Skynet can trace. That is, until he encounters T-X, a robotic assassin ordered to finish what T-1000 started. Good thing Connor's former nemesis, the Terminator, is back to aid the now-adult Connor … just like he promised.",12.5542,2003-07-02,Terminator 3: Rise of the Machines,6.186,7186,"['Action', 'Thriller', 'Science Fiction']"
False,46195,en,Rio,"Captured by smugglers when he was just a hatchling, a macaw named Blu never learned to fly and lives a happily domesticated life in Minnesota with his human friend, Linda. Blu is thought to be the last of his kind, but when word comes that Jewel, a lone female, lives in Rio de Janeiro, Blu and Linda go to meet her. Animal smugglers kidnap Blu and Jewel, but the pair soon escape and begin a perilous adventure back to freedom -- and Linda.",12.0292,2011-04-03,Rio,6.761,7127,"['Animation', 'Adventure', 'Comedy', 'Family']"
False,845781,en,Red One,"After Santa Claus (codename: Red One) is kidnapped, the North Pole's Head of Security must team up with the world's most infamous tracker in a globe-trotting, action-packed mission to save Christmas.",12.6362,2024-10-31,Red One,6.99,3005,"['Action', 'Comedy', 'Fantasy']"
False,1083637,kn,ಕಾಂತಾರ: ಅಧ್ಯಾಯ - ೧,"During the Kadamba reign, King Vijayendra, the ruler of the fictional feudatory land of Bangra, meets his final fate while venturing into the mystical forest of Kantara. Witnessing this, his son Rajashekara seals the borders of their realm. Later, Prince Kulashekara reopens them through a brutal massacre. The protagonist, Berme, in search of prosperity, crosses the divide and ignites a conflict of faith, power, and destiny between the Kingdom and Nature.",12.0819,2025-10-01,Kantara - A Legend: Chapter 1,7.1,74,"['Action', 'Drama', 'Fantasy']"
False,28178,en,Hachi: A Dog's Tale,"Professor Wilson discovers a lost Akita puppy on his way home. Despite objections from his wife, Hachi endears himself to the family and grows to be Parker's loyal companion. As their bond grows deeper, a beautiful relationship unfolds.",11.0216,2009-06-08,Hachi: A Dog's Tale,8.0,7129,"['Drama', 'Family']"
False,434853,en,Space/Time,"After a fatal test shuts down their project, a disgraced team of scientists enters the criminal underworld to rebuild a forbidden space-bending engine that could rescue humanity or annihilate it entirely.",11.8589,2025-06-25,Space/Time,5.862,47,"['Science Fiction', 'Action', 'Thriller']"
False,1637319,en,Hannah Montana 20th Anniversary Special,"Filmed in front of a live studio audience and hosted by Alex Cooper of 'Call Her Daddy' fame, Miley Cyrus reflects on the creation and impact of the series with never-before-seen archival footage, all the while interacting and reminiscing on some of the show's most memorable sets 'brought back to life' — including the Stewart family living room and the legendary Hannah Montana closet.",11.9821,2026-03-23,Hannah Montana 20th Anniversary Special,7.2,71,"['Documentary', 'Music']"
False,124905,en,Godzilla,"Ford Brody, a Navy bomb expert, has just reunited with his family in San Francisco when he is forced to go to Japan to help his estranged father, Joe. Soon, both men are swept up in an escalating crisis when an ancient alpha predator arises from the sea to combat malevolent adversaries that threaten the survival of humanity. The creatures leave colossal destruction in their wake, as they make their way toward their final battleground: San Francisco.",12.9203,2014-05-14,Godzilla,6.353,9703,"['Action', 'Drama', 'Science Fiction']"
False,9732,en,The Lion King II: Simba's Pride,"The circle of life continues for Simba, now fully grown and in his rightful place as the king of Pride Rock. Simba and Nala have given birth to a daughter, Kiara who's as rebellious as her father was. But Kiara drives her parents to distraction when she catches the eye of Kovu, the son of the evil lioness, Zira. Will Kovu steal Kiara's heart?",11.7809,1998-10-24,The Lion King II: Simba's Pride,6.937,4651,"['Family', 'Adventure', 'Animation', 'Drama', 'Romance']"
False,749170,en,Heads of State,"The UK Prime Minister and US President have a public rivalry that risks their countries' alliance. But when they become targets of a powerful enemy, they're forced to rely on each other as they go on a wild, multinational run. Allied with Noel, a brilliant MI6 agent, they must find a way to thwart a conspiracy that threatens the free world.",12.6914,2025-06-24,Heads of State,6.817,1007,"['Action', 'Thriller', 'Comedy']"
False,639988,ko,어쩔수가없다,"After being laid off and humiliated by a ruthless job market, a veteran paper mill manager descends into violence in a desperate bid to reclaim his dignity.",13.3951,2025-09-24,No Other Choice,7.537,941,"['Comedy', 'Crime', 'Thriller']"
False,11423,ko,살인의 추억,"A sadistic serial rapist and murderer of young women terrorizes a small province in 1980s South Korea. To prevent further crimes, three increasingly desperate detectives with conflicting methods race against time to unravel the violent mind of the killer in a futile effort to solve the case.",10.007,2003-04-25,Memories of Murder,8.1,4518,"['Crime', 'Drama', 'Thriller']"
False,35552,fr,Les Aventures extraordinaires d'Adèle Blanc-Sec,"An adventure set in the early part of the 20th century, focused on a popular novelist and her dealings with would-be suitors, the cops, monsters, and other distractions.",11.0491,2010-04-09,The Extraordinary Adventures of Adèle Blanc-Sec,6.249,1474,"['Fantasy', 'Adventure', 'Action', 'Mystery']"
False,274855,en,Geostorm,"After an unprecedented series of natural disasters threatened the planet, the world's leaders came together to create an intricate network of satellites to control the global climate and keep everyone safe. But now, something has gone wrong: the system built to protect Earth is attacking it, and it becomes a race against the clock to uncover the real threat before a worldwide geostorm wipes out everything and everyone along with it.",11.0163,2017-10-12,Geostorm,6.111,5124,"['Action', 'Science Fiction', 'Thriller']"
False,1084244,en,Toy Story 5,"When Bonnie receives a Lilypad tablet as a gift and becomes obsessed, Buzz, Woody, Jessie and the rest of the gang's jobs become exponentially harder when they have to go head to head with the all-new threat to playtime.",11.1531,2026-06-17,Toy Story 5,0.0,0,"['Animation', 'Family', 'Comedy', 'Adventure']"
False,855,en,Black Hawk Down,"When U.S. Rangers and an elite Delta Force team attempt to kidnap two underlings of a Somali warlord, their Black Hawk helicopters are shot down, and the Americans suffer heavy casualties, facing intense fighting from the militia on the ground.",13.6054,2001-12-28,Black Hawk Down,7.392,6305,"['Action', 'War', 'History']"
False,281957,en,The Revenant,"In the 1820s, a frontiersman, Hugh Glass, sets out on a path of vengeance against those who left him for dead after a bear mauling.",11.1276,2015-12-25,The Revenant,7.54,19201,"['Western', 'Drama', 'Adventure']"
False,2832,en,Identity,"Complete strangers stranded at a remote desert motel during a raging storm soon find themselves the target of a deranged murderer. As their numbers thin out, the travelers begin to turn on each other, as each tries to figure out who the killer is.",12.7795,2003-04-25,Identity,7.178,4297,"['Mystery', 'Thriller']"
False,49444,en,Kung Fu Panda 2,"Po is finally living the dream as the Dragon Warrior—until a dark presence from his past comes roaring back. When the ruthless peacock Lord Shen unleashes a devastating new weapon used to wipe out kung fu masters across the land, Po and the Furious Five race across China to put an end to his plans. But if Po is to have any hope of stopping him, he must first confront the truth of his origins—and find inner peace before his past tears him apart.",12.0018,2011-05-25,Kung Fu Panda 2,7.059,7820,"['Animation', 'Family', 'Comedy']"
False,609681,en,The Marvels,"When her duties send her to an anomalous wormhole linked to a Kree revolutionary, Carol's powers become entangled with that of Jersey City super-fan Kamala Khan, aka Ms. Marvel, and Carol's estranged niece, now S.A.B.E.R. astronaut Captain Monica Rambeau. Together, this unlikely trio must team up and learn to work in concert to save the universe.",10.5712,2023-11-08,The Marvels,5.94,3308,"['Science Fiction', 'Adventure', 'Action']"
False,1102883,en,Mother Mary,Long-buried wounds rise to the surface when iconic pop star Mother Mary reunites with her estranged best friend and former costume designer Sam Anselm on the eve of her comeback performance.,9.1192,2026-04-16,Mother Mary,1.0,2,"['Music', 'Drama', 'Thriller']"
False,792307,en,Poor Things,"Brought back to life by an unorthodox scientist, a young woman runs off with a lawyer on a whirlwind adventure across the continents. Free from the prejudices of her times, she grows steadfast in her purpose to stand for equality and liberation.",13.2728,2023-12-07,Poor Things,7.6,5422,"['Science Fiction', 'Romance', 'Comedy']"
False,61791,en,Rise of the Planet of the Apes,"A highly intelligent chimpanzee named Caesar has been living a peaceful suburban life ever since he was born. But when he gets taken to a cruel primate facility, Caesar decides to revolt against those who have harmed him.",12.2433,2011-08-03,Rise of the Planet of the Apes,7.341,12673,"['Thriller', 'Action', 'Drama', 'Science Fiction']"
False,107,en,Snatch,"Unscrupulous boxing promoters, violent bookies, a Russian gangster, incompetent amateur robbers, and supposedly Jewish jewellers fight to track down a priceless stolen diamond.",11.3938,2000-09-01,Snatch,7.821,9893,"['Crime', 'Comedy']"
False,1124620,en,The Monkey,"When twin brothers find a mysterious wind-up monkey, a series of outrageous deaths tear their family apart. Twenty-five years later, the monkey begins a new killing spree forcing the estranged brothers to confront the cursed toy.",12.7124,2025-02-14,The Monkey,5.997,1258,"['Horror', 'Comedy']"
False,282035,en,The Mummy,"Though safely entombed in a crypt deep beneath the unforgiving desert, an ancient queen whose destiny was unjustly taken from her is awakened in our current day, bringing with her malevolence grown over millennia, and terrors that defy human comprehension.",11.5731,2017-06-06,The Mummy,5.517,7591,"['Fantasy', 'Thriller', 'Action', 'Adventure', 'Horror']"
False,756999,en,The Black Phone,"Finney Blake, a shy but clever 13-year-old boy, is abducted by a sadistic killer and trapped in a soundproof basement where screaming is of little use. When a disconnected phone on the wall begins to ring, Finney discovers that he can hear the voices of the killer’s previous victims. And they are dead set on making sure that what happened to them doesn’t happen to Finney.",9.6933,2022-06-16,The Black Phone,7.528,5762,"['Horror', 'Thriller']"
False,298250,en,Jigsaw,"Law enforcement finds itself chasing the ghost of a man dead for over a decade, embroiled in a diabolical new game that's only just begun.",11.4271,2017-10-25,Jigsaw,6.216,3928,"['Horror', 'Mystery']"
False,335,it,C'era una volta il West,"As the railroad builders advance unstoppably through the Arizona desert on their way to the sea, Jill arrives in the small town of Flagstone with the intention of starting a new life.",11.3112,1968-12-21,Once Upon a Time in the West,8.274,4854,"['Drama', 'Western']"
False,10830,en,Matilda,"Matilda Wormwood is an brilliant and intelligent little girl. Unfortunately, her parents, Harry and Zinnia, fail to see that fact. As time passes, she finally starts school and has a kind teacher, loyal friends, and a terrifying, sadistic headmistress. As she becomes fed up with the constant cruelty, she discovers she has a special gift that she just might be able to use to outwit the unruly adults around her.",13.0355,1996-08-02,Matilda,7.172,4771,"['Comedy', 'Family', 'Fantasy']"
False,14,en,American Beauty,"Lester Burnham, a depressed suburban father in a mid-life crisis, decides to turn his hectic life around after developing an infatuation with his daughter's attractive friend.",12.1203,1999-09-15,American Beauty,8.001,12956,['Drama']
False,963261,ko,아들의 여친 아빠의 여친 2,"Jeong-goo is in a relationship with his son's girlfriend, Mi-hee. Mi-hee feels guilty and breaks up with Yeong-jin, and Yeong-jin who is struggling because of it, got in a relationship with Joo-eun. Yeong-jin's ex-wife, Yeon-ri meets Jeong-goo by chance and finds out about the whole thing, and Yeon-ri who was curious about Jeong-goo, sleeps with him...",11.1383,2022-04-01,"Son's Girlfriend, Daddy's Girlfriend 2",4.0,2,['Romance']
False,80321,en,Madagascar 3: Europe's Most Wanted,"Animal pals Alex, Marty, Melman, and Gloria are still trying to make it back to New York's Central Park Zoo. They are forced to take a detour to Europe to find the penguins and chimps who broke the bank at a Monte Carlo casino. When French animal-control officer Capitaine Chantel DuBois picks up their scent, Alex and company are forced to hide out in a traveling circus.",10.1193,2012-06-06,Madagascar 3: Europe's Most Wanted,6.63,6516,"['Animation', 'Family', 'Comedy', 'Adventure']"
False,1278950,en,The Ritual,"Two priests, one in crisis with his faith and the other confronting a turbulent past, must overcome their differences to perform a risky exorcism.",11.4704,2025-04-18,The Ritual,5.9,269,"['Horror', 'Drama', 'Thriller']"
False,1466120,ko,데드 어게인,"Min-hyeok and Hae-ji, Seon-woong and Mi-mi, who came on a couple's trip to Vietnam, are very excited. Min-hyeok also enjoys a thrilling secret meeting with his wife Hae-ji as well as Mi-mi, who has been in a long-term relationship, and has a satisfying time.  However, Min-hyeok suddenly feels intense pain and stops breathing, and when he opens his eyes thinking he is going to die, it is his first day in Vietnam. Min-hyeok, who is confused about everything, finds out that there is a reason for the vacation that ends in death...",13.8185,2025-05-08,Dead Again,7.2,4,"['Thriller', 'Romance', 'Mystery']"
False,269509,en,The Canterville Ghost,"An American family moves in to the Canterville Chase, a London mansion that has been haunted by ghost Sir Simon De Canterville for 300 years.",9.2821,2023-09-22,The Canterville Ghost,6.7,54,"['Animation', 'Comedy', 'Family', 'Fantasy']"
False,639720,en,IF,"After discovering she can see everyone's imaginary friends, a girl embarks on a magical adventure to reconnect forgotten imaginary friends with their kids.",11.2903,2024-05-08,IF,6.963,1577,"['Comedy', 'Fantasy', 'Family']"
False,558449,en,Gladiator II,"Years after witnessing the death of the revered hero Maximus at the hands of his uncle, Lucius is forced to enter the Colosseum after his home is conquered by the tyrannical Emperors who now lead Rome with an iron fist. With rage in his heart and the future of the Empire at stake, Lucius must look to his past to find strength and honor to return the glory of Rome to its people.",14.7854,2024-11-13,Gladiator II,6.615,4329,"['Action', 'Adventure', 'Drama']"
False,22803,en,Law Abiding Citizen,A frustrated man decides to take justice into his own hands after a plea bargain sets one of his family's killers free. He targets not only the killer but also the district attorney and others involved in the deal.,11.8572,2009-10-15,Law Abiding Citizen,7.387,5616,"['Drama', 'Crime', 'Thriller']"
False,616,en,The Last Samurai,"Nathan Algren is an American hired to instruct the Japanese army in the ways of modern warfare, which finds him learning to respect the samurai and the honorable principles that rule them. Pressed to destroy the samurai's way of life in the name of modernization and open trade, Algren decides to become an ultimate warrior himself and to fight for their right to exist.",11.6806,2003-12-05,The Last Samurai,7.6,7468,"['Drama', 'Action', 'War']"
False,1056719,en,Terror Firma,"During a lockdown, Lola, a struggling artist, is forced to wait it out with her brother Louis and his crazy roommate Cage. After a mysterious batch of seeds arrive threatening to change the course of existence, Lola must fight to survive a surreal landscape of external and internal forces.",9.2408,2023-06-24,Terror Firma,6.0,3,['Thriller']
False,359364,fr,Human,"A collection of stories about and images of our world, offering an immersion to the core of what it means to be human. Through these stories full of love and happiness, as well as hatred and violence, it brings us face to face with the Other, making us reflect on our lives. From stories of everyday experiences to accounts of the most unbelievable lives, these poignant encounters share a rare sincerity and underline who we are – our darker side, but also what is most noble in us, and what is universal. Our Earth is shown at its most sublime through never-before-seen aerial images accompanied by soaring music, resulting in an ode to the beauty of the world, providing a moment to draw breath and for introspection. This film is a politically engaged work which allows us to embrace the human condition and to reflect on the meaning of our existence.",10.1889,2015-09-12,Human,8.454,307,['Documentary']
False,519465,da,Dronningen,"Anne, a brilliant and dedicated advocacy lawyer specialising in society’s most vulnerable, children and young adults, lives what appears to be the picture-perfect life with her doctor-husband, Peter, and their twin daughters. When her estranged teenage stepson, Gustav, moves in with them, Anne’s escalating desire leads her down a dangerous rabbit hole which, once exposed, unleashes a sequence of events destined to destroy her world.",11.9462,2019-03-27,Queen of Hearts,6.907,370,['Drama']
False,941,en,Lethal Weapon,A veteran cop and an unstable detective become partners who must put their differences aside in order to bring down a heroin-smuggling ring run by ex-Special Forces.,11.1438,1987-03-06,Lethal Weapon,7.288,4993,"['Action', 'Thriller', 'Crime']"
False,10501,en,The Road to El Dorado,"Stowing away after a failed con, a pair of swindlers end up on El Dorado, the fabled ""city of gold"", where they quickly get in over their heads when they are mistaken as gods by the inhabitants.",10.8438,2000-03-31,The Road to El Dorado,7.256,4015,"['Family', 'Adventure', 'Animation', 'Comedy', 'Fantasy']"
False,166426,en,Pirates of the Caribbean: Dead Men Tell No Tales,"Thrust into an all-new adventure, a down-on-his-luck Capt. Jack Sparrow feels the winds of ill-fortune blowing even more strongly when deadly ghost sailors led by his old nemesis, the evil Capt. Salazar, escape from the Devil's Triangle. Jack's only hope of survival lies in seeking out the legendary Trident of Poseidon, but to find it, he must forge an uneasy alliance with a brilliant and beautiful astronomer and a headstrong young man in the British navy.",11.1764,2017-05-23,Pirates of the Caribbean: Dead Men Tell No Tales,6.653,12728,"['Adventure', 'Action', 'Fantasy']"
False,13494,en,Red Sonja,A young girl rises from the ashes of tragedy to become the most feared warrior woman of all time: the She-Devil with a Sword.,10.4558,2025-07-31,Red Sonja,5.7,215,"['Adventure', 'Action', 'Fantasy', 'Drama']"
False,24021,en,The Twilight Saga: Eclipse,"Bella once again finds herself surrounded by danger as Seattle is ravaged by a string of mysterious killings and a malicious vampire continues her quest for revenge. In the midst of it all, she is forced to choose between her love for Edward and her friendship with Jacob, knowing that her decision has the potential to ignite the ageless struggle between vampire and werewolf. With her graduation quickly approaching, Bella is confronted with the most important decision of her life.",11.5479,2010-06-23,The Twilight Saga: Eclipse,6.195,9204,"['Adventure', 'Fantasy', 'Drama', 'Romance']"
False,1271,en,300,"A story very loosely based the 480 B.C. Battle of Thermopylae, where the King of Sparta led his army against the advancing Persians.",12.2618,2007-03-07,300,7.196,14631,"['Action', 'Adventure', 'War']"
False,37724,en,Skyfall,"When Bond's latest assignment goes gravely wrong, agents around the world are exposed and MI6 headquarters is attacked. While M faces challenges to her authority and position from Gareth Mallory, the new Chairman of the Intelligence and Security Committee, it's up to Bond, aided only by field agent Eve, to locate the mastermind behind the attack.",13.0925,2012-10-24,Skyfall,7.26,16044,"['Action', 'Adventure', 'Thriller']"
False,137113,en,Edge of Tomorrow,"Major Bill Cage is an officer who has never seen a day of combat when he is unceremoniously demoted and dropped into combat. Cage is killed within minutes, managing to take an alpha alien down with him. He awakens back at the beginning of the same day and is forced to fight and die again... and again - as physical contact with the alien has thrown him into a time loop.",12.9341,2014-05-27,Edge of Tomorrow,7.636,14936,"['Action', 'Science Fiction']"
False,115,en,The Big Lebowski,"Jeffrey 'The Dude' Lebowski, a Los Angeles slacker who only wants to bowl and drink White Russians, is mistaken for another Jeffrey Lebowski, a wheelchair-bound millionaire, and finds himself dragged into a strange series of events involving nihilists, adult film producers, ferrets, errant toes, and large sums of money.",13.1224,1998-03-06,The Big Lebowski,7.841,12085,"['Comedy', 'Crime']"
False,558,en,Spider-Man 2,"Peter Parker is going through a major identity crisis. Burned out from being Spider-Man, he decides to shelve his superhero alter ego, which leaves the city suffering in the wake of carnage left by the evil Doc Ock. In the meantime, Parker still can't act on his feelings for Mary Jane Watson, a girl he's loved since childhood. A certain anger begins to brew in his best friend Harry Osborn as well...",11.2961,2004-06-25,Spider-Man 2,7.303,16227,"['Action', 'Adventure', 'Science Fiction']"
False,507244,en,Afterburn,"Set against the backdrop of a postapocalyptic Earth whose Eastern Hemisphere was destroyed by a massive solar flare, leaving what life remains mutated from radiation and fallout. The story revolves around a group of treasure hunters who extract such objects as the Mona Lisa, the Rosetta Stone and the Crown Jewels while facing rival hunters, mutants and pirates.",11.048,2025-08-20,Afterburn,6.243,263,"['Action', 'Science Fiction', 'Comedy']"
False,75780,en,Jack Reacher,"One morning in an ordinary town, five people are shot dead in a seemingly random attack. All evidence points to a single suspect: an ex-military sniper who is quickly brought into custody. The interrogation yields one written note: 'Get Jack Reacher!'. Reacher, an enigmatic ex-Army investigator, believes the authorities have the right man but agrees to help the sniper's defense attorney. However, the more Reacher delves into the case, the less clear-cut it appears. So begins an extraordinary chase for the truth, pitting Jack Reacher against an unexpected enemy, with a skill for violence and a secret to keep.",11.2622,2012-12-20,Jack Reacher,6.659,7567,"['Crime', 'Drama', 'Thriller', 'Action']"
False,408,en,Snow White and the Seven Dwarfs,"A beautiful girl, Snow White, takes refuge in the forest in the house of seven dwarfs to hide from her stepmother, the wicked Queen. The Queen is jealous because she wants to be known as ""the fairest in the land,"" and Snow White's beauty surpasses her own.",12.2399,1938-01-14,Snow White and the Seven Dwarfs,7.122,7950,"['Fantasy', 'Animation', 'Family']"
False,318256,en,Hot Girls Wanted,A first-ever look at the realities of the professional “amateur” porn world and the steady stream of 18-to-19-year old girls entering into it.,11.9503,2015-01-24,Hot Girls Wanted,6.084,701,['Documentary']
False,1949,en,Zodiac,"Over the course of a decade, editors of the San Francisco Chronicle entice themselves in the murders of the Zodiac Killer. However, as time runs its course, interest in the case dwindles in the eyes of the professionals. The Killer stops interacting with the public. However, believing he has the answers, an amateur cartoonist from the initial sightings races against time to prevent what he believes is another murder.",12.4048,2007-03-02,Zodiac,7.529,11460,"['Crime', 'Mystery', 'Thriller']"
False,393,en,Kill Bill: Vol. 2,"The Bride unwaveringly continues on her roaring rampage of revenge against the band of assassins who had tried to kill her and her unborn child. She visits each of her former associates one-by-one, checking off the victims on her Death List Five until there's nothing left to do … but kill Bill.",12.5701,2004-04-16,Kill Bill: Vol. 2,7.878,14962,"['Action', 'Crime', 'Thriller']"
False,629542,en,The Bad Guys,"When the Bad Guys, a crew of criminal animals, are finally caught after years of heists and being the world’s most-wanted villains, Mr. Wolf brokers a deal to save them all from prison.",11.0404,2022-03-17,The Bad Guys,7.526,2516,"['Family', 'Comedy', 'Crime', 'Animation', 'Action']"
False,700391,en,65,"65 million years ago, the only 2 survivors of a spaceship from Somaris that crash-landed on Earth, must fend off dinosaurs to reach the escape vessel in time before an imminent asteroid strike threatens to destroy the planet.",11.7669,2023-03-02,65,5.95,2808,"['Action', 'Adventure', 'Science Fiction']"
False,700391,en,65,"65 million years ago, the only 2 survivors of a spaceship from Somaris that crash-landed on Earth, must fend off dinosaurs to reach the escape vessel in time before an imminent asteroid strike threatens to destroy the planet.",11.7669,2023-03-02,65,5.95,2808,"['Action', 'Adventure', 'Science Fiction']"
False,8681,en,Taken,"Bryan Mills, a former government operative, is trying to reconnect with his teenage daughter Kim. After reluctantly agreeing with his ex-wife to let Kim go to Paris on vacation with a friend, his worst nightmare comes true. While on the phone with his daughter shortly after she arrives in Paris, she and her friend are abducted by a gang of human traffickers. Working against the clock, Bryan relies on his extensive training and skills to track down the ruthless gang that abducted her and launch a one-man war to rescue his daughter.",11.7872,2008-02-18,Taken,7.402,12012,"['Action', 'Thriller']"
False,310131,en,The Witch,"In 1630, a farmer relocates his family to a remote plot of land on the edge of a forest where strange, unsettling things happen. With suspicion and paranoia mounting, each family member's faith, loyalty and love are tested in shocking ways.",11.4196,2016-02-19,The Witch,7.0,7585,['Horror']
False,9806,en,The Incredibles,"Bob Parr has given up his superhero days to log in time as an insurance adjuster and raise his three children with his formerly heroic wife in suburbia. But when he receives a mysterious assignment, it's time to get back into costume.",16.8344,2004-10-27,The Incredibles,7.7,18777,"['Action', 'Adventure', 'Animation', 'Family']"
False,868759,en,Ghosted,"Salt-of-the-earth Cole falls head over heels for enigmatic Sadie—but then makes the shocking discovery that she's a secret agent. Before they can decide on a second date, Cole and Sadie are swept away on an international adventure to save the world.",11.1863,2023-04-18,Ghosted,6.882,2156,"['Action', 'Comedy', 'Romance']"
False,1924,en,Superman,"Mild-mannered Clark Kent works as a reporter at the Daily Planet alongside his crush, Lois Lane. Clark must summon his superhero alter-ego when the nefarious Lex Luthor launches a plan to take over the world.",10.9081,1978-12-14,Superman,7.161,4229,"['Science Fiction', 'Action', 'Adventure']"
False,620,en,Ghostbusters,"After losing their university jobs, three parapsychologists start a ghost-catching business in New York City and uncover a supernatural threat that could destroy the world.",12.2757,1984-06-08,Ghostbusters,7.494,9680,"['Comedy', 'Fantasy']"
False,460458,en,Resident Evil: Welcome to Raccoon City,"Once the booming home of pharmaceutical giant Umbrella Corporation, Raccoon City is now a dying Midwestern town. The company’s exodus left the city a wasteland…with great evil brewing below the surface. When that evil is unleashed, the townspeople are forever…changed…and a small group of survivors must work together to uncover the truth behind Umbrella and make it through the night.",11.9891,2021-11-24,Resident Evil: Welcome to Raccoon City,5.936,2661,"['Action', 'Horror', 'Science Fiction']"
False,520763,en,A Quiet Place Part II,"Following the events at home, the Abbott family now face the terrors of the outside world. Forced to venture into the unknown, they realize that the creatures that hunt by sound are not the only threats that lurk beyond the sand path.",11.4574,2021-05-21,A Quiet Place Part II,7.4,7303,"['Science Fiction', 'Thriller', 'Horror']"
False,2493,en,The Princess Bride,"In this enchantingly cracked fairy tale, the beautiful Princess Buttercup and the dashing Westley must overcome staggering odds to find happiness amid six-fingered swordsmen, murderous princes, Sicilians and rodents of unusual size. But even death can't stop these true lovebirds from triumphing.",12.4901,1987-09-25,The Princess Bride,7.696,5045,"['Adventure', 'Family', 'Fantasy', 'Comedy', 'Romance']"
False,38575,en,The Karate Kid,"12-year-old Dre Parker could've been the most popular kid in Detroit, but his mother's latest career move has landed him in China. Dre immediately falls for his classmate Mei Ying but the cultural differences make such a friendship impossible. Even worse, Dre's feelings make him an enemy of the class bully, Cheng. With no friends in a strange land, Dre has nowhere to turn but maintenance man Mr. Han, who is a kung fu master. As Han teaches Dre that kung fu is not about punches and parries, but maturity and calm, Dre realizes that facing down the bullies will be the fight of his life.",13.4545,2010-06-10,The Karate Kid,6.566,6508,"['Action', 'Adventure', 'Drama', 'Family']"
False,6957,en,The 40 Year Old Virgin,"Andy Stitzer has a pleasant life with a nice apartment and a job stamping invoices at an electronics store. But at age 40, there's one thing Andy hasn't done, and it's really bothering his sex-obsessed male co-workers: Andy is still a virgin. Determined to help Andy get laid, the guys make it their mission to de-virginize him. But it all seems hopeless until Andy meets small business owner Trish, a single mom.",10.9604,2005-08-11,The 40 Year Old Virgin,6.419,7161,"['Comedy', 'Romance']"
False,1397937,ja,NN4444,"Four unsettling short films exploring psychological horror: a man who barks like a dog at strangers, madness at a party, eerie phenomena following a friend's death, and a lakeside gathering cursed by water.",24.5061,2024-02-16,NN4444,0.0,0,"['Thriller', 'Horror']"
False,772,en,Home Alone 2: Lost in New York,"Instead of flying to Florida with his folks, Kevin ends up alone in New York, where he gets a hotel room with his dad's credit card—despite problems from a clerk and meddling bellboy. But when Kevin runs into his old nemeses, the Wet Bandits, he's determined to foil their plans to rob a toy store on Christmas Eve.",13.0481,1992-11-15,Home Alone 2: Lost in New York,6.784,10546,"['Comedy', 'Family', 'Adventure']"
False,259316,en,Fantastic Beasts and Where to Find Them,"In 1926, Newt Scamander arrives at the Magical Congress of the United States of America with a magically expanded briefcase, which houses a number of dangerous creatures and their habitats. When the creatures escape from the briefcase, it sends the American wizarding authorities after Newt, and threatens to strain even further the state of magical and non-magical relations.",12.58,2016-11-16,Fantastic Beasts and Where to Find Them,7.308,19622,"['Fantasy', 'Adventure']"
False,893723,en,PAW Patrol: The Mighty Movie,"A magical meteor crash lands in Adventure City and gives the PAW Patrol pups superpowers, transforming them into The Mighty Pups.",11.7262,2023-09-21,PAW Patrol: The Mighty Movie,6.993,538,"['Family', 'Comedy', 'Adventure', 'Animation']"
False,862739,es,La virgen de la tosquera,"On the eve of the 2001 outbreak, Natalia falls madly in love with her lifelong friend Diego. The romance is interrupted when he meets the more experienced Silvia. With the help of her grandma Rita, Natalia decides to call on incantations and curses to jinx Diego and Silvia's blossoming relationship.",11.0981,2025-04-08,The Virgin of the Quarry Lake,5.933,30,"['Horror', 'Thriller']"
False,2501,en,The Bourne Identity,"Wounded to the brink of death and suffering from amnesia, Jason Bourne is rescued at sea by a fisherman. With nothing to go on but a Swiss bank account number, he starts to reconstruct his life, but finds that many people he encounters want him dead. However, Bourne realizes that he has the combat and mental skills of a world-class spy—but who does he work for?",12.2231,2002-06-14,The Bourne Identity,7.5,10002,"['Action', 'Drama', 'Mystery', 'Thriller']"
False,184345,en,A Haunted House 2,"After exorcising the demons of his ex, Malcolm starts afresh with his new girlfriend and her two children. After moving into their dream home, Malcolm is once again plagued by bizarre paranormal events.",11.0617,2014-04-17,A Haunted House 2,6.176,1572,"['Comedy', 'Horror']"
False,697843,en,Extraction 2,"Back from the brink of death, highly skilled commando Tyler Rake takes on another dangerous mission: saving the imprisoned family of a ruthless gangster.",11.4144,2023-06-09,Extraction 2,7.386,2850,"['Action', 'Thriller', 'Crime']"
False,4234,en,Scream 3,"As bodies begin dropping around the Hollywood set of STAB 3, the third film based on the gruesome Woodsboro killings, Sidney and other survivors are once again terrorized by another Ghostface killer.",12.3034,2000-02-04,Scream 3,6.008,4004,"['Horror', 'Mystery']"
False,268,en,Batman,"Having witnessed his parents' brutal murder as a child, millionaire philanthropist Bruce Wayne fights crime in Gotham City disguised as Batman, a costumed hero who strikes fear into the hearts of villains. But when a deformed madman known as 'The Joker' seizes control of Gotham's criminal underworld, Batman must face his most ruthless nemesis ever while protecting both his identity and his love interest, reporter Vicki Vale.",11.7481,1989-06-21,Batman,7.229,8502,"['Fantasy', 'Action', 'Crime']"
False,126889,en,Alien: Covenant,"The crew of the colony ship Covenant, bound for a remote planet on the far side of the galaxy, discovers what they think is an uncharted paradise but is actually a dark, dangerous world.",11.1319,2017-05-09,Alien: Covenant,6.174,9344,"['Horror', 'Science Fiction']"
False,251,en,Ghost,"After a young man is murdered, his spirit stays behind to warn his lover of impending danger, with the help of a reluctant psychic.",11.997,1990-07-13,Ghost,7.232,5974,"['Fantasy', 'Romance', 'Thriller']"
False,726209,en,Leave the World Behind,A family's getaway to a luxurious rental home takes an ominous turn when a cyberattack knocks out their devices—and two strangers appear at their door.,11.9217,2023-11-22,Leave the World Behind,6.377,3171,"['Drama', 'Mystery', 'Thriller']"
False,10882,en,Sleeping Beauty,"Cursed to die by the evil fairy Maleficent when she was a baby, Princess Aurora is sent into hiding under protection from three good fairies. As she grows up far away, Maleficent becomes increasingly determined to seal the princess's fate.",12.2309,1959-02-17,Sleeping Beauty,6.94,5447,"['Fantasy', 'Animation', 'Romance', 'Family']"
False,968051,en,The Nun II,"In 1956 France, a priest is violently murdered, and Sister Irene begins to investigate. She once again comes face-to-face with a powerful evil.",11.8004,2023-09-06,The Nun II,6.6,2433,['Horror']
False,1252428,zh,狂蟒之灾,"A struggling circus crew gets deceived by its former partner, as it embarks on a tour in Thailand. During the journey through a Southeast Asian rainforest, they encounter attacks by a giant python. They meet a mysterious man named Jeff who offers to help, but they soon realize he's a poacher. As they search for Jeff's boat, they face life-and-death struggles with the python and Jeff himself.",10.6698,2024-03-01,Anaconda,7.0,136,"['Adventure', 'Horror']"
False,1500099,en,Versa,"A young couple looking to start a family who experience emotions—from grief and loss to ultimate joy—as they embark on an ethereal, abstract, and imaginative cosmic dance of life.",11.1164,2025-04-15,Versa,7.767,30,"['Animation', 'Family', 'Drama', 'Fantasy']"
False,957,en,Spaceballs,"When the nefarious Dark Helmet hatches a plan to snatch Princess Vespa and steal her planet's air, space-bum-for-hire Lone Starr and his clueless sidekick fly to the rescue. Along the way, they meet Yogurt, who puts Lone Starr wise to the power of ""The Schwartz."" Can he master it in time to save the day?",11.0787,1987-06-24,Spaceballs,6.863,3357,"['Comedy', 'Science Fiction']"
False,899294,en,Frank and Penelope,A tale of love and violence when a man on his emotional last legs finds a savior seductively dancing in a run-down strip club. And a life most certainly headed off a cliff suddenly becomes redirected - as everything is now worth dying for.,10.8086,2022-06-03,Frank and Penelope,7.271,120,"['Thriller', 'Horror', 'Crime']"
False,1235746,en,Dead of Winter,"A widowed fisherwoman, travelling alone through snowbound northern Minnesota, interrupts the kidnapping of a teenage girl. Hours from the nearest town and with no phone service, she realizes that she is the young girl's only hope.",12.8891,2025-09-23,Dead of Winter,6.317,295,"['Thriller', 'Action']"
False,851644,ko,20세기 소녀,"In 1999, a teen girl keeps close tabs on a boy in school on behalf of her deeply smitten best friend – then she gets swept up in a love story of her own.",10.58,2022-10-06,20th Century Girl,8.144,801,"['Romance', 'Drama']"
False,676,en,Pearl Harbor,"The lifelong friendship between Rafe McCawley and Danny Walker is put to the ultimate test when the two ace fighter pilots become entangled in a love triangle with beautiful Naval nurse Evelyn Johnson. But the rivalry between the friends-turned-foes is immediately put on hold when they find themselves at the center of Japan's devastating attack on Pearl Harbor on Dec. 7, 1941.",12.232,2001-05-21,Pearl Harbor,6.936,6949,"['War', 'Romance', 'History', 'Action']"
False,676,en,Pearl Harbor,"The lifelong friendship between Rafe McCawley and Danny Walker is put to the ultimate test when the two ace fighter pilots become entangled in a love triangle with beautiful Naval nurse Evelyn Johnson. But the rivalry between the friends-turned-foes is immediately put on hold when they find themselves at the center of Japan's devastating attack on Pearl Harbor on Dec. 7, 1941.",12.232,2001-05-21,Pearl Harbor,6.936,6949,"['War', 'Romance', 'History', 'Action']"
False,1159206,en,Father Mother Sister Brother,"Estranged siblings reunite after years apart, forced to confront unresolved tensions and reevaluate their strained relationships with their emotionally distant parents.",11.1428,2025-12-01,Father Mother Sister Brother,6.5,237,"['Comedy', 'Drama']"
False,109418,en,Grown Ups 2,"Lenny has relocated his family back to the small town where he and his friends grew up. This time around, the grown ups are the ones learning lessons from their kids on a day notoriously full of surprises—the last day of school.",11.5876,2013-07-11,Grown Ups 2,6.141,4627,['Comedy']
False,18491,ja,新世紀エヴァンゲリオン劇場版 Air／まごころを、君に,"SEELE orders an all-out attack on NERV, aiming to destroy the Evas before Gendo can advance his own plans for the Human Instrumentality Project. Shinji is pushed to the limits of his sanity as he is forced to decide the fate of humanity.",10.5768,1997-07-19,Neon Genesis Evangelion: The End of Evangelion,8.261,1828,"['Animation', 'Science Fiction', 'Drama', 'Fantasy']"
False,602,en,Independence Day,"Strange phenomena surface around the globe. The skies ignite. Terror races through the world's major cities. As these extraordinary events unfold, it becomes increasingly clear that a force of incredible magnitude has arrived. Its mission: total annihilation over the Fourth of July weekend. The last hope to stop the destruction is an unlikely group of people united by fate and unimaginable circumstances.",11.24,1996-06-25,Independence Day,6.902,10331,"['Action', 'Adventure', 'Science Fiction']"
False,335977,en,Indiana Jones and the Dial of Destiny,"Finding himself in a new era, and approaching retirement, Indy wrestles with fitting into a world that seems to have outgrown him. But as the tentacles of an all-too-familiar evil return in the form of an old rival, Indy must don his hat and pick up his whip once more to make sure an ancient and powerful artifact doesn't fall into the wrong hands.",11.1978,2023-06-25,Indiana Jones and the Dial of Destiny,6.513,4092,"['Adventure', 'Action']"
False,273477,en,Scouts Guide to the Zombie Apocalypse,"Three scouts and lifelong friends join forces with one badass cocktail waitress to become the world’s most unlikely team of heroes.  When their peaceful town is ravaged by a zombie invasion, they’ll fight for the badge of a lifetime and put their scouting skills to the test to save mankind from the undead.",12.172,2015-10-23,Scouts Guide to the Zombie Apocalypse,6.572,2106,"['Comedy', 'Horror']"
False,53064,ja,地下幻燈劇画 少女椿,"After losing her parents, young flower selling Midori is put up by a fairground group. She is abused and forced to slavery, until the arrival of an enigmatic magician of short stature, who gives her hope for a better future.",10.4143,1992-05-02,Midori,6.104,163,"['Animation', 'Drama', 'Horror']"
False,754,en,Face/Off,"In order to foil a terrorist plot, an FBI agent undergoes facial transplant surgery and assumes the identity of a criminal mastermind. The plan turns sour when the criminal wakes up prematurely and seeks revenge.",11.0596,1997-06-27,Face/Off,7.051,5832,"['Action', 'Crime', 'Science Fiction']"
False,10527,en,Madagascar: Escape 2 Africa,"Alex, Marty, and other zoo animals find a way to escape from Madagascar when the penguins reassemble a wrecked airplane. The precariously repaired craft stays airborne just long enough to make it to the African continent. There the New Yorkers encounter members of their own species for the first time. Africa proves to be a wild place, but Alex and company wonder if it is better than their Central Park home.",11.5642,2008-10-30,Madagascar: Escape 2 Africa,6.523,7377,"['Adventure', 'Animation', 'Comedy', 'Family']"
False,4256,en,Scary Movie 3,"In the third installment of the Scary Movie franchise, news anchorwoman Cindy Campbell has to investigate mysterious crop circles and killing video tapes, and help the President stop an alien invasion in the process.",10.3616,2003-10-24,Scary Movie 3,6.0,4432,['Comedy']
False,4327,en,Charlie's Angels,"The captivating crime-fighting trio who are masters of disguise, espionage and martial arts are back! When a devious mastermind embroils them in a plot to destroy individual privacy, the Angels, aided by their loyal sidekick Bosley, set out to bring down the bad guys. But when a terrible secret is revealed, it makes the Angels targets for assassination.",11.1769,2000-11-02,Charlie's Angels,5.852,4477,"['Action', 'Comedy', 'Adventure']"
False,1489187,ru,Сводишь с ума,"Alisa moves into a spacious apartment in St. Petersburg, where the mirror starts to malfunction, showing the young lodger a parallel reality of the same apartment. Only it is not Alisa who lives in this parallel reality, but the party animal Ivan. Will the young people be able to recognize true love and will they be able to unite their worlds in order to meet in reality and simply touch each other?",10.8164,2025-10-09,You Drive Me Crazy,8.5,10,"['Comedy', 'Romance', 'Fantasy']"
False,787,en,Mr. & Mrs. Smith,"A husband and wife struggle to keep their marriage alive until they realize they are both secretly working as assassins. Now, their respective assignments require them to kill each other.",12.3394,2005-06-07,Mr. & Mrs. Smith,6.691,11139,"['Action', 'Comedy', 'Drama', 'Thriller']"
False,974931,en,Totally Killer,"When the infamous ""Sweet Sixteen Killer"" returns 35 years after his first murder spree to claim another victim, 17-year-old Jamie accidentally travels back in time to 1987, determined to stop the killer before he can start.",11.4492,2023-09-28,Totally Killer,6.798,1090,"['Horror', 'Comedy', 'Science Fiction']"
False,70981,en,Prometheus,"A team of explorers discover a clue to the origins of mankind on Earth, leading them on a journey to the darkest corners of the universe. There, they must fight a terrifying battle to save the future of the human race.",11.8097,2012-05-30,Prometheus,6.6,13164,"['Science Fiction', 'Mystery', 'Horror']"
False,137106,en,The Lego Movie,"An ordinary Lego mini-figure, mistakenly thought to be the extraordinary MasterBuilder, is recruited to join a quest to stop an evil Lego tyrant from conquering the universe.",10.967,2014-02-06,The Lego Movie,7.422,8394,"['Animation', 'Family', 'Adventure', 'Comedy', 'Fantasy']"
False,8909,en,Wanted,"Doormat Wesley Gibson is an office worker whose life is going nowhere. He meets an attractive woman named Fox and discovers that his recently murdered father - whom Wesley never knew - belonged to the Fraternity, a secret society of assassins which takes its orders from Fate itself. Fox and Sloan, the Fraternity's leader, teach Wesley, through intense training, to tap into dormant powers and hone his innate killing skills. Though he enjoys his newfound abilities, he begins to suspect that there is more to the Fraternity than meets the eye.",11.0746,2008-06-19,Wanted,6.529,7538,"['Action', 'Thriller', 'Crime']"
False,636706,en,Spaceman,"Six months into a solo mission, a lonely astronaut confronts the cracks in his marriage with help from a mysterious creature he discovers on his ship.",10.9198,2024-02-23,Spaceman,6.707,1025,"['Science Fiction', 'Adventure', 'Drama']"
False,640146,en,Ant-Man and the Wasp: Quantumania,"Super-Hero partners Scott Lang and Hope van Dyne, along with with Hope's parents Janet van Dyne and Hank Pym, and Scott's daughter Cassie Lang, find themselves exploring the Quantum Realm, interacting with strange new creatures and embarking on an adventure that will push them beyond the limits of what they thought possible.",12.1827,2023-02-15,Ant-Man and the Wasp: Quantumania,6.23,5753,"['Action', 'Adventure', 'Science Fiction']"
False,279,en,Amadeus,Disciplined Italian composer Antonio Salieri becomes consumed by jealousy and resentment towards the hedonistic and remarkably talented young Salzburger composer Wolfgang Amadeus Mozart.,10.4855,1984-09-19,Amadeus,8.022,4717,"['History', 'Music', 'Drama']"
False,81188,en,Rise of the Guardians,"When an evil spirit known as Pitch lays down the gauntlet to take over the world, the immortal Guardians must join forces for the first time to protect the hopes, beliefs and imagination of children all over the world.",11.6876,2012-11-21,Rise of the Guardians,7.372,7103,"['Animation', 'Family', 'Fantasy', 'Action', 'Adventure']"
False,379149,en,The Foreigner,Quan is a humble London businessman whose long-buried past erupts in a revenge-fueled vendetta when the only person left for him to love – his teenage daughter – dies in an Irish Republican Army car bombing. His relentless search to find the terrorists leads to a cat-and-mouse conflict with a British government official whose own past may hold the clues to the identities of the elusive killers.,9.214,2017-09-28,The Foreigner,6.97,2901,"['Action', 'Thriller', 'Crime']"
False,63,en,Twelve Monkeys,"In the year 2035, convict James Cole reluctantly volunteers to be sent back in time to discover the origin of a deadly virus that wiped out nearly all of the earth's population and forced the survivors into underground communities. But when Cole is mistakenly sent to 1990 instead of 1996, he's arrested and locked up in a mental hospital. There he meets psychiatrist Dr. Kathryn Railly and the son of a famous virus expert who may hold the key to the Army of the 12 Monkeys; thought to be responsible for unleashing the killer disease.",10.8362,1995-12-29,Twelve Monkeys,7.605,9049,"['Science Fiction', 'Thriller', 'Mystery']"
False,81005,en,Jack the Giant Slayer,"The story of an ancient war that is reignited when a young farmhand unwittingly opens a gateway between our world and a fearsome race of giants. Unleashed on the Earth for the first time in centuries, the giants strive to reclaim the land they once lost, forcing the young man, Jack into the battle of his life to stop them. Fighting for a kingdom, its people, and the love of a brave princess, he comes face to face with the unstoppable warriors he thought only existed in legend–and gets the chance to become a legend himself.",10.6479,2013-02-27,Jack the Giant Slayer,5.872,5180,"['Fantasy', 'Action', 'Adventure', 'Drama']"
False,9902,en,Wrong Turn,"Chris crashes into a carload of other young people, and the group of stranded motorists is soon lost in the woods of West Virginia, where they're hunted by three cannibalistic mountain men who are grossly disfigured by generations of inbreeding.",11.8887,2003-05-30,Wrong Turn,6.383,2961,"['Horror', 'Thriller']"
False,324544,en,In the Lost Lands,"A queen sends the powerful and feared sorceress Gray Alys to the ghostly wilderness of the Lost Lands in search of a magical power, where she and her guide, the drifter Boyce, must outwit and outfight both man and demon.",10.8897,2025-02-27,In the Lost Lands,6.348,779,"['Action', 'Fantasy', 'Western']"
False,1144107,zh,罗小黑战记 2,"When an attack shatters the fragile peace between the spirit world and humanity, Hei teams up with Luye, the last disciple of his Shifu Wuxian, to expose a conspiracy that threatens both realms - and the bond they've sworn to protect.",14.7885,2025-07-18,The Legend of Hei 2,8.5,46,"['Animation', 'Fantasy', 'Action']"
False,74,en,War of the Worlds,"Ray Ferrier is a divorced dockworker and less-than-perfect father. Soon after his ex-wife and her new husband drop off his teenage son and young daughter for a rare weekend visit, a strange and powerful lightning storm touches down.",9.6661,2005-06-28,War of the Worlds,6.533,9089,"['Adventure', 'Thriller', 'Science Fiction']"
False,1120911,en,Saturday Night,"At 11:30pm on October 11, 1975, a ferocious troupe of young comedians and writers changed television forever. This is the story of what happened behind the scenes in the 90 minutes leading up to the first broadcast of Saturday Night Live.",14.9644,2024-09-27,Saturday Night,6.687,347,"['Comedy', 'Drama']"
False,9072,en,Little Man,"After leaving prison, dwarf criminal Calvin Sims joins his moron brother Percy in stealing an expensive huge diamond from a jewelry store for the mobster Walken. They are chased by the police, and Calvin hides the stone in the purse of executive Vanessa Edwards, whose husband Darryl Edwards wants to have a baby. Percy convinces Calvin to dress like a baby and be left in front of the Edwards' house to get inside the house and retrieve the diamond. Darryl and Vanessa keep Calvin for the weekend and decide to adopt him, while Walken threatens Darryl to get the stone back.",11.4576,2006-08-31,Little Man,5.935,1879,"['Comedy', 'Crime']"
False,570670,en,The Invisible Man,"When Cecilia's abusive ex takes his own life and leaves her his fortune, she suspects his death was a hoax. As a series of coincidences turn lethal, Cecilia works to prove that she is being hunted by someone nobody can see.",10.4394,2020-02-26,The Invisible Man,7.092,6204,"['Thriller', 'Science Fiction', 'Horror']"
False,348350,en,Solo: A Star Wars Story,"Through a series of daring escapades deep within a dark and dangerous criminal underworld, Han Solo meets his mighty future copilot Chewbacca and encounters the notorious gambler Lando Calrissian.",10.2428,2018-05-15,Solo: A Star Wars Story,6.558,9195,"['Science Fiction', 'Adventure', 'Action']"
False,11216,it,Nuovo Cinema Paradiso,"A filmmaker recalls his childhood, when he fell in love with the movies at his village's theater and formed a deep friendship with the theater's projectionist.",11.3322,1988-11-17,Cinema Paradiso,8.426,4787,"['Drama', 'Romance']"
False,82695,en,Les Misérables,"An adaptation of the successful stage musical based on Victor Hugo's classic novel set in 19th-century France. Jean Valjean, a man imprisoned for stealing bread, must flee a relentless policeman named Javert. The pursuit consumes both men's lives, and soon Valjean finds himself in the midst of the student revolutions in France.",14.7469,2012-12-18,Les Misérables,7.3,5549,"['History', 'Drama']"
False,598,pt,Cidade de Deus,"In the poverty-stricken favelas of Rio de Janeiro in the 1970s, two young men choose different paths. Rocket is a budding photographer who documents the increasing drug-related violence of his neighborhood, while José “Zé” Pequeno is an ambitious drug dealer diving into a dangerous life of crime.",14.3574,2002-08-30,City of God,8.429,8110,"['Drama', 'Crime']"
False,1417,es,El laberinto del fauno,"In post–civil war Spain, 10-year-old Ofelia moves with her pregnant mother to live under the control of her cruel stepfather. Drawn into a mysterious labyrinth, she meets a faun who reveals that she may be a lost princess from an underground kingdom. To return to her true father, she must complete a series of surreal and perilous tasks that blur the line between reality and fantasy.",10.1551,2006-10-11,Pan's Labyrinth,7.761,11369,"['Fantasy', 'Drama', 'War']"
False,598,pt,Cidade de Deus,"In the poverty-stricken favelas of Rio de Janeiro in the 1970s, two young men choose different paths. Rocket is a budding photographer who documents the increasing drug-related violence of his neighborhood, while José “Zé” Pequeno is an ambitious drug dealer diving into a dangerous life of crime.",14.3574,2002-08-30,City of God,8.429,8110,"['Drama', 'Crime']"
False,1417,es,El laberinto del fauno,"In post–civil war Spain, 10-year-old Ofelia moves with her pregnant mother to live under the control of her cruel stepfather. Drawn into a mysterious labyrinth, she meets a faun who reveals that she may be a lost princess from an underground kingdom. To return to her true father, she must complete a series of surreal and perilous tasks that blur the line between reality and fantasy.",10.1551,2006-10-11,Pan's Labyrinth,7.761,11369,"['Fantasy', 'Drama', 'War']"
False,26389,en,From Paris with Love,"James Reese has a good job as an ambassador's aid in France, but his real passion is a side gig—working in a minor role in the CIA. He would love to be a full-fledged agent and can't believe his luck when he lands an assignment with Charlie Wax. Trigger-happy Charlie soon has James crying for his desk job, but when he learns that the same guys they're trying to catch are after him, James realises that Charlie may be his only hope of survival.",11.285,2010-02-04,From Paris with Love,6.373,2285,"['Action', 'Crime', 'Thriller']"
False,644,en,A.I. Artificial Intelligence,"David, a robotic boy—the first of his kind programmed to love—is adopted as a test case by a Cybertronics employee and his wife. Though he gradually becomes their child, a series of unexpected circumstances make this life impossible for David.",10.1749,2001-06-29,A.I. Artificial Intelligence,7.056,6603,"['Drama', 'Science Fiction', 'Adventure']"
False,6114,en,Bram Stoker's Dracula,"Count Dracula, a 15th-century prince, is condemned to live off the blood of the living for eternity. Young lawyer Jonathan Harker is sent to Dracula's castle to finalise a land deal, but when the Count sees a photo of Harker's fiancée, Mina, the spitting image of his dead wife, he imprisons him and sets off for London to track her down.",11.6927,1992-11-13,Bram Stoker's Dracula,7.449,5717,"['Romance', 'Horror']"
False,316029,en,The Greatest Showman,"The story of American showman P.T. Barnum, founder of the circus that became the famous traveling Ringling Bros. and Barnum & Bailey Circus.",11.0034,2017-12-20,The Greatest Showman,7.862,9994,['Drama']
False,11247,en,A Cinderella Story,"Routinely exploited by her wicked stepmother, the downtrodden Samantha Montgomery is excited about the prospect of meeting her Internet beau at the school's Halloween dance.",10.754,2004-07-16,A Cinderella Story,6.591,3360,"['Comedy', 'Family', 'Romance']"
False,4347,en,Atonement,A young girl irrevocably changes the course of several lives when she accuses her older sister's lover of a crime he did not commit.,11.3572,2007-02-27,Atonement,7.6,4661,"['Drama', 'Romance']"
False,13186,en,Wrong Turn 2: Dead End,Retired military commander Colonel Dale Murphy hosts the simulated post-apocalyptic reality show where participants are challenged to survive a remote West Virginia wasteland. But the show turns into a nightmarish showdown when each realizes they are being hunted by an inbred family of cannibals determined to make them all dinner!,10.7928,2007-08-25,Wrong Turn 2: Dead End,6.134,1519,"['Horror', 'Thriller']"
False,57214,en,Project X,"Three high school seniors throw a party to make a name for themselves. As the night progresses, things spiral out of control as word of the party spreads.",12.8905,2012-03-01,Project X,6.883,6750,['Comedy']
False,12092,en,Alice in Wonderland,"On a golden afternoon, wildly curious young Alice tumbles into the burrow and enters the merry, madcap world of Wonderland full of whimsical escapades.",12.5898,1951-07-28,Alice in Wonderland,7.185,6234,"['Animation', 'Family', 'Fantasy', 'Adventure']"
False,635302,ja,劇場版「鬼滅の刃」無限列車編,"Tanjiro Kamado, joined with Inosuke Hashibira, a boy raised by boars who wears a boar's head, and Zenitsu Agatsuma, a scared boy who reveals his true power when he sleeps, boards the Infinity Train on a new mission with the Fire Hashira, Kyojuro Rengoku, to defeat a demon who has been tormenting the people and killing the demon slayers who oppose it!",10.934,2020-10-16,Demon Slayer -Kimetsu no Yaiba- The Movie: Mugen Train,8.199,4451,"['Animation', 'Action', 'Fantasy']"
False,879,en,Hook,"The boy who wasn't supposed to grow up—Peter Pan—does just that, becoming a soulless corporate lawyer whose workaholism could cost him his wife and kids. During his trip to see Granny Wendy in London, the vengeful Capt. Hook kidnaps Peter's kids and forces Peter to return to Neverland.",10.4928,1991-04-10,Hook,6.839,5687,"['Adventure', 'Fantasy', 'Comedy', 'Family']"
False,686,en,Contact,"A radio astronomer receives the first extraterrestrial radio signal ever picked up on Earth. As the world powers scramble to decipher the message and decide upon a course of action, she must make some difficult decisions between her beliefs, the truth, and reality.",10.2879,1997-07-11,Contact,7.44,4937,"['Drama', 'Science Fiction', 'Mystery']"
False,1307373,en,Wasteman,"Taylor's hopes for a fresh start post-parole are jeopardised by cellmate Dee's arrival. As Dee takes Taylor under his wing, a vicious attack tests their bond, forcing Taylor to choose between protecting Dee and his own chances at freedom.",8.699,2026-02-20,Wasteman,7.4,26,"['Crime', 'Drama', 'Thriller']"
False,436969,en,The Suicide Squad,"Supervillains Harley Quinn, Bloodsport, Peacemaker and a collection of nutty cons at Belle Reve prison join the super-secret, super-shady Task Force X as they are dropped off at the remote, enemy-infused island of Corto Maltese.",16.4474,2021-07-28,The Suicide Squad,7.463,9504,"['Action', 'Comedy', 'Adventure']"
False,10431,en,War,"FBI agent Jack Crawford is out for revenge when his partner is killed and all clues point to the mysterious assassin Rogue. But when Rogue turns up years later to take care of some unfinished business, he triggers a violent clash of rival gangs. Will the truth come out before it's too late? And when the dust settles, who will remain standing?",10.8682,2007-08-24,War,6.39,2020,"['Action', 'Crime', 'Thriller']"
False,2270,en,Stardust,"In a countryside town bordering on a magical land, a young man makes a promise to his beloved that he'll retrieve a fallen star by venturing into the magical realm. His journey takes him into a world beyond his wildest dreams and reveals his true identity.",10.7938,2007-08-10,Stardust,7.288,4397,"['Adventure', 'Fantasy', 'Romance', 'Family']"
False,796,en,Cruel Intentions,"Slaking a thirst for dangerous games, Kathryn challenges her stepbrother, Sebastian, to deflower their headmaster's daughter before the summer ends. If he succeeds, the prize is the chance to bed Kathryn. But if he loses, Kathryn will claim his most prized possession.",12.3883,1999-03-05,Cruel Intentions,6.797,3532,"['Drama', 'Romance']"
False,10999,en,Commando,"John Matrix, the former leader of a special commando strike force that always got the toughest jobs done, is forced back into action when his young daughter is kidnapped. To find her, Matrix has to fight his way through an array of punks, killers, one of his former commandos, and a fully equipped private army. With the help of a feisty stewardess and an old friend, Matrix has only a few hours to overcome his greatest challenge: finding his daughter before she's killed.",10.6501,1985-10-03,Commando,6.698,3101,"['Action', 'Adventure', 'Thriller']"
False,8078,en,Alien Resurrection,"Two hundred years after Lt. Ripley died, a group of scientists clone her, hoping to breed the ultimate weapon. But the new Ripley is full of surprises … as are the new aliens. Ripley must team with a band of smugglers to keep the creatures from reaching Earth.",11.2995,1997-11-12,Alien Resurrection,6.2,5495,"['Science Fiction', 'Horror', 'Action']"
False,8009,en,Highlander,He fought his first battle on the Scottish Highlands in 1536. He will fight his greatest battle on the streets of New York City in 1986. His name is Connor MacLeod. He is immortal.,10.8896,1986-03-07,Highlander,6.9,2879,"['Adventure', 'Action', 'Fantasy']"
False,9509,en,Man on Fire,"Jaded ex-CIA operative John Creasy reluctantly accepts a job as the bodyguard for a 10-year-old girl in Mexico City. They clash at first, but eventually bond, and when she's kidnapped he's consumed by fury and will stop at nothing to save her life.",12.0718,2004-04-23,Man on Fire,7.458,5607,"['Action', 'Drama', 'Thriller']"
False,1895,en,Star Wars: Episode III - Revenge of the Sith,"When the sinister Sith unveil a thousand-year-old plot to rule the galaxy, the Republic crumbles and from its ashes rises the evil Galactic Empire. Jedi hero Anakin Skywalker must choose a side.",11.1755,2005-05-17,Star Wars: Episode III - Revenge of the Sith,7.463,14826,"['Adventure', 'Action', 'Science Fiction']"
False,335787,en,Uncharted,"A young street-smart, Nathan Drake and his wisecracking partner Victor “Sully” Sullivan embark on a dangerous pursuit of “the greatest treasure never found” while also tracking clues that may lead to Nathan’s long-lost brother.",11.9019,2022-02-10,Uncharted,6.867,6709,"['Action', 'Adventure']"
False,359724,en,Ford v Ferrari,"American car designer Carroll Shelby and the British-born driver Ken Miles work together to battle corporate interference, the laws of physics, and their own personal demons to build a revolutionary race car for Ford Motor Company and take on the dominating race cars of Enzo Ferrari at the 24 Hours of Le Mans in France in 1966.",12.3493,2019-11-13,Ford v Ferrari,8.0,8887,"['Drama', 'Action', 'History']"
False,64348,cn,女機械人,"When evil inventor Ryuichi Yamamoto transfers his mind into that of a powerful cyborg, he becomes a murderer and rapist. But when one of his victims, Police officer Selina Lam becomes super robot Eve-R27, she teams up with android sidekick Ann and together they seek to bring the criminally insane scientist to justice.",10.0352,1991-05-31,Robotrix,5.967,46,"['Action', 'Comedy', 'Crime', 'Romance', 'Science Fiction', 'Thriller']"
False,1125257,en,Freakier Friday,"Years after Tess and Anna endured an identity crisis, Anna now has a daughter of her own and a soon-to-be stepdaughter. As they navigate the myriad challenges that come when two families merge, Tess and Anna discover lightning might indeed strike twice.",11.7377,2025-08-06,Freakier Friday,6.849,658,"['Comedy', 'Fantasy', 'Family']"
False,980489,en,Gran Turismo,The ultimate wish-fulfillment tale of a teenage Gran Turismo player whose gaming skills won him a series of Nissan competitions to become an actual professional racecar driver.,11.4366,2023-08-09,Gran Turismo,7.705,3332,"['Adventure', 'Drama', 'Action']"
False,22970,en,The Cabin in the Woods,"Five friends set out for a weekend at a remote cabin in the woods, expecting nothing more than fun and relaxation. As night falls, they discover that something far more unsettling is at work and that nothing about their getaway is what it seems.",11.1537,2012-04-12,The Cabin in the Woods,6.648,8470,"['Horror', 'Mystery', 'Comedy']"
False,474350,en,It Chapter Two,"27 years after overcoming the malevolent supernatural entity Pennywise, the former members of the Losers' Club, who have grown up and moved away from Derry, are brought back together by a devastating phone call.",12.4786,2019-09-04,It Chapter Two,6.8,9542,"['Horror', 'Thriller', 'Drama']"
False,11013,en,Secretary,"A young woman, recently released from a mental hospital, gets a job as a secretary to a demanding lawyer, where their employer-employee relationship turns into a sexual, sadomasochistic one.",12.0886,2002-09-20,Secretary,6.79,1878,"['Romance', 'Drama', 'Comedy']"
False,11074,en,Striking Distance,"Coming from a police family, Tom Hardy ends up fighting his uncle after the murder of his father. Tom believes the killer is another cop, and goes on the record with his allegations. Demoted to water-way duty Tom, along with new partner Jo Christman, navigate the three rivers looking for clues and discovering bodies. This time the victims are women Tom knows, he must find the killer to prove his innocence.",9.7416,1993-09-17,Striking Distance,5.87,896,"['Crime', 'Action', 'Mystery', 'Thriller']"
False,1933,en,The Others,"Grace is a religious woman who lives in an old house kept dark because her two children, Anne and Nicholas, have a rare sensitivity to light. When the family begins to suspect the house is haunted, Grace fights to protect her children at any cost in the face of strange events and disturbing visions.",11.1358,2001-08-02,The Others,7.617,7102,"['Horror', 'Mystery', 'Thriller']"
False,512200,en,Jumanji: The Next Level,"As the gang return to Jumanji to rescue one of their own, they discover that nothing is as they expect. The players will have to brave parts unknown and unexplored in order to escape the world’s most dangerous game.",10.0101,2019-12-04,Jumanji: The Next Level,6.9,9288,"['Adventure', 'Comedy', 'Fantasy']"
False,1892,en,Return of the Jedi,"Luke Skywalker leads a mission to rescue his friend Han Solo from the clutches of Jabba the Hutt, the Emperor prepares to crush the Rebellion with a more powerful Death Star, and the Rebel fleet mounts a massive attack on the space station. Luke Skywalker confronts Darth Vader in a final climactic duel before the evil Emperor.",9.9924,1983-05-25,Return of the Jedi,7.907,16822,"['Adventure', 'Action', 'Science Fiction']"
False,427641,en,Rampage,"Primatologist Davis Okoye shares an unshakable bond with George, the extraordinarily intelligent, silverback gorilla who has been in his care since birth.  But a rogue genetic experiment gone awry mutates this gentle ape into a raging creature of enormous size.  To make matters worse, it’s soon discovered there are other similarly altered animals.  As these newly created alpha predators tear across North America, destroying everything in their path, Okoye teams with a discredited genetic engineer to secure an antidote, fighting his way through an ever-changing battlefield, not only to halt a global catastrophe but to save the fearsome creature that was once his friend.",11.6158,2018-04-11,Rampage,6.448,7459,"['Action', 'Adventure', 'Science Fiction']"
False,10020,en,Beauty and the Beast,"Follow the adventures of Belle, a bright young woman who finds herself in the castle of a prince who's been turned into a mysterious beast. With the help of the castle's enchanted staff, Belle soon learns the most important lesson of all -- that true beauty comes from within.",15.3992,1991-10-22,Beauty and the Beast,7.726,10611,"['Romance', 'Family', 'Animation', 'Fantasy']"
False,15121,en,The Sound of Music,"In the years before World War II, a tomboyish postulant at an Austrian abbey is hired as a governess in the home of a widowed naval captain with seven children and brings a new love of life and music into the home.",10.6013,1965-03-29,The Sound of Music,7.731,3598,"['Drama', 'Family', 'Music', 'Romance']"
False,1159311,ja,僕のヒーローアカデミア THE MOVIE ユアネクスト,"In a society devastated by the effects of an all-out war between heroes and villains, a mysterious giant fortress suddenly appears, engulfing towns and people one after another. Then, a man reminiscent of All Might, the 'symbol of peace', stands in front of Izuku and his friends...",11.1918,2024-08-02,My Hero Academia: You're Next,7.215,205,"['Animation', 'Action', 'Adventure', 'Science Fiction']"
False,4982,en,American Gangster,"Loosely based on the criminal career of Frank Lucas, a gangster from La Grange, North Carolina, who smuggled heroin into the United States on American service planes returning from the Vietnam War, before being detained by a task force led by Newark Detective Richie Roberts.",12.4656,2007-11-02,American Gangster,7.589,5976,"['Drama', 'Crime']"
False,587,en,Big Fish,"Throughout his life Edward Bloom has always been a man of big appetites, enormous passions and tall tales. In his later years, he remains a huge mystery to his son, William. Now, to get to know the real man, Will begins piecing together a true picture of his father from flashbacks of his amazing adventures.",10.6322,2003-12-10,Big Fish,7.758,7711,"['Adventure', 'Fantasy', 'Drama']"
False,404368,en,Ralph Breaks the Internet,"Video game bad guy Ralph and fellow misfit Vanellope von Schweetz must risk it all by traveling to the World Wide Web in search of a replacement part to save Vanellope's video game, Sugar Rush. In way over their heads, Ralph and Vanellope rely on the citizens of the internet — the netizens — to help navigate their way, including an entrepreneur named Yesss, who is the head algorithm and the heart and soul of trend-making site BuzzzTube.",11.3231,2018-11-20,Ralph Breaks the Internet,7.16,8047,"['Animation', 'Family', 'Adventure', 'Science Fiction', 'Comedy']"
False,454983,en,The Kissing Booth,"When teenager Elle's first kiss leads to a forbidden romance with the hottest boy in high school, she risks her relationship with her best friend.",10.8691,2018-05-11,The Kissing Booth,7.164,7431,"['Romance', 'Comedy']"
False,402,en,Basic Instinct,"Catherine, a novelist with an insatiable sexual appetite, becomes a prime suspect when her boyfriend is brutally murdered -- a crime she had described in her latest story.",12.1214,1992-03-20,Basic Instinct,6.939,4330,"['Thriller', 'Mystery']"
False,1181678,en,¿Quieres ser mi hijo?,"Lu, a conformist woman in her forties, learns that her 15-year partner has been having extramarital affairs. Starting from scratch, she gets involved in an unexpected relationship with a young womanizer.",16.2727,2023-09-21,¿Quieres ser mi hijo?,8.498,314,"['Comedy', 'Romance']"
False,131634,en,The Hunger Games: Mockingjay - Part 2,"As the war between the Capitol and the districts reaches its peak, Katniss Everdeen embarks on a perilous mission to liberate Panem and confront President Snow. Joined by a team of trusted allies, she navigates deadly traps, shifting loyalties, and the heavy cost of rebellion, determined to bring freedom to her people and end the Hunger Games once and for all.",11.7637,2015-11-18,The Hunger Games: Mockingjay - Part 2,6.9,13263,"['Action', 'Adventure', 'Science Fiction']"
False,5548,en,RoboCop,"In a violent, near-apocalyptic Detroit, evil corporation Omni Consumer Products wins a contract from the city government to privatize the police force. To test their crime-eradicating cyborgs, the company leads street cop Alex Murphy into an armed confrontation with crime lord Boddicker so they can use his body to support their untested RoboCop prototype. But when RoboCop learns of the company's nefarious plans, he turns on his masters.",12.3449,1987-07-17,RoboCop,7.355,5671,"['Action', 'Thriller', 'Science Fiction']"
False,763215,en,Damsel,A young woman's marriage to a charming prince turns into a fierce fight for survival when she's offered up as a sacrifice to a fire-breathing dragon.,10.4491,2024-03-07,Damsel,6.984,2743,"['Fantasy', 'Action', 'Adventure']"
False,50546,en,Just Go with It,"While romancing Palmer, a much younger schoolteacher, plastic surgeon Danny Maccabee enlists his loyal assistant Katherine to pretend to be his soon to be ex-wife, in order to cover up a careless lie. When more lies backfire, Katherine's kids become involved, and everyone heads off for a weekend in Hawaii that will change all their lives.",11.6998,2011-02-10,Just Go with It,6.704,6079,"['Comedy', 'Romance']"
False,581,en,Dances with Wolves,"Wounded Civil War soldier John Dunbar tries to commit suicide—and becomes a hero instead. As a reward, he's assigned to his dream post, a remote junction on the Western frontier, and soon makes unlikely friends with the local Sioux tribe.",10.812,1990-03-30,Dances with Wolves,7.837,4644,"['Adventure', 'Drama', 'Western']"
False,287649,ko,마담 뺑덕,"A university professor gradually succumbing to blindness is entranced by an obsessive love, in this modern-day adaptation of a classic Korean fairy tale.",9.5607,2014-10-02,Scarlet Innocence,6.1,68,"['Thriller', 'Drama', 'Romance']"
False,1366,en,Rocky,"Rocky Balboa is a Philadelphia club fighter who seems to be going nowhere. But when a stroke of fate puts him in the ring with a world heavyweight champion, Rocky knows that it's his one shot at the big time — a once-in-a-lifetime opportunity to go the distance and come out a winner!",14.0575,1976-12-03,Rocky,7.795,8548,['Drama']
False,399566,en,Godzilla vs. Kong,"In a time when monsters walk the Earth, humanity’s fight for its future sets Godzilla and Kong on a collision course that will see the two most powerful forces of nature on the planet collide in a spectacular battle for the ages.",12.2005,2021-03-24,Godzilla vs. Kong,7.538,10559,"['Action', 'Science Fiction', 'Adventure']"
False,275,en,Fargo,"Jerry, a small-town Minnesota car salesman is bursting at the seams with debt... but he's got a plan. He's going to hire two thugs to kidnap his wife in a scheme to collect a hefty ransom from his wealthy father-in-law. It's going to be a snap and nobody's going to get hurt... until people start dying. Enter Police Chief Marge, a coffee-drinking, parka-wearing - and extremely pregnant - investigator who'll stop at nothing to get her man. And if you think her small-time investigative skills will give the crooks a run for their ransom... you betcha!",11.6285,1996-03-08,Fargo,7.849,9017,"['Crime', 'Drama', 'Thriller']"
False,23544,en,The Point,"Years ago, there was a place called The Land of Point, because everything in The Land of Point had one: the barns, the houses, the cars, everything, even the people. Everyone in The Land of Point had a point at the top of its head. Everyone, that is, except Oblio, who was born round-headed. Since he had no point, Oblio, along with his trusty dog, Arrow, was banished to the Pointless Forest. Join them to see what wonders await these two intrepid travelers as they make their way on their amazing, song-filled journey of discovery!",8.4005,1971-02-02,The Point,6.9,63,"['Animation', 'Family', 'Fantasy', 'Adventure']"
False,109428,en,Evil Dead,"Mia, a drug addict, is determined to kick the habit. To that end, she asks her brother, David, his girlfriend, Natalie and their friends Olivia and Eric to accompany her to their family's remote forest cabin to help her through withdrawal. Eric finds a mysterious Book of the Dead at the cabin and reads aloud from it, awakening an ancient demon. All hell breaks loose when the malevolent entity possesses Mia.",11.2234,2013-04-05,Evil Dead,6.586,4965,['Horror']
False,1042834,en,Eden,"A group of disillusioned outsiders abandon modern society in search of a new beginning. Settling on a remote, uninhabited island, their utopian dream quickly unravels as they discover that the greatest threat isn’t the brutal climate or deadly wildlife, but each other.",10.9065,2025-04-03,Eden,6.683,619,"['Thriller', 'Drama']"
False,297090,ja,ちょっとかわいいアイアンメイデン,"The ""Torture Club"" is an official after-school activity at the private school Saint Honesty Gakuen. Yuzuki has no idea about the club when she enrolls, and gets abducted by the club members and hauled off the club-room. There, she finds out that upper-class student Aoi, her secret idol, is in the club, and decides to join, but…",10.6835,2014-07-19,The Torture Club,5.2,48,"['Drama', 'Comedy']"
False,244998,ms,Senario XX,"One alien crashed in a small village in Malaysia, create havoc with the villagers. To make it worst, there is some bad alien who pursue him.",10.2787,2005-05-19,Senario XX,0.0,0,"['Comedy', 'Adventure', 'Action']"
False,335797,en,Sing,A koala named Buster recruits his best friend to help him drum up business for his theater by hosting a singing competition.,10.7832,2016-11-23,Sing,7.122,8391,"['Animation', 'Music', 'Comedy', 'Family']"
False,9837,en,The Prince of Egypt,"The strong bond between two Royal Egyptian brothers is challenged when their chosen responsibilities set them at odds, with extraordinary consequences.",11.1188,1998-12-16,The Prince of Egypt,7.306,4269,"['Adventure', 'Animation', 'Drama', 'Family']"
False,4564,en,Sex and the City,A New York writer on sex and love is finally getting married to her Mr. Big. But her three best girlfriends must console her after one of them inadvertently leads Mr. Big to jilt her.,11.2469,2008-05-12,Sex and the City,6.555,2253,"['Comedy', 'Drama', 'Romance']"
False,1372,en,Blood Diamond,"An ex-mercenary turned smuggler. A Mende fisherman. Amid the explosive civil war overtaking 1999 Sierra Leone, these men join for two desperate missions: recovering a rare pink diamond of immense value and rescuing the fisherman's son, conscripted as a child soldier into the brutal rebel forces ripping a swath of torture and bloodshed countrywide.",11.8028,2006-12-08,Blood Diamond,7.555,8256,"['Drama', 'Thriller', 'Action']"
False,493529,en,Dungeons & Dragons: Honor Among Thieves,"A charming thief and a band of unlikely adventurers undertake an epic heist to retrieve a lost relic, but things go dangerously awry when they run afoul of the wrong people.",11.2267,2023-03-23,Dungeons & Dragons: Honor Among Thieves,7.327,4508,"['Adventure', 'Fantasy', 'Comedy']"
False,159824,en,Hotel Transylvania 2,"When the old-old-old-fashioned vampire Vlad arrives at the hotel for an impromptu family get-together, Hotel Transylvania is in for a collision of supernatural old-school and modern day cool.",10.0941,2015-09-21,Hotel Transylvania 2,6.8,6093,"['Animation', 'Comedy', 'Family', 'Fantasy']"
False,956,en,Mission: Impossible III,"Retired from active duty, and training recruits for the Impossible Mission Force, agent Ethan Hunt faces the toughest foe of his career: Owen Davian, an international broker of arms and information, who's as cunning as he is ruthless. Davian emerges to threaten Hunt and all that he holds dear – including the woman Hunt loves.",10.9641,2006-04-25,Mission: Impossible III,6.762,7556,"['Adventure', 'Action', 'Thriller']"
False,4011,en,Beetlejuice,A newly dead New England couple seeks help from a deranged demon exorcist to scare an affluent New York family out of their home.,10.8504,1988-03-30,Beetlejuice,7.368,8386,"['Fantasy', 'Comedy']"
False,235,en,Stand by Me,"After learning that a boy their age has been accidentally killed near their rural homes, four boys decide to go see the body. Gordie, Vern, Chris, and Teddy encounter a mean junk man and a marsh full of leeches, but they also learn more about one another and their very different home lives. Just a lark at first, the boys' adventure evolves into a defining event in their lives.",13.6903,1986-08-08,Stand by Me,7.838,6458,"['Crime', 'Drama']"
False,7220,en,The Punisher,"When undercover FBI agent Frank Castle's wife and son are slaughtered, he becomes 'the Punisher' -- a ruthless vigilante willing to go to any length to avenge his family.",9.8316,2004-04-15,The Punisher,6.362,3097,"['Action', 'Crime', 'Drama']"
False,1669050,tl,Tayuan 2,"A charming bus conductor drawn to both men and women who feels an unexpected spark with a shy commuter. On crowded bus rides where bodies brush, desire grows and love becomes messy.",12.3341,2026-04-17,Tayuan 2,0.0,0,['Drama']
False,48650,es,Habitación en Roma,"A hotel room in the center of Rome serves as the setting for Alba and Natasha, two sexy and recently acquainted women, to have a physical adventure that touches their very souls.",10.1274,2010-05-07,Room in Rome,6.408,820,"['Drama', 'Romance']"
False,9340,en,The Goonies,"Young teen Mikey Walsh and his friends set off on a quest to find Pirate One-Eyed Willie's treasure in hopes of saving their homes from demolition. However, on their quest to find the treasure, they run into a family of recently escaped criminals, determined to capture the kids and reach the treasure first.",10.8711,1985-06-07,The Goonies,7.5,6180,"['Adventure', 'Comedy', 'Family']"
False,155601,ja,続実録おんな鑑別所,"""Jealous"" man-killer Mayumi (Hitomi Kozue) is sent back into solitary confinement after being re-arrested for the murder of the doctor who fingered her for a botched surgery.  After emerging from solitary confinement to find an all-new gang of bullies picking on a meek, young female prisoner, Mayumi is now a much harder soul who takes no attitude from anyone, and she turns savage when the poor girl is enslaved by Yakuza.",9.6062,1975-07-01,True Story of a Woman in Jail: Continues,4.9,7,"['Action', 'Drama', 'Thriller']"
False,49529,en,John Carter,"John Carter is a war-weary, former military captain who's inexplicably transported to the mysterious and exotic planet of Barsoom (Mars) and reluctantly becomes embroiled in an epic conflict. It's a world on the brink of collapse, and Carter rediscovers his humanity when he realizes the survival of Barsoom and its people rests in his hands.",8.7049,2012-03-07,John Carter,6.36,6040,"['Action', 'Adventure', 'Science Fiction']"
False,312221,en,Creed,"The former World Heavyweight Champion Rocky Balboa serves as a trainer and mentor to Adonis Johnson, the son of his late friend and former rival Apollo Creed.",10.0115,2015-11-25,Creed,7.403,7904,['Drama']
False,792,en,Platoon,"As a young and naive recruit in Vietnam, Chris Taylor faces a moral crisis when confronted with the horrors of war and the duality of man.",10.6153,1986-12-19,Platoon,7.743,5057,"['Drama', 'War', 'Action']"
False,297761,en,Suicide Squad,"From DC Comics comes the Suicide Squad, an antihero team of incarcerated supervillains who act as deniable assets for the United States government, undertaking high-risk black ops missions in exchange for commuted prison sentences.",10.8639,2016-08-03,Suicide Squad,5.917,22007,"['Action', 'Adventure', 'Fantasy']"
False,776503,en,CODA,"As a CODA (Child of Deaf Adults), Ruby is the only hearing person in her deaf family. When the family's fishing business is threatened, Ruby finds herself torn between pursuing her love of music and her fear of abandoning her parents.",10.9279,2021-08-13,CODA,7.891,2556,"['Drama', 'Music', 'Romance']"
False,1020006,en,Priscilla,"When teenage Priscilla Beaulieu meets Elvis Presley at a party, the man who is already a meteoric rock-and-roll superstar becomes someone entirely unexpected in private moments: a thrilling crush, an ally in loneliness, a vulnerable best friend.",10.157,2023-10-27,Priscilla,6.716,1064,"['Drama', 'Romance']"
False,1429520,en,Sidelined 2: Intercepted,"Freshman star quarterback Drayton struggles with the weight of expectations after a devastating setback, while dancer Dallas begins to question the future she thought she wanted. As their high school relationship begins to unravel under the pressures of distance and self-discovery, they’ll learn that the bravest versions of themselves emerge when they let life redirect them.",11.6138,2025-11-27,Sidelined 2: Intercepted,7.111,72,"['Romance', 'Comedy']"
False,1023922,en,MaXXXine,"In 1980s Hollywood, adult film star and aspiring actress Maxine Minx finally gets her big break. But as a mysterious killer stalks the starlets of Hollywood, a trail of blood threatens to reveal her sinister past.",10.9276,2024-07-04,MaXXXine,6.302,1441,"['Horror', 'Thriller']"
False,1426776,en,STRAW,What will be her last straw? A devastatingly bad day pushes a hardworking single mother to the breaking point — and into a shocking act of desperation.,11.0391,2025-06-05,STRAW,7.707,937,"['Thriller', 'Drama', 'Crime']"
False,262543,en,Autómata,"Jacq Vaucan, an insurance agent of ROC robotics corporation, routinely investigates the case of manipulating a robot. What he discovers will have profound consequences for the future of humanity.",8.9628,2014-10-09,Automata,5.875,1769,"['Thriller', 'Science Fiction']"
False,593643,en,The Menu,"A young couple travels to a remote island to eat at an exclusive restaurant where the chef has prepared a lavish menu, with some shocking surprises.",12.0027,2022-11-17,The Menu,7.172,6075,"['Comedy', 'Horror']"
False,9659,en,Mad Max,"In the ravaged near-future, a savage motorcycle gang rules the road. Terrorizing innocent civilians while tearing up the streets, the ruthless gang laughs in the face of a police force hell-bent on stopping them.",10.8508,1979-04-12,Mad Max,6.677,4909,"['Adventure', 'Action', 'Thriller', 'Science Fiction']"
False,13475,en,Star Trek,"The fate of the galaxy rests in the hands of bitter rivals. One, James Kirk, is a delinquent, thrill-seeking Iowa farm boy. The other, Spock, a Vulcan, was raised in a logic-based society that rejects all emotion. As fiery instinct clashes with calm reason, their unlikely but powerful partnership is the only thing capable of leading their crew through unimaginable danger, boldly going where no one has gone before. The human adventure has begun again.",10.7661,2009-05-06,Star Trek,7.43,10421,"['Science Fiction', 'Action', 'Adventure']"
False,194662,en,Birdman or (The Unexpected Virtue of Ignorance),"A fading actor best known for his portrayal of a popular superhero attempts to mount a comeback by appearing in a Broadway play. As opening night approaches, his attempts to become more altruistic, rebuild his career, and reconnect with friends and family prove more difficult than expected.",12.8604,2014-10-17,Birdman or (The Unexpected Virtue of Ignorance),7.444,13515,"['Drama', 'Comedy']"
False,639933,en,The Northman,"Prince Amleth is on the verge of becoming a man when his father is brutally murdered by his uncle, who kidnaps the boy's mother. Two decades later, Amleth is now a Viking who's on a mission to save his mother, kill his uncle and avenge his father.",11.3089,2022-04-07,The Northman,7.033,4975,"['Action', 'Adventure', 'Fantasy']"
False,283366,en,Miss Peregrine's Home for Peculiar Children,A teenager finds himself transported to an island where he must help protect a group of orphans with special powers from creatures intent on destroying them.,10.3613,2016-09-28,Miss Peregrine's Home for Peculiar Children,6.837,10442,"['Fantasy', 'Adventure', 'Drama', 'Family']"
False,9276,en,The Faculty,"When some very creepy things start happening around school, the kids at Herrington High make the chilling discovery that confirms their worst suspicions: their teachers really are from another planet!",11.2106,1998-12-25,The Faculty,6.562,2214,"['Horror', 'Science Fiction']"
False,12244,en,9,"When 9 first comes to life, he finds himself in a post-apocalyptic world. All humans are gone, and it is only by chance that he discovers a small community of others like him taking refuge from fearsome machines that roam the earth intent on their extinction. Despite being the neophyte of the group, 9 convinces the others that hiding will do them no good.",8.2577,2009-08-19,9,6.947,3840,"['Action', 'Adventure', 'Animation', 'Science Fiction', 'Thriller']"
False,4032,en,My Girl,"Vada Sultenfuss is obsessed with death. Her mother is dead, and her father runs a funeral parlor. She is also in love with her English teacher, and joins a poetry class over the summer just to impress him. Thomas J., her best friend, is ""allergic to everything"", and sticks with Vada despite her hangups. When Vada's father hires Shelly, and begins to fall for her, things take a turn to the worse...",10.607,1991-11-27,My Girl,7.412,2272,"['Comedy', 'Drama']"
False,9276,en,The Faculty,"When some very creepy things start happening around school, the kids at Herrington High make the chilling discovery that confirms their worst suspicions: their teachers really are from another planet!",11.2106,1998-12-25,The Faculty,6.562,2214,"['Horror', 'Science Fiction']"
False,12244,en,9,"When 9 first comes to life, he finds himself in a post-apocalyptic world. All humans are gone, and it is only by chance that he discovers a small community of others like him taking refuge from fearsome machines that roam the earth intent on their extinction. Despite being the neophyte of the group, 9 convinces the others that hiding will do them no good.",8.2577,2009-08-19,9,6.947,3840,"['Action', 'Adventure', 'Animation', 'Science Fiction', 'Thriller']"
False,4032,en,My Girl,"Vada Sultenfuss is obsessed with death. Her mother is dead, and her father runs a funeral parlor. She is also in love with her English teacher, and joins a poetry class over the summer just to impress him. Thomas J., her best friend, is ""allergic to everything"", and sticks with Vada despite her hangups. When Vada's father hires Shelly, and begins to fall for her, things take a turn to the worse...",10.607,1991-11-27,My Girl,7.412,2272,"['Comedy', 'Drama']"
False,280092,en,Insidious: Chapter 3,"A twisted new tale of terror begins for a teenage girl and her family, and revealing more mysteries of the otherworldly realm, 'The Further'.",15.3945,2015-05-28,Insidious: Chapter 3,6.282,3581,"['Horror', 'Thriller']"
False,1592,en,Primal Fear,"Defense attorney Martin Vail takes on jobs for money and prestige rather than any sense of the greater good. His latest case involves an altar boy, accused of brutally murdering the archbishop of Chicago. Vail finds himself up against his ex-pupil and ex-lover, but as the case progresses and the Church's dark secrets are revealed, Vail finds that what appeared a simple case takes on a darker, more dangerous aspect.",11.056,1996-04-03,Primal Fear,7.657,3864,"['Crime', 'Drama', 'Mystery', 'Thriller']"
False,11969,en,Tombstone,"Legendary marshal Wyatt Earp, now a weary gunfighter, joins his brothers Morgan and Virgil to pursue their collective fortune in the thriving mining town of Tombstone. But Earp is forced to don a badge again and get help from his notorious pal Doc Holliday when a gang of renegade brigands and rustlers begins terrorizing the town.",10.1076,1993-12-25,Tombstone,7.6,2420,"['Western', 'Action']"
False,725201,en,The Gray Man,"When a shadowy CIA agent uncovers damning agency secrets, he's hunted across the globe by a sociopathic rogue operative who's put a bounty on his head.",10.139,2022-07-13,The Gray Man,6.906,4168,"['Action', 'Thriller']"
False,16320,en,Serenity,"When the renegade crew of Serenity agrees to hide a fugitive on their ship, they find themselves in an action-packed battle between the relentless military might of a totalitarian regime who will destroy anything – or anyone – to get the girl back and the bloodthirsty creatures who roam the uncharted areas of space. But... the greatest danger of all may be on their ship.",10.1298,2005-09-25,Serenity,7.36,3829,"['Science Fiction', 'Action', 'Adventure', 'Thriller']"
False,501170,en,Doctor Sleep,"Still scarred by the trauma he endured as a child at the Overlook Hotel, Dan Torrance faces the ghosts of the past when he meets Abra, a courageous teen who desperately needs his help -- and who possesses a powerful extrasensory ability called the ""shine"".",10.7172,2019-10-30,Doctor Sleep,7.144,4832,"['Horror', 'Fantasy']"
False,877817,en,Wolfs,"Hired to cover up a high-profile crime, a fixer soon finds his night spiralling out of control when he's forced to work with an unexpected counterpart.",11.9394,2024-09-20,Wolfs,6.535,1392,"['Crime', 'Comedy']"
False,55721,en,Bridesmaids,"Annie's life is a mess. But when she finds out her lifetime best friend is engaged, she simply must serve as Lillian's maid of honor. Though lovelorn and broke, Annie bluffs her way through the expensive and bizarre rituals. With one chance to get it perfect, she’ll show Lillian and her bridesmaids just how far you’ll go for someone you love.",10.7563,2011-05-13,Bridesmaids,6.5,4645,"['Comedy', 'Romance']"
False,19908,en,Zombieland,"Columbus has made a habit of running from what scares him. Tallahassee doesn't have fears. If he did, he'd kick their ever-living ass. In a world overrun by zombies, these two are perfectly evolved survivors. But now, they're about to stare down the most terrifying prospect of all: each other.",12.6313,2009-10-02,Zombieland,7.26,13082,"['Comedy', 'Horror']"
False,1422096,en,Good Boy,"A loyal dog moves to a rural family home with his owner Todd, only to discover supernatural forces lurking in the shadows. As dark entities threaten his human companion, the brave pup must fight to protect the one he loves most.",10.5841,2025-10-01,Good Boy,6.683,580,['Horror']
False,11069,en,Tremors 2: Aftershocks,"Earl Bassett's celebrity after defeating the Graboid attack against the town of Perfection has proved short-lived, until he's recruited by a Mexican oil company whose workers have found more than they bargained for under the soil.",10.9726,1996-04-09,Tremors 2: Aftershocks,6.309,1041,"['Action', 'Horror', 'Comedy']"
False,524,en,Casino,"In Las Vegas, two best friends--a casino executive and a Mafia enforcer--compete for a gambling empire and a fast-living, fast-loving socialite.",10.9475,1995-11-22,Casino,7.993,6477,"['Crime', 'Drama']"
False,76492,en,Hotel Transylvania,"Welcome to Hotel Transylvania, Dracula's lavish five-stake resort, where monsters and their families can live it up and no humans are allowed. One special weekend, Dracula has invited all his best friends to celebrate his beloved daughter Mavis's 118th birthday. For Dracula catering to all of these legendary monsters is no problem but the party really starts when one ordinary guy stumbles into the hotel and changes everything!",14.6389,2012-09-20,Hotel Transylvania,6.963,9130,"['Animation', 'Comedy', 'Family', 'Fantasy']"
False,351286,en,Jurassic World: Fallen Kingdom,"Three years after Jurassic World was destroyed, Isla Nublar now sits abandoned. When the island's dormant volcano begins roaring to life, Owen and Claire mount a campaign to rescue the remaining dinosaurs from this extinction-level event.",12.1945,2018-06-06,Jurassic World: Fallen Kingdom,6.531,12677,"['Action', 'Adventure', 'Science Fiction', 'Thriller']"
False,17654,en,District 9,"Thirty years ago, aliens arrive on Earth. Not to conquer or give aid, but to find refuge from their dying planet. Separated from humans in a South African area called District 9, the aliens are managed by Multi-National United, which is unconcerned with the aliens' welfare but will do anything to master their advanced technology. When a company field agent contracts a mysterious virus that begins to alter his DNA, there is only one place he can hide: District 9.",10.1645,2009-08-05,District 9,7.463,10244,['Science Fiction']
False,75612,en,Oblivion,"Jack Harper is one of the last few drone repairmen stationed on Earth. Part of a massive operation to extract vital resources after decades of war with a terrifying threat known as the Scavs, Jack’s mission is nearly complete. His existence is brought crashing down when he rescues a beautiful  stranger from a downed spacecraft. Her arrival triggers a chain of events that  forces him to question everything he knows and puts the fate of humanity in his hands.",10.9247,2013-04-10,Oblivion,6.673,11414,"['Action', 'Science Fiction', 'Adventure', 'Mystery']"
False,861,en,Total Recall,"Construction worker Douglas Quaid's obsession with the planet Mars leads him to visit Rekall, a virtual vacation company that manufactures memories. When something goes wrong during Quaid's memory implant procedure, his life turns upside down, leading him to question what is reality and what isn't.",9.2287,1990-06-01,Total Recall,7.317,6397,"['Action', 'Adventure', 'Science Fiction']"
False,604,en,The Matrix Reloaded,"The Resistance builds in numbers as humans are freed from the Matrix and brought to the city of Zion. Neo discovers his superpowers, including the ability to see the code inside the Matrix. With machine sentinels digging to Zion in 72 hours, Neo, Morpheus and Trinity must find the Keymaker to ultimately reach the Source.",15.607,2003-05-15,The Matrix Reloaded,7.071,11855,"['Adventure', 'Action', 'Thriller', 'Science Fiction']"
False,14537,ja,切腹,"Down-on-his-luck veteran Tsugumo Hanshirō enters the courtyard of the prosperous House of Iyi. Unemployed, and with no family, he hopes to find a place to commit seppuku—and a worthy second to deliver the coup de grâce in his suicide ritual. The senior counselor for the Iyi clan questions the ronin’s resolve and integrity, suspecting Hanshirō of seeking charity rather than an honorable end. What follows is a pair of interlocking stories which lay bare the difference between honor and respect, and promises to examine the legendary foundations of the Samurai code.",9.6327,1962-09-15,Harakiri,8.438,1186,"['Action', 'Drama', 'History']"
False,1107166,en,Psycho Killer,"Following the brutal murder of her husband, a Kansas highway patrol officer sets out on a journey to track down the perpetrator. As the hunt progresses, she comes to realize the man responsible is a sadistic serial killer, and the depth of his mental depravity and his sinister agenda is more twisted than anyone could have imagined.",12.3839,2026-02-19,Psycho Killer,5.588,34,"['Crime', 'Horror', 'Mystery']"
False,1607,en,A Bronx Tale,"Set in the Bronx during the tumultuous 1960s, an adolescent boy is torn between his honest, working-class father and a violent yet charismatic crime boss. Complicating matters is the youngster's growing attraction - forbidden in his neighborhood - for a beautiful black girl.",11.2583,1993-10-01,A Bronx Tale,7.875,2820,"['Drama', 'Crime']"
False,8961,en,Bad Boys II,"Detectives Marcus Burnett and Mike Lowrey of the Miami Narcotics Task Force are tasked with stopping the flow of the drug Ecstasy into Miami. They track the drugs to the whacked-out Cuban drug lord Johnny Tapia, who is also involved in a bloody war with Russian and Haitian mobsters. If that isn't bad enough, there's tension between the two detectives when Marcus discovers that playboy Mike is secretly romancing Marcus’ sister, Syd.",10.816,2003-07-18,Bad Boys II,6.656,5882,"['Action', 'Crime', 'Comedy']"
False,114,en,Pretty Woman,"Vivian is a carefree, streetwise diamond in the rough when she meets sophisticated billionaire Edward in a chance encounter that turns into a week-long business arrangement. But Vivian's energetic spirit challenges Edward's no-nonsense approach to life, and soon they are teaching each other – and falling in love!",12.2147,1990-03-23,Pretty Woman,7.448,8925,"['Romance', 'Comedy']"
False,870028,en,The Accountant²,"When an old acquaintance is murdered, Wolff is compelled to solve the case. Realizing more extreme measures are necessary, Wolff recruits his estranged and highly lethal brother, Brax, to help. In partnership with Marybeth Medina, they uncover a deadly conspiracy, becoming targets of a ruthless network of killers who will stop at nothing to keep their secrets buried.",11.1034,2025-04-23,The Accountant²,7.065,1697,"['Mystery', 'Crime', 'Thriller']"
False,955,en,Mission: Impossible II,"With computer genius Luther Stickell at his side and a beautiful thief on his mind, agent Ethan Hunt races across Australia and Spain to stop a former IMF agent from unleashing a genetically engineered biological weapon called Chimera. This mission, should Hunt choose to accept it, plunges him into the center of an international crisis of terrifying magnitude.",11.341,2000-05-24,Mission: Impossible II,6.1,7506,"['Adventure', 'Action', 'Thriller']"
False,7485,en,Shooter,"A top Marine sniper, Bob Lee Swagger, leaves the military after a mission goes horribly awry and disappears, living in seclusion. He is coaxed back into service after a high-profile government official convinces him to help thwart a plot to kill the President of the United States. Ultimately double-crossed and framed for the attempt, Swagger becomes the target of a nationwide manhunt. He goes on the run to track the real killer and find out who exactly set him up, and why, eventually seeking revenge against some of the most powerful and corrupt leaders in the free world.",16.016,2007-03-22,Shooter,7.116,5390,"['Drama', 'Action', 'Thriller']"
False,877703,en,Teen Wolf: The Movie,"The wolves are howling once again, as a terrifying ancient evil emerges in Beacon Hills. Scott McCall, no longer a teenager yet still an Alpha, must gather new allies and reunite trusted friends to fight back against this powerful and deadly enemy.",11.4309,2023-01-18,Teen Wolf: The Movie,7.468,946,"['Action', 'Fantasy', 'TV Movie']"
False,118340,en,Guardians of the Galaxy,"Light years from Earth, 26 years after being abducted, Peter Quill finds himself the prime target of a manhunt after discovering an orb wanted by Ronan the Accuser.",10.3347,2014-07-30,Guardians of the Galaxy,7.905,29548,"['Action', 'Science Fiction', 'Adventure']"
False,341006,en,The Belko Experiment,A group of eighty American workers are locked in their office and ordered by an unknown voice to participate in a twisted game.,9.835,2016-03-17,The Belko Experiment,6.18,1654,"['Horror', 'Thriller', 'Action']"
False,1573,en,Die Hard 2,"One year after his heroics in Los Angeles, John McClane is an off-duty cop who is the wrong guy in the wrong place at the wrong time. On a snowy Christmas Eve, as he waits for his wife's plane to land at Washington Dulles International Airport, terrorists take over the air traffic control system in a plot to free a South American army general and drug smuggler being flown into the US to face drug charges. It's now up to McClane to take on the terrorists, while coping with an inept airport police chief, an uncooperative anti-terrorist squad, and the life of his wife and everyone else trapped in planes circling overhead.",10.56,1990-07-03,Die Hard 2,6.968,6349,"['Action', 'Thriller']"
False,13808,en,Strictly Sexual,"Two successful women, sick and tired of dating and relationships, decide to keep two young men in their pool house for strictly sexual purposes.",10.1737,2008-12-02,Strictly Sexual,6.1,75,"['Drama', 'Comedy', 'Romance']"
False,343668,en,Kingsman: The Golden Circle,"When an attack on the Kingsman headquarters takes place and a new villain rises, Eggsy and Merlin are forced to work together with the American agency known as the Statesman to save the world.",10.5792,2017-09-20,Kingsman: The Golden Circle,6.945,11075,"['Action', 'Adventure', 'Comedy', 'Crime']"
False,841,en,Dune,"In the year 10,191, the most precious substance in the universe is the spice Melange. The spice extends life. The spice expands consciousness. The spice is vital to space travel.  The spice exists on only one planet in the entire universe, the vast desert planet Arrakis, also known as Dune.  Its native inhabitants, the Fremen, have long held a prophecy that a man would come, a messiah who would lead them to true freedom.",9.1796,1984-12-14,Dune,6.18,3390,"['Action', 'Science Fiction', 'Adventure']"
False,147441,en,Exodus: Gods and Kings,"The defiant leader Moses rises up against the Egyptian Pharaoh Ramses, setting 400,000 slaves on a monumental journey of escape from Egypt and its terrifying cycle of deadly plagues.",11.7201,2014-12-03,Exodus: Gods and Kings,5.881,4818,"['Adventure', 'Drama', 'Action']"
False,98566,en,Teenage Mutant Ninja Turtles,"When a kingpin threatens New York City, a group of mutated turtle warriors must emerge from the shadows to protect their home.",8.5431,2014-08-07,Teenage Mutant Ninja Turtles,5.9,7146,"['Science Fiction', 'Action', 'Adventure', 'Comedy']"
False,98566,en,Teenage Mutant Ninja Turtles,"When a kingpin threatens New York City, a group of mutated turtle warriors must emerge from the shadows to protect their home.",8.5431,2014-08-07,Teenage Mutant Ninja Turtles,5.9,7146,"['Science Fiction', 'Action', 'Adventure', 'Comedy']"
False,615173,ko,마녀(魔女) Part2. The Other One,"A girl wakes up in a huge secret laboratory, then accidentally meets another girl who is trying to protect her house from a gang. The mystery girl overthrows the gang with her unexpected powers, and laboratory staff set out to find her.",10.4329,2022-06-15,The Witch: Part 2. The Other One,7.375,432,"['Action', 'Mystery', 'Thriller', 'Science Fiction']"
False,791373,en,Zack Snyder's Justice League,"Determined to ensure Superman's ultimate sacrifice was not in vain, Bruce Wayne aligns forces with Diana Prince with plans to recruit a team of metahumans to protect the world from an approaching threat of catastrophic proportions.",14.7682,2021-03-18,Zack Snyder's Justice League,8.09,10730,"['Action', 'Adventure', 'Fantasy']"
False,760104,en,X,"In 1979, a group of young filmmakers set out to make an adult film in rural Texas, but when their reclusive, elderly hosts catch them in the act, the cast find themselves fighting for their lives.",14.3139,2022-03-17,X,6.72,3904,"['Horror', 'Thriller']"
False,84892,en,The Perks of Being a Wallflower,"Pittsburgh, Pennsylvania, 1991. High school freshman Charlie is a wallflower, always watching life from the sidelines, until two senior students, Sam and her stepbrother Patrick, become his mentors, helping him discover the joys of friendship, music and love.",9.9702,2012-09-20,The Perks of Being a Wallflower,7.802,11135,['Drama']
False,64682,en,The Great Gatsby,"An adaptation of F. Scott Fitzgerald's Long Island-set novel, where Midwesterner Nick Carraway is lured into the lavish world of his neighbor, Jay Gatsby. Soon enough, however, Carraway will see through the cracks of Gatsby's nouveau riche existence, where obsession, madness, and tragedy await.",10.4538,2013-05-09,The Great Gatsby,7.353,12888,"['Drama', 'Romance']"
False,19994,en,Jennifer's Body,"Jennifer, a gorgeous, seductive cheerleader takes evil to a whole new level after she's possessed by a sinister demon. Now it's up to her best friend to stop Jennifer's reign of terror before it's too late.",10.9654,2009-09-18,Jennifer's Body,5.991,4186,"['Horror', 'Comedy']"
False,353081,en,Mission: Impossible - Fallout,"When an IMF mission ends badly, the world is faced with dire consequences. As Ethan Hunt takes it upon himself to fulfill his original briefing, the CIA begin to question his loyalty and his motives. The IMF team find themselves in a race against time, hunted by assassins while trying to prevent a global catastrophe.",11.4606,2018-07-25,Mission: Impossible - Fallout,7.4,9061,"['Action', 'Adventure']"
False,125509,en,Wrong Turn 5: Bloodlines,"A small West Virginia town is hosting the legendary Mountain Man Festival on Halloween, where throngs of costumed party goers gather for a wild night of music and mischief. But an inbred family of hillbilly cannibals kill the fun when they trick and treat themselves to a group of visiting college students.",8.9622,2012-10-18,Wrong Turn 5: Bloodlines,5.478,1031,"['Horror', 'Thriller']"
False,1280450,en,Stolen Girl,"In 1993, Maureen’s six-year-old daughter Amina is snuck out of the country by her ex-husband, Karim. After years of unsuccessful attempts to find her, Maureen intersects with a professional retriever of internationally abducted children who promises to help her find Amina in exchange for her collaboration.",11.0217,2025-09-04,Stolen Girl,6.123,154,"['Thriller', 'Action', 'Adventure']"
False,500664,en,Upgrade,"A brutal mugging leaves Grey Trace paralyzed in the hospital and his beloved wife dead. A billionaire inventor soon offers Trace a cure — an artificial intelligence implant called STEM that will enhance his body. Now able to walk, Grey finds that he also has superhuman strength and agility — skills he uses to seek revenge against the thugs who destroyed his life.",10.355,2018-05-31,Upgrade,7.504,4939,"['Action', 'Thriller', 'Science Fiction']"
False,9487,en,A Bug's Life,"On behalf of ""oppressed bugs everywhere,"" an inventive ant named Flik hires a troupe of warrior bugs to defend his bustling colony from a horde of freeloading grasshoppers led by the evil-minded Hopper.",10.2206,1998-11-25,A Bug's Life,6.974,9677,"['Family', 'Animation', 'Adventure', 'Comedy']"
False,9880,en,The Princess Diaries,"A socially awkward but very bright 15-year-old girl being raised by a single mom discovers that she is the princess of a small European country because of the recent death of her long-absent father, who, unknown to her, was the crown prince of Genovia. She must make a choice between continuing the life of a San Francisco teen or stepping up to the throne.",11.6647,2001-08-03,The Princess Diaries,6.961,5239,"['Comedy', 'Family', 'Romance']"
False,522627,en,The Gentlemen,"American expat Mickey Pearson has built a highly profitable marijuana empire in London. When word gets out that he’s looking to cash out of the business forever it triggers plots, schemes, bribery and blackmail in an attempt to steal his domain out from under him.",10.029,2020-01-01,The Gentlemen,7.663,6524,"['Comedy', 'Crime', 'Action']"
False,1035048,en,Elevation,"Post-apocalyptic survivors find refuge in the Rocky Mountains to hide from giant, insect-like creatures that can't live above 8,000 feet. However, when one of them needs life-saving supplies, they risk it all to venture into the danger zone.",11.1508,2024-11-07,Elevation,6.415,944,"['Action', 'Science Fiction', 'Thriller']"
False,1357449,es,Ídolos,"A fiery young motorcycle racer throws away his shot at the junior championship in a reckless crash, only to receive a surprise offer from a top Moto2 team that gives him a chance at redemption. But to claim it, he must train under his estranged father, a disgraced former world champion haunted by a tragic past. As the father and son battle personal demons, media scrutiny, and a ruthless racing circuit, their fractured bond is pushed to the limit by ambition, love, and the unforgiving speed of the sport. With a wildcard entry into MotoGP on the line, they must confront the wreckage of their relationship to seize a future—on and off the track.",11.617,2026-01-23,Ídolos,6.941,17,"['Drama', 'Romance']"
False,1427,en,Perfume: The Story of a Murderer,"Jean-Baptiste Grenouille, born in the stench of 18th century Paris, develops a superior olfactory sense, which he uses to create the world's finest perfumes. However, his work takes a dark turn as he tries to preserve scents in the search for the ultimate perfume.",10.8292,2006-09-13,Perfume: The Story of a Murderer,7.368,4954,"['Crime', 'Fantasy', 'Drama']"
False,9820,en,The Parent Trap,"Hallie Parker and Annie James are identical twins who were separated at a young age due to their parents' divorce. Unbeknownst to their parents, the girls are sent to the same summer camp, where they meet, discover the truth about their relationship, and come up with a plan to switch places in an effort to reunite their mother and father.",10.6578,1998-07-28,The Parent Trap,7.211,4484,"['Comedy', 'Family', 'Romance']"
False,1058710,en,Bloodline Killer,Moira Cole endeavors to rebuild her shattered life after her family's murder at the hands of her deranged and obsessed cousin.,15.2727,2024-04-26,Bloodline Killer,6.0,56,"['Horror', 'Thriller']"
False,9820,en,The Parent Trap,"Hallie Parker and Annie James are identical twins who were separated at a young age due to their parents' divorce. Unbeknownst to their parents, the girls are sent to the same summer camp, where they meet, discover the truth about their relationship, and come up with a plan to switch places in an effort to reunite their mother and father.",10.6578,1998-07-28,The Parent Trap,7.211,4484,"['Comedy', 'Family', 'Romance']"
False,1058710,en,Bloodline Killer,Moira Cole endeavors to rebuild her shattered life after her family's murder at the hands of her deranged and obsessed cousin.,15.2727,2024-04-26,Bloodline Killer,6.0,56,"['Horror', 'Thriller']"
False,594767,en,Shazam! Fury of the Gods,"Billy Batson and his foster siblings, who transform into superheroes by saying ""Shazam!"", are forced to get back into action and fight the Daughters of Atlas, who they must stop from using a weapon that could destroy the world.",10.3068,2023-03-15,Shazam! Fury of the Gods,6.426,3601,"['Comedy', 'Action', 'Fantasy']"
False,68735,en,Warcraft,"The peaceful realm of Azeroth stands on the brink of war as its civilization faces a fearsome race of invaders: orc warriors fleeing their dying home to colonize another. As a portal opens to connect the two worlds, one army faces destruction and the other faces extinction. From opposing sides, two heroes are set on a collision course that will decide the fate of their family, their people, and their home.",9.8399,2016-05-25,Warcraft,6.399,7208,"['Action', 'Adventure', 'Fantasy']"
False,1051896,en,Arcadian,"In the near future, on a decimated Earth, Paul and his twin sons face terror at night when ferocious creatures awaken. When Paul is nearly killed, the boys come up with a plan for survival, using everything their father taught them to keep him alive.",11.191,2024-04-12,Arcadian,6.038,836,"['Action', 'Horror', 'Thriller']"
False,10555,en,Shark Tale,"Oscar is a small fish whose big aspirations often get him into trouble. Meanwhile, Lenny is a great white shark with a surprising secret that no sea creature would guess: He's a vegetarian. When a lie turns Oscar into an improbable hero and Lenny becomes an outcast, the two form an unlikely friendship.",10.2526,2004-09-20,Shark Tale,6.035,6670,"['Animation', 'Action', 'Comedy', 'Family']"
False,30497,en,The Texas Chain Saw Massacre,"Five friends head out to rural Texas to visit the grave of a grandfather. On the way, they stumble across what appears to be a deserted house, only to discover something sinister within. Something armed with a chainsaw.",10.7865,1974-10-11,The Texas Chain Saw Massacre,7.282,3767,['Horror']
False,1170608,en,Dune: Part Three,"As Emperor, Paul Atreides grapples with the consequences of his rise to power as political conspiracies and a galaxy-spanning holy war threaten the future he alone can foresee.",13.3611,2026-12-16,Dune: Part Three,0.0,0,"['Science Fiction', 'Drama']"
False,453,en,A Beautiful Mind,"From the heights of notoriety to the depths of depravity, John Forbes Nash Jr. experiences it all. As a brilliant but socially awkward mathematician, he made a groundbreaking discovery early in his career and stands on the brink of international acclaim. But as the handsome and arrogant Nash accepts secret work in cryptography, he becomes entangled in a mysterious conspiracy. His life takes a nightmarish turn and he soon finds himself on a painful and harrowing journey of self-discovery.",10.596,2001-12-14,A Beautiful Mind,7.855,11004,"['Drama', 'Romance']"
False,301,en,Rio Bravo,"A small-town sheriff in the American West enlists the help of a disabled man, a drunk, and a young gunfighter in his efforts to hold in jail the brother of the local bad guy.",12.1048,1959-03-08,Rio Bravo,7.806,1253,"['Western', 'Drama']"
False,255709,ko,소원,"After 8-year-old So-won narrowly survives a brutal sexual assault, her family labors to help her heal while coping with their own rage and grief.",8.7528,2013-10-02,Hope,8.394,833,['Drama']
False,937287,en,Challengers,"Tennis player turned coach Tashi has taken her husband, Art, and transformed him into a world-famous Major champion. To jolt him out of his recent losing streak, she signs him up for a ""Challenger"" event — close to the lowest level of pro tournament — where he finds himself standing across the net from his former best friend and Tashi's former boyfriend.",8.8945,2024-04-18,Challengers,6.915,2636,"['Drama', 'Romance']"
False,1588846,tl,Ekis,"Erik Matti’s classic Ekis gets a bold reboot with an all-girls ensemble led by Angela Morena, Cheena Dizon, and Aliya Raymundo. A crew of female thugs launches a kidnap-for-ransom plot, but when things go wrong, escaping the chaos becomes impossible.",8.9996,2025-12-19,Ekis,6.2,4,['Drama']
False,60898,cn,聊齋艷譚,"After one thousand years, three vixens transform into humans. They seduce a poor young scholar who soon finds himself in a horrifying situation.",9.4586,1990-05-19,Erotic Ghost Story,6.2,93,"['Fantasy', 'Drama', 'Horror']"
False,152601,en,Her,"In the not so distant future, Theodore, a lonely writer, purchases a newly developed operating system designed to meet the user's every need. To Theodore's surprise, a romantic relationship develops between him and his operating system. This unconventional love story blends science fiction and romance in a sweet tale that explores the nature of love and the ways that technology isolates and connects us all.",14.4014,2013-12-18,Her,7.841,15211,"['Romance', 'Science Fiction', 'Drama']"
False,395834,en,Wind River,An FBI agent teams with the town's veteran game tracker to investigate a murder that occurred on a Native American reservation.,9.7682,2017-08-03,Wind River,7.435,5720,"['Crime', 'Mystery', 'Drama', 'Thriller']"
False,693,en,Meet the Fockers,"Hard-to-crack ex-CIA man Jack Byrnes and his wife Dina head for the warmer climes of Florida to meet the parents of their son-in-law-to-be, Greg Focker. Unlike their happily matched offspring, the future in-laws find themselves in a situation of opposites that definitely do not attract.",11.389,2004-12-22,Meet the Fockers,6.254,5116,"['Comedy', 'Romance']"
False,782,en,Gattaca,"Vincent is an all-too-human man who dares to defy a system obsessed with genetic perfection. He is an ""In-Valid"" who assumes the identity of a member of the genetic elite to pursue his goal of traveling into space with the Gattaca Aerospace Corporation.",9.801,1997-07-09,Gattaca,7.565,6865,"['Thriller', 'Science Fiction', 'Mystery', 'Romance']"
False,10528,en,Sherlock Holmes,Eccentric consulting detective Sherlock Holmes and Doctor John Watson battle to bring down a new nemesis and unravel a deadly plot that could destroy England.,11.8392,2009-12-23,Sherlock Holmes,7.219,14698,"['Adventure', 'Crime', 'Mystery']"
False,1174870,es,La parte de su vida que quiere mostrarme,"Joan is a boy trapped in an obsession: spying on his neighbor every day, to the point of falling in love with him.",7.8717,2023-08-24,The Part of His Life He Wants to Show Me,5.0,3,['Drama']
False,14741,en,The Goodbye Girl,"After being dumped by her live-in boyfriend, an unemployed dancer and her 10-year-old daughter are reluctantly forced to live with a struggling off-Broadway actor.",12.4479,1977-11-27,The Goodbye Girl,6.9,181,"['Comedy', 'Drama', 'Romance']"
False,51876,en,Limitless,The life of an unsuccessful writer is transformed by a top-secret 'smart drug' that allows him to use 100% of his brain and become a perfect version of himself. His enhanced abilities soon attract shadowy forces that threaten his new life.,10.9827,2011-03-17,Limitless,7.196,11377,"['Thriller', 'Mystery', 'Science Fiction']"
False,1245993,en,Caught Stealing,"Burned-out ex-baseball player Hank Thompson unexpectedly finds himself embroiled in a dangerous struggle for survival amidst the criminal underbelly of late 1990s New York City, forced to navigate a treacherous underworld he never imagined.",9.8057,2025-08-26,Caught Stealing,6.894,894,"['Crime', 'Thriller', 'Comedy']"
False,402900,en,Ocean's Eight,"Debbie Ocean, a criminal mastermind, gathers a crew of female thieves to pull off the heist of the century at New York's annual Met Gala.",10.5124,2018-06-07,Ocean's Eight,6.96,8740,"['Crime', 'Comedy', 'Action']"
False,9603,en,Clueless,"Shallow, rich and socially successful Cher is at the top of her Beverly Hills high school's pecking scale. Seeing herself as a matchmaker, Cher first coaxes two teachers into dating each other. Emboldened by her success, she decides to give hopelessly klutzy new student Tai a makeover. When Tai becomes more popular than she is, Cher realizes that her disapproving ex-stepbrother was right about how misguided she was -- and falls for him.",9.2559,1995-07-19,Clueless,7.252,4762,"['Comedy', 'Romance']"
False,11544,en,Lilo & Stitch,"As Stitch, a runaway genetic experiment from a faraway planet, wreaks havoc on the Hawaiian Islands, he becomes the mischievous adopted alien ""puppy"" of an independent little girl named Lilo and learns about loyalty, friendship, and ʻohana, the Hawaiian tradition of family.",11.4404,2002-06-21,Lilo & Stitch,7.559,7041,"['Animation', 'Family', 'Comedy']"
False,9982,en,Chicken Little,"When the sky really is falling and sanity has flown the coop, who will rise to save the day? Together with his hysterical band of misfit friends, Chicken Little must hatch a plan to save the planet from alien invasion and prove that the world's biggest hero is a little chicken.",9.9086,2005-11-04,Chicken Little,5.904,4124,"['Animation', 'Family', 'Comedy']"
False,10607,en,Don't Be a Menace to South Central While Drinking Your Juice in the Hood,"When Ashtray moves to South Central L.A. to live with his father (who appears to be the same age he is) and grandmother (who likes to talk tough and smoke reefer), he falls in with his gang-banging cousin Loc Dog, who along with the requisite pistols and Uzi carries a thermo-nuclear warhead for self-defense. Will Ashtray be able to keep living the straight life?",11.1078,1996-01-12,Don't Be a Menace to South Central While Drinking Your Juice in the Hood,7.023,1484,"['Comedy', 'Crime']"
False,3686,de,Winnetou 2. Teil,"Forester, a ruthless oil baron, wants to create a war between the native American tribes and the white men. Old Shatterhand, Winnetou and their sidekick Castlepool try to prevent this.",4.3783,1964-09-17,Last of the Renegades,6.7,127,"['Western', 'Adventure']"
False,278927,en,The Jungle Book,"After a threat from the tiger Shere Khan, Mowgli, a man-cub fostered by wolves, is forced to flee the jungle, and he embarks on a journey of self-discovery with the help of the panther, Bagheera, and the free-spirited bear, Baloo.",10.8087,2016-04-07,The Jungle Book,6.871,8459,"['Family', 'Adventure', 'Fantasy']"
False,9016,en,Treasure Planet,"When space galleon cabin boy Jim Hawkins discovers a map to an intergalactic ""loot of a thousand worlds,"" a cyborg cook named John Silver teaches him to battle supernovas and space storms on their journey to find treasure.",10.3533,2002-11-26,Treasure Planet,7.563,4561,"['Science Fiction', 'Adventure', 'Animation', 'Family', 'Fantasy']"
False,10483,en,Death Race,"Terminal Island, New York: 2020. Overcrowding in the US penal system has reached a breaking point. Prisons have been turned over to a monolithic Weyland Corporation, which sees jails full of thugs as an opportunity for televised sport. Adrenalized inmates, a global audience hungry for violence and a spectacular, enclosed arena come together to form the 'Death Race', the biggest, most brutal event.",9.7773,2008-08-22,Death Race,6.295,4092,"['Action', 'Thriller', 'Science Fiction']"
False,666277,en,Past Lives,"After decades apart, childhood friends Nora and Hae Sung are reunited in New York for one fateful weekend as they confront notions of destiny, love, and the choices that make a life.",10.8868,2023-06-02,Past Lives,7.7,2269,"['Drama', 'Romance']"
False,1410082,en,Sniper: The Last Stand,"To stop an arms dealer from unleashing a deadly superweapon, Ace sniper Brandon Beckett and Agent Zero are deployed to Costa Verde to lead a group of elite soldiers against an unrelenting militia. Taking an untested sniper under his wing, Beckett faces his newest challenge: giving orders instead of receiving them. With both time and ammo running low in a race to save humanity, the team must overcome all odds just to survive.",11.1791,2025-01-21,Sniper: The Last Stand,6.742,178,"['Action', 'Thriller']"
False,1086260,en,The Astronaut,"After returning from her first space mission, astronaut Sam Walker is placed under NASA’s care at a high security house for rehabilitation and medical testing. However, when disturbing occurrences begin happening around the property, she fears that something extraterrestrial has followed her back to Earth",7.9618,2025-09-26,The Astronaut,6.12,301,"['Horror', 'Science Fiction', 'Thriller']"
False,653346,en,Kingdom of the Planet of the Apes,"Several generations following Caesar's reign, apes – now the dominant species – live harmoniously while humans have been reduced to living in the shadows. As a new tyrannical ape leader builds his empire, one young ape undertakes a harrowing journey that will cause him to question all he's known about the past and to make choices that will define a future for apes and humans alike.",14.1779,2024-05-08,Kingdom of the Planet of the Apes,7.056,4196,"['Science Fiction', 'Adventure', 'Action']"
False,290595,en,The Huntsman: Winter's War,"As two evil sisters prepare to conquer the land, two renegades—Eric the Huntsman, who aided Snow White in defeating Ravenna in Snowwhite and the Huntsman, and his forbidden lover, Sara—set out to stop them.",9.3695,2016-04-06,The Huntsman: Winter's War,6.284,5013,"['Action', 'Adventure', 'Drama']"
False,31606,en,The Package,"Experienced Green Beret sergeant Johnny Gallagher is escorting a prisoner, Airborne Ranger Thomas Boyette, back to the US, but Boyette escapes and Gallagher must risk life and limb to catch him.",9.8414,1989-08-25,The Package,6.128,262,"['Crime', 'Thriller', 'Action']"
False,921711,ta,தமிழ் ராக்கர்ஸ்,4 Major characters running for the Money facing more challenges by forgetting the fact that it's not the decision of money to reach human.,10.2384,2021-12-31,Tamil Rockers,4.0,2,"['Comedy', 'Thriller']"
False,7085,de,Winnetou 3. Teil,"Rollins' gang wants to grab land by inciting the settlers in a war against the Indians but Winnetou and Old Shatterhand try to keep the peace, until Rollins frames Winnetou up for the murder of Jicarilla Chief's son.",4.4572,1965-10-14,The Desperado Trail,6.9,121,"['Adventure', 'Western']"
False,375846,en,Bad Sister,"As a top student at St. Adeline's Catholic Boarding School, Zoe senses that something is not quite right about the school's new nun-- a sense proven to be true when it is revealed the ""good' nun is an imposter with a fatal attraction to Zoe's brother.",10.0793,2015-08-24,Bad Sister,6.6,242,"['Thriller', 'TV Movie']"
False,1106289,en,The Pickup,A routine cash pickup takes a wild turn when mismatched armored truck drivers Russell and Travis are ambushed by ruthless criminals led by savvy mastermind Zoe.,9.5666,2025-07-27,The Pickup,6.432,455,"['Action', 'Comedy', 'Crime']"
False,122906,en,About Time,"The night after another unsatisfactory New Year's party, Tim's father tells his son that the men in his family have always had the ability to travel through time. They can't change history, but they can change what happens and has happened in their own lives. Thus begins the start of a lesson in learning to appreciate life itself as it is, as it comes, and most importantly, the people living alongside us.",10.545,2013-09-04,About Time,7.907,9185,"['Drama', 'Romance', 'Fantasy']"
False,76757,en,Jupiter Ascending,"In a universe where human genetic material is the most precious commodity, an impoverished young Earth woman becomes the key to strategic maneuvers and internal strife within a powerful dynasty…",9.8046,2015-02-04,Jupiter Ascending,5.461,7061,"['Science Fiction', 'Fantasy', 'Action']"
False,762975,en,Purple Hearts,"An aspiring musician agrees to a marriage of convenience with a soon-to-deploy Marine, but a tragedy soon turns their fake relationship all too real.",10.3605,2022-07-29,Purple Hearts,8.047,2848,"['Romance', 'Drama']"
False,90,en,Beverly Hills Cop,"Fast-talking, quick-thinking Detroit street cop Axel Foley has bent more than a few rules and regs in his time, but when his best friend is murdered, he heads to sunny Beverly Hills to work the case like only he can.",9.4773,1984-12-05,Beverly Hills Cop,7.203,4554,"['Comedy', 'Crime', 'Action']"
False,614479,en,Insidious: The Red Door,"To put their demons to rest once and for all, Josh Lambert and a college-aged Dalton Lambert must go deeper into The Further than ever before, facing their family's dark past and a host of new and more horrifying terrors that lurk behind the red door.",10.6138,2023-07-05,Insidious: The Red Door,6.512,1937,"['Horror', 'Thriller']"
False,1205225,en,Gates of Flesh,"A group of friends attempt to escape the city after an outbreak of demon-possessions. The friends seek shelter in an abandoned church, but their plans for escape are ruined when one of them becomes possessed.",10.4341,2025-04-08,Gates of Flesh,5.892,37,"['Horror', 'Thriller', 'Action']"
False,1593,en,Night at the Museum,"Chaos reigns at the natural history museum when night watchman Larry Daley accidentally stirs up an ancient curse, awakening Attila the Hun, an army of gladiators, a Tyrannosaurus rex and other exhibits.",10.7579,2006-12-20,Night at the Museum,6.598,10888,"['Fantasy', 'Family', 'Comedy']"
False,650,en,Boyz n the Hood,"In the middle of the Los Angeles ghetto, drugs, robberies and shootings dominate everyday life. During these times, Furious tries to raise his son Tre to be a decent person. Tre's friends, on the other hand, have little regard for the law and drag the entire neighborhood into a street war...",11.1968,1991-07-12,Boyz n the Hood,7.617,2221,"['Crime', 'Drama']"
False,1701,en,Con Air,"Newly-paroled former US Army ranger Cameron Poe is headed back to his wife, but must fly home aboard a prison transport flight dubbed ""Jailbird"" taking the “worst of the worst” prisoners, a group described as “pure predators”, to a new super-prison. Poe faces impossible odds when the transport plane is skyjacked mid-flight by the most vicious criminals in the country led by the mastermind — genius serial killer Cyrus ""The Virus"" Grissom, and backed by black militant Diamond Dog and psychopath Billy Bedlam.",10.2472,1997-06-05,Con Air,6.8,4641,"['Action', 'Thriller', 'Crime']"
False,447404,en,Pokémon Detective Pikachu,"In a world where people collect pocket-size monsters (Pokémon) to do battle, a boy comes across an intelligent monster who seeks to be a detective.",10.4648,2019-05-03,Pokémon Detective Pikachu,6.906,7306,"['Action', 'Adventure', 'Fantasy']"
False,4922,en,The Curious Case of Benjamin Button,"Born under unusual circumstances, Benjamin Button springs into being as an elderly man in a New Orleans nursing home and ages in reverse. Twelve years after his birth, he meets Daisy, a child who flits in and out of his life as she grows up to be a dancer. Though he has all sorts of unusual adventures over the course of his life, it is his relationship with Daisy, and the hope that they will come together at the right time, that drives Benjamin forward.",11.002,2008-12-25,The Curious Case of Benjamin Button,7.598,13634,"['Drama', 'Fantasy', 'Romance']"
False,338953,en,Fantastic Beasts: The Secrets of Dumbledore,"Professor Albus Dumbledore knows the powerful, dark wizard Gellert Grindelwald is moving to seize control of the wizarding world. Unable to stop him alone, he entrusts magizoologist Newt Scamander to lead an intrepid team of wizards and witches. They soon encounter an array of old and new beasts as they clash with Grindelwald's growing legion of followers.",10.4875,2022-04-06,Fantastic Beasts: The Secrets of Dumbledore,6.628,5048,"['Fantasy', 'Adventure']"
False,142,en,Brokeback Mountain,"In 1960s Wyoming, two men develop a strong emotional and sexual relationship that endures as a lifelong connection complicating their lives as they get married and start families of their own.",10.8701,2005-10-22,Brokeback Mountain,7.784,7500,"['Drama', 'Romance']"
False,1130276,en,Succubus,A new father going through a marital separation joins a dating app and matches with a beautiful but mysterious young woman... whose powers of seduction and manipulation entangle him in a mystery more horrifying than he could have ever imagined.,10.2897,2024-10-06,Succubus,8.6,226,"['Horror', 'Thriller']"
False,142,en,Brokeback Mountain,"In 1960s Wyoming, two men develop a strong emotional and sexual relationship that endures as a lifelong connection complicating their lives as they get married and start families of their own.",10.8701,2005-10-22,Brokeback Mountain,7.784,7500,"['Drama', 'Romance']"
False,1130276,en,Succubus,A new father going through a marital separation joins a dating app and matches with a beautiful but mysterious young woman... whose powers of seduction and manipulation entangle him in a mystery more horrifying than he could have ever imagined.,10.2897,2024-10-06,Succubus,8.6,226,"['Horror', 'Thriller']"
False,9928,en,Robots,"Rodney Copperbottom is a young robot inventor who dreams of making the world a better place, until the evil Ratchet takes over Bigweld Industries. Now, Rodney's dreams – and those of his friends – are in danger of becoming obsolete.",10.3802,2005-03-10,Robots,6.481,4877,"['Animation', 'Comedy', 'Family', 'Science Fiction']"
False,345,en,Eyes Wide Shut,"After Dr. Bill Harford's wife, Alice, admits to having sexual fantasies about a man she met, Bill becomes obsessed with having a sexual encounter. He discovers an underground sexual group and attends one of their meetings -- and quickly discovers that he is in over his head.",14.6951,1999-07-16,Eyes Wide Shut,7.488,6963,"['Drama', 'Thriller', 'Mystery']"
False,11631,en,Mamma Mia!,A spirited young bride-to-be living with her single mother on a small Greek island secretly invites three of her mother's ex-boyfriends in hope of finding her biological father to walk her down the aisle.,11.4099,2008-07-03,Mamma Mia!,6.973,6953,"['Comedy', 'Romance']"
False,791155,en,Secret Headquarters,"While hanging out after school, Charlie and his friends discover the headquarters of the world’s most powerful superhero hidden beneath his home. When villains attack, they must team up to defend the headquarters and save the world.",8.3987,2022-08-12,Secret Headquarters,6.4,409,"['Action', 'Adventure', 'Comedy', 'Science Fiction', 'Family']"
False,104894,ja,小鳥たちのいない花園,"Four friends arrange a kinky sex party at the top of a luxury hotel, where a dominatrix and her gimp await for the guests. Once they start using drugs to spice things up, the party takes a bloody turn.",9.5034,1992-12-01,A Garden Without Birds,4.5,8,['Horror']
False,397243,en,The Autopsy of Jane Doe,"Father and son coroners receive a mysterious unidentified corpse with no apparent cause of death. As they attempt to examine the ""Jane Doe,"" they discover increasingly bizarre clues that hold the key to her terrifying secrets.",11.155,2016-12-21,The Autopsy of Jane Doe,6.834,4674,"['Horror', 'Mystery']"
False,10545,en,The Hunchback of Notre Dame,"Isolated bell-ringer Quasimodo wishes to leave Notre Dame tower against the wishes of Judge Claude Frollo, his stern guardian and Paris' strait-laced Minister of Justice. His first venture to the outside world finds him Esmeralda, a kind-hearted and fearless Romani woman who openly stands up to Frollo's tyranny.",10.8581,1996-06-21,The Hunchback of Notre Dame,7.125,5330,"['Drama', 'Animation', 'Family']"
False,91314,en,Transformers: Age of Extinction,"As humanity picks up the pieces after the battle of Chicago, a shadowy group reveals itself in an attempt to control the direction of history…while an ancient, powerful new menace sets Earth in its crosshairs. With help from Cade Yeager, Optimus Prime and the Autobots rise to meet their most fearsome challenge yet.",10.8483,2014-06-25,Transformers: Age of Extinction,5.958,8684,"['Science Fiction', 'Action', 'Adventure']"
False,582,de,Das Leben der Anderen,"In 1984 East Berlin, dedicated Stasi officer Gerd Wiesler begins spying on a famous playwright and his actress-lover Christa-Maria. Wiesler becomes unexpectedly sympathetic to the couple, and faces conflicting loyalties when his superior takes a liking to Christa-Maria.",8.4836,2006-03-23,The Lives of Others,8.036,4084,"['Drama', 'Thriller']"
False,5559,en,Bee Movie,"Barry B. Benson, a recent college graduate who wants more out of his life than making honey, decides to sue the human race after learning about the exploitation of bees at the hands of mankind. What will happen next?",8.8607,2007-10-28,Bee Movie,6.033,5211,"['Family', 'Animation', 'Adventure', 'Comedy']"
False,762441,en,A Quiet Place: Day One,"As New York City is invaded by alien creatures who hunt by sound, a woman named Sam fights to survive with her cat.",11.351,2024-06-26,A Quiet Place: Day One,6.651,3271,"['Horror', 'Science Fiction', 'Thriller']"
False,334541,en,Manchester by the Sea,"After his older brother passes away, Lee Chandler is forced to return home to care for his 16-year-old nephew. There he is compelled to deal with a tragic past that separated him from his family and the community where he was born and raised.",10.45,2016-11-17,Manchester by the Sea,7.553,6371,['Drama']
False,43947,en,I Spit on Your Grave,"A beautiful woman from the city, Jennifer Hills, rents an isolated cabin in the country to write her latest novel. Soon, a group of local lowlifes subject her to a nightmare of degradation, rape, and violence.",9.6383,2010-06-17,I Spit on Your Grave,6.504,2529,"['Thriller', 'Crime', 'Horror']"
False,1138194,en,Heretic,"Two young missionaries are forced to prove their faith when they knock on the wrong door and are greeted by a diabolical Mr. Reed, becoming ensnared in his deadly game of cat-and-mouse.",10.3116,2024-10-31,Heretic,6.979,2583,"['Thriller', 'Horror']"
False,7555,en,Rambo,"In Thailand, ex-Green Beret John James Rambo joins a group of mercenaries to venture into war-torn neighboring Myanmar to rescue a group of Christian aid workers who have been kidnapped by a ruthless local infantry unit.",8.4604,2008-01-24,Rambo,6.694,4232,"['Action', 'Thriller', 'War']"
False,1104845,en,Plankton: The Movie,Plankton's tangled love story with his sentient computer wife goes sideways when she takes a stand — and decides to destroy the world without him.,7.1672,2025-03-08,Plankton: The Movie,6.7,160,"['Family', 'Comedy', 'Adventure', 'Animation', 'Science Fiction']"
False,630586,en,Wrong Turn,"Jen and a group of friends set out to hike the Appalachian Trail. Despite warnings to stick to the trail, the hikers stray off course—and cross into land inhabited by The Foundation, a hidden community of mountain dwellers who use deadly means to protect their way of life.",9.7181,2021-01-26,Wrong Turn,5.943,1300,"['Horror', 'Thriller']"
False,281338,en,War for the Planet of the Apes,"Caesar and his apes are forced into a deadly conflict with an army of humans led by a ruthless Colonel. After the apes suffer unimaginable losses, Caesar wrestles with his darker instincts and begins his own mythic quest to avenge his kind. As the journey finally brings them face to face, Caesar and the Colonel are pitted against each other in an epic battle that will determine the fate of both their species and the future of the planet.",11.668,2017-07-11,War for the Planet of the Apes,7.219,9663,"['Drama', 'Science Fiction', 'War']"
False,9358,en,Final Destination 2,"When Kimberly has a violent premonition of a highway pileup she blocks the freeway, keeping a few others meant to die, safe...Or are they? The survivors mysteriously start dying and it's up to Kimberly to stop it before she's next.",9.9754,2003-01-31,Final Destination 2,6.303,4771,"['Horror', 'Mystery']"
False,7345,en,There Will Be Blood,"Ruthless silver miner, turned oil prospector, Daniel Plainview, moves to oil-rich California. Using his son to project a trustworthy, family-man image, Plainview cons local landowners into selling him their valuable properties for a pittance. However, local preacher Eli Sunday suspects Plainview's motives and intentions, starting a slow-burning feud that threatens both their lives.",11.1127,2007-12-26,There Will Be Blood,8.1,7363,['Drama']
False,645710,en,The Voyeurs,"When Pippa and Thomas move into their dream apartment, they notice that their windows look directly into the apartment opposite – inviting them to witness the volatile relationship of the attractive couple across the street. But what starts as a simple curiosity turns into full-blown obsession with increasingly dangerous consequences.",12.2173,2021-08-25,The Voyeurs,6.51,1153,['Thriller']
False,1020696,en,Play Dead,"Criminology student Chloe fakes her own death to break into a morgue, in order to retrieve a piece of evidence that ties her younger brother to a crime gone wrong. Once inside, she discovers that a sadistic coroner is using the corpses for his sick and twisted business, and when he realises that Chloe still has a pulse, a terrifying game of cat and mouse ensues.",8.1232,2022-12-09,Play Dead,6.1,190,"['Horror', 'Thriller']"
False,838209,ko,파묘,"After tracing the origin of a disturbing supernatural affliction to a wealthy family's ancestral gravesite, a team of paranormal experts relocates the remains—and soon discovers what happens to those who dare to mess with the wrong grave.",8.7543,2024-02-22,Exhuma,7.49,653,"['Mystery', 'Horror', 'Thriller']"
False,607,en,Men in Black,"After a police chase with an otherworldly being, a New York City cop is recruited as an agent in a top-secret organization established to monitor and police alien activity on Earth: the Men in Black. Agent K and new recruit Agent J find themselves in the middle of a deadly plot by an intergalactic terrorist who has arrived on Earth to assassinate two ambassadors from opposing galaxies.",14.0166,1997-07-02,Men in Black,7.219,14729,"['Action', 'Adventure', 'Comedy', 'Science Fiction']"
False,105814,cn,孽欲追击档案之邪杀,Shan is in search of her twin sister who disappeared leaving nothing more than a native doll. Along the way she meets a mobile film crew. They discover that something isn't quite right with the boarding house in which they're staying.,8.9381,1996-06-22,The Imp,4.9,13,['Horror']
False,22538,en,Scott Pilgrim vs. the World,"As bass guitarist for a garage-rock band, Scott Pilgrim has never had trouble getting a girlfriend; usually, the problem is getting rid of them. But when Ramona Flowers skates into his heart, he finds she has the most troublesome baggage of all: an army of ex-boyfriends who will stop at nothing to eliminate him from her list of suitors.",10.9773,2010-08-12,Scott Pilgrim vs. the World,7.485,8506,"['Action', 'Comedy', 'Romance']"
False,20526,en,TRON: Legacy,"Sam Flynn, the tech-savvy and daring son of Kevin Flynn, investigates his father's disappearance and is pulled into The Grid. With the help of a mysterious program named Quorra, Sam quests to stop evil dictator Clu from crossing into the real world.",10.9424,2010-12-14,TRON: Legacy,6.539,7854,"['Adventure', 'Action', 'Science Fiction']"
False,153518,en,The Angry Birds Movie,"An island populated entirely by happy, flightless birds or almost entirely. In this paradise, Red, a bird with a temper problem, speedy Chuck, and the volatile Bomb have always been outsiders. But when the island is visited by mysterious green piggies, it’s up to these unlikely outcasts to figure out what the pigs are up to.",10.0523,2016-05-11,The Angry Birds Movie,6.3,3951,"['Animation', 'Adventure', 'Comedy', 'Family']"
False,565,en,The Ring,Journalist Rachel Keller investigates a strange videotape that may be behind the untimely deaths of four teenagers. There is an urban legend about this tape: the viewer will die seven days after watching it. Rachel tracks down the video... and watches it. Now she has just seven days to unravel the mystery of the Ring in order to save herself and her son.,10.0296,2002-10-18,The Ring,6.698,6622,"['Horror', 'Mystery']"
False,1244492,ja,ルックバック,"Popular, outgoing Fujino is celebrated by her classmates for her funny comics in the class newspaper. One day, her teacher asks her to share the space with Kyomoto, a truant recluse whose beautiful artwork sparks a competitive fervor in Fujino. What starts as jealousy transforms when Fujino realizes their shared passion for drawing.",8.5189,2024-06-28,Look Back,8.1,521,"['Animation', 'Drama']"
False,158852,en,Tomorrowland,"Bound by a shared destiny, a bright, optimistic teen bursting with scientific curiosity and a former boy-genius inventor jaded by disillusionment embark on a danger-filled mission to unearth the secrets of an enigmatic place somewhere in time and space that exists in their collective memory as ""Tomorrowland.""",10.3195,2015-05-19,Tomorrowland,6.291,7320,"['Adventure', 'Family', 'Mystery', 'Science Fiction']"
False,1250,en,Ghost Rider,"In order to save his dying father, young stunt cyclist Johnny Blaze sells his soul to Mephistopheles and sadly parts from the pure-hearted Roxanne Simpson, the love of his life. Years later, Johnny's path crosses again with Roxanne, now a go-getting reporter, and also with Mephistopheles, who offers to release Johnny's soul if Johnny becomes the fabled, fiery 'Ghost Rider'.",10.8379,2007-01-15,Ghost Rider,5.6,6401,"['Thriller', 'Action', 'Fantasy']"
False,11976,en,Legend,"Set in a timeless mythical forest inhabited by fairies, goblins, unicorns and mortals, this fantastic story follows a mystical forest dweller, chosen by fate, to undertake a heroic quest. He must save the beautiful Princess  Lili and defeat the demonic Lord of Darkness, or the world will be plunged into a never-ending ice age.",9.3423,1985-08-28,Legend,6.24,1362,"['Adventure', 'Fantasy']"
False,1601797,es,¿Quieres Ser Mi Novia?,"Javi and Lu's relationship faces dangerous territory as old and new temptations emerge: a young woman reigniting Javi's chemistry and a mature man pursuing Lu. Through humor, entanglements, and surprises, their love is tested.",57.6717,2026-02-12,¿Quieres Ser Mi Novia?,8.938,8,"['Comedy', 'Romance']"
False,7340,en,Carrie,"Withdrawn and sensitive teenager Carrie White faces bullying from classmates and abuse from her fanatically pious mother. When she begins to suspect that she has supernatural powers, things take a dark and violent turn.",9.5448,1976-11-03,Carrie,7.329,4264,"['Horror', 'Thriller']"
False,12429,ja,崖の上のポニョ,"When Sosuke, a young boy who lives on a clifftop overlooking the sea, rescues a stranded goldfish named Ponyo, he discovers more than he bargained for. Ponyo is a curious, energetic young creature who yearns to be human, but even as she causes chaos around the house, her father, a powerful sorcerer, schemes to return Ponyo to the sea.",9.0078,2008-07-19,Ponyo,7.754,4767,"['Animation', 'Fantasy', 'Family']"
False,339964,en,Valerian and the City of a Thousand Planets,"In the 28th century, Valerian and Laureline are special operatives charged with keeping order throughout the human territories. On assignment from the Minister of Defense, the two undertake a mission to Alpha, an ever-expanding metropolis where species from across the universe have converged over centuries to share knowledge, intelligence, and cultures. At the center of Alpha is a mysterious dark force which threatens the peaceful existence of the City of a Thousand Planets, and Valerian and Laureline must race to identify the menace and safeguard not just Alpha, but the future of the universe.",9.9478,2017-07-19,Valerian and the City of a Thousand Planets,6.633,7934,"['Adventure', 'Science Fiction', 'Action']"
False,1098006,en,Fountain of Youth,"A treasure-hunting mastermind assembles a team for a life-changing adventure. But to outwit and outrun threats at every turn, he'll need someone even smarter than he is: his estranged sister.",9.2416,2025-05-19,Fountain of Youth,6.255,899,"['Adventure', 'Fantasy', 'Mystery']"
False,14574,en,The Boy in the Striped Pyjamas,"When his family moves from their home in Berlin to a strange new house in Poland, young Bruno befriends Shmuel, a boy who lives on the other side of the fence where everyone seems to be wearing striped pajamas. Unaware of Shmuel's fate as a Jewish prisoner or the role his own Nazi father plays in his imprisonment, Bruno embarks on a dangerous journey inside the camp's walls.",13.7233,2008-05-07,The Boy in the Striped Pyjamas,7.816,7608,"['Drama', 'War', 'History']"
False,59967,en,Looper,"In the year 2044, time travel has not yet been invented but in 30 years it will have been. When the mob wants to get rid of someone, they will send their target into the past where a looper, a hired gun, like Joe is waiting to mop up. Joe is getting rich and life is good until the day the mob decides to close the loop, sending back Joe's future self for assassination.",9.1419,2012-09-26,Looper,6.906,10815,"['Action', 'Thriller', 'Science Fiction']"
False,406759,en,Moonfall,A mysterious force knocks the moon from its orbit around Earth and sends it hurtling on a collision course with life as we know it.,10.2278,2022-02-02,Moonfall,6.25,3530,"['Science Fiction', 'Adventure', 'Action']"
False,257211,en,The Intern,"70-year-old widower Ben Whittaker has discovered that retirement isn't all it's cracked up to be. Seizing an opportunity to get back in the game, he becomes a senior intern at an online fashion site, founded and run by Jules Ostin.",9.6718,2015-09-23,The Intern,7.227,7257,['Comedy']
False,1242419,en,Roofman,"A former Army Ranger and struggling father turns to robbing McDonald’s restaurants by cutting holes in their roofs, earning him the nickname ""Roofman."" After escaping prison, he secretly lives inside a Toys “R” Us for six months, surviving undetected while planning his next move. But when he falls for a divorced mom drawn to his undeniable charm, his double life begins to unravel, setting off a compelling and suspenseful game of cat and mouse as his past closes in.",8.8212,2025-10-08,Roofman,7.114,712,"['Crime', 'Comedy', 'Drama']"
False,398978,en,The Irishman,"Pennsylvania, 1956. Frank Sheeran, a war veteran of Irish origin who works as a truck driver, accidentally meets mobster Russell Bufalino. Once Frank becomes his trusted man, Bufalino sends him to Chicago with the task of helping Jimmy Hoffa, a powerful union leader related to organized crime, with whom Frank will maintain a close friendship for nearly twenty years.",9.6661,2019-11-01,The Irishman,7.575,7447,"['Crime', 'Drama', 'History']"
False,320288,en,Dark Phoenix,"The X-Men face their most formidable and powerful foe when one of their own, Jean Grey, starts to spiral out of control. During a rescue mission in outer space, Jean is nearly killed when she's hit by a mysterious cosmic force. Once she returns home, this force not only makes her infinitely more powerful, but far more unstable. The X-Men must now band together to save her soul and battle aliens that want to use Grey's new abilities to rule the galaxy.",11.2307,2019-06-05,Dark Phoenix,5.965,7017,"['Science Fiction', 'Action', 'Adventure']"
False,13183,en,Watchmen,"In a gritty and alternate 1985, the glory days of costumed vigilantes have been brought to a close by a government crackdown. But after one of the masked veterans is brutally murdered, an investigation into the killer is initiated. The reunited heroes set out to prevent their own destruction, but in doing so they uncover a sinister plot that puts all of humanity in grave danger.",10.5035,2009-03-04,Watchmen,7.351,9911,"['Mystery', 'Action', 'Science Fiction']"
False,343611,en,Jack Reacher: Never Go Back,"Years after resigning command of an elite military police unit, the nomadic, righter-of-wrongs Reacher is drawn back into the life he left behind when his friend and successor, Major Susan Turner is framed for espionage. Reacher will stop at nothing to prove her innocence and to expose the real perpetrators behind the killings of his former soldiers.",13.4698,2016-10-19,Jack Reacher: Never Go Back,6.007,5289,"['Action', 'Thriller', 'Drama', 'Crime']"
False,627,en,Trainspotting,"Heroin addict Mark Renton stumbles through bad ideas and sobriety attempts with his unreliable friends --Sick Boy, Begbie, Spud and Tommy. He also has an underage girlfriend, Diane, along for the ride. After cleaning up and moving from Edinburgh to London, Mark finds he can't escape the life he left behind as Begbie and Sick Boy come knocking.",10.1516,1996-02-23,Trainspotting,7.959,10335,"['Drama', 'Crime']"
False,278924,en,Mechanic: Resurrection,"Arthur Bishop thought he had put his murderous past behind him when his most formidable foe kidnaps the love of his life. Now he is forced to travel the globe to complete three impossible assassinations, and do what he does best, make them look like accidents.",9.3962,2016-08-25,Mechanic: Resurrection,6.04,3617,"['Action', 'Crime', 'Thriller', 'Adventure']"
False,1287536,en,Dora and the Search for Sol Dorado,"Dora, Diego, and their new friends trek through the perilous dangers of the Amazonian jungle in search of the ancient and powerful treasure of Sol Dorado to keep it out of enemy hands.",10.0396,2025-07-02,Dora and the Search for Sol Dorado,6.6,111,"['Family', 'Comedy', 'Adventure']"
False,60308,en,Moneyball,"The story of Oakland Athletics general manager Billy Beane's successful attempt to put together a baseball team on a budget, by employing computer-generated analysis to draft his players.",10.2671,2011-09-23,Moneyball,7.289,5706,['Drama']
False,5876,en,The Mist,"After a violent storm, a dense cloud of mist envelops a small Maine town, trapping David Drayton and his five-year-old son in a local grocery store with other local residents. They soon discover that the mist conceals deadly horrors that threaten their lives, and worse, their sanity.",10.0788,2007-11-21,The Mist,6.943,5775,"['Horror', 'Science Fiction', 'Thriller']"
False,5876,en,The Mist,"After a violent storm, a dense cloud of mist envelops a small Maine town, trapping David Drayton and his five-year-old son in a local grocery store with other local residents. They soon discover that the mist conceals deadly horrors that threaten their lives, and worse, their sanity.",10.0788,2007-11-21,The Mist,6.943,5775,"['Horror', 'Science Fiction', 'Thriller']"
False,843,cn,花樣年華,"Two neighbors form a strong bond after both suspect extramarital activities of their spouses. However, they agree to keep their bond platonic so as not to commit similar wrongs.",9.5465,2000-09-29,In the Mood for Love,8.087,3212,"['Drama', 'Romance']"
False,87827,en,Life of Pi,"The story of an Indian boy named Pi, a zookeeper's son who finds himself in the company of a hyena, zebra, orangutan, and a Bengal tiger after a shipwreck sets them adrift in the Pacific Ocean.",10.8212,2012-11-20,Life of Pi,7.408,13698,"['Adventure', 'Drama']"
False,740300,de,Hedon,"On the hunt for an emotional spark, Fynn sets out to lose himself in various sexual encounters of the night. As day is dawning he stumbles across young Tom, but by this point he wonders if he is still in control of his bodily impulses.",9.76,2019-04-09,Hedon,1.0,2,['Drama']
False,967,en,Spartacus,"The rebellious Thracian Spartacus, born and raised a slave, is sold to Gladiator trainer Batiatus. After weeks of being trained to kill for the arena, Spartacus turns on his owners and leads the other slaves in rebellion. As the rebels move from town to town, their numbers swell as escaped slaves join their ranks. Under the leadership of Spartacus, they make their way to southern Italy, where they will cross the sea and return to their homes.",14.3839,1960-10-13,Spartacus,7.537,2366,"['History', 'War', 'Drama', 'Adventure']"
False,79871,cn,蜜桃成熟時,"What was supposed to be summer school in England becomes an adventurous, exotic and romantic journey for a beautiful teenage girl. [from the Tai Seng Catalog] A nice story of a free-spirited (or, depending on your viewpoint, prick-teasing) young woman on a short journey of discovery.",8.7673,1993-04-17,Crazy Love,6.3,44,"['Comedy', 'Romance', 'Drama']"
False,7446,en,Tropic Thunder,"A group of self-absorbed actors set out to make the most expensive war film ever. After ballooning costs force the studio to cancel the movie, the frustrated director refuses to stop shooting, leading his cast into the jungles of Southeast Asia, where they encounter real bad guys.",9.9818,2008-08-09,Tropic Thunder,6.711,6890,"['Action', 'Comedy', 'Adventure', 'War']"
False,1008042,en,Talk to Me,"When a group of friends discover how to conjure spirits using an embalmed hand, they become hooked on the new thrill, until one of them goes too far and unleashes terrifying supernatural forces.",10.0806,2023-07-26,Talk to Me,7.136,3666,['Horror']
False,646,en,Dr. No,"Agent 007 battles mysterious Dr. No, a scientific genius bent on destroying the U.S. space program. As the countdown to disaster begins, Bond must go to Jamaica, where he encounters beautiful Honey Ryder, to confront a megalomaniacal villain in his massive island headquarters.",10.6355,1962-10-07,Dr. No,6.987,4016,"['Adventure', 'Action', 'Thriller']"
False,590223,en,Love and Monsters,"Seven years since the Monsterpocalypse began, Joel Dawson has been living underground in order to survive. But after reconnecting over radio with his high school girlfriend Aimee, Joel decides to venture out to reunite with her, despite all the dangerous monsters that stand in his way.",8.7629,2020-10-16,Love and Monsters,7.269,4410,"['Adventure', 'Comedy', 'Fantasy', 'Science Fiction']"
False,9473,en,"South Park: Bigger, Longer & Uncut","In this feature film based on the hit animated series, the third graders of South Park sneak into an R-rated film by ultra-vulgar Canadian television personalities Terrance and Phillip, and emerge with expanded vocabularies that leave their parents and teachers scandalized. When outraged Americans try to censor the film, the controversy spirals into a call to wage war on Canada and Terrance and Phillip end up on death row, with the kids their only hope of rescue.",8.913,1999-06-24,"South Park: Bigger, Longer & Uncut",7.281,2925,"['Animation', 'Comedy']"
False,1290182,ko,"그 시절, 우리가 좋아했던 소녀","A group of close friends who attend a private school all have a debilitating crush on the sunny star pupil, Sun-ah. The only member of the group who claims not to is Jin-woo, but he ends up loving her as well.",8.8686,2025-02-21,You Are the Apple of My Eye,8.458,59,"['Romance', 'Drama', 'Comedy']"
False,39514,en,RED,"After surviving an assault from a squad of hit men, retired CIA black ops agent Frank Moses reassembles his old team for an all-out war. Frank reunites with old Joe, crazy Marvin and wily Victoria to uncover a massive conspiracy that threatens their lives. Only their expert training will allow them to survive a near-impossible mission -- breaking into CIA headquarters.",10.7077,2010-10-13,RED,6.706,7103,"['Action', 'Adventure', 'Comedy', 'Crime', 'Thriller']"
False,878375,en,On a Wing and a Prayer,"After their pilot dies unexpectedly mid-flight, passenger Doug White must safely land a plane and save his entire family from insurmountable danger.",6.877,2023-03-28,On a Wing and a Prayer,5.9,127,['Drama']
False,274854,en,The Last Witch Hunter,"The modern world holds many secrets, but by far the most astounding is that witches still live among us; vicious supernatural creatures intent on unleashing the Black Death upon the world and putting an end to the human race once and for all. Armies of witch hunters have battled this unnatural enemy for centuries, including Kaulder, a valiant warrior who many years ago slayed the all-powerful Witch Queen, decimating her followers in the process. In the moments right before her death, the Queen cursed Kaulder with immortality, forever separating him from his beloved wife and daughter. Today, Kaulder is the last living hunter who has spent his immortal life tracking down rogue witches, all the while yearning for his long-lost family.",11.1446,2015-10-21,The Last Witch Hunter,6.009,3821,"['Action', 'Adventure', 'Fantasy']"
False,1371185,en,Song Sung Blue,"Based on a true story, two down-on-their-luck musicians form a joyous Neil Diamond tribute band, proving it's never too late to find love and follow your dreams.",10.2908,2025-12-25,Song Sung Blue,7.391,221,"['Music', 'Romance', 'Drama']"
False,495764,en,Birds of Prey (and the Fantabulous Emancipation of One Harley Quinn),"Harley Quinn joins forces with a singer, an assassin and a police detective to help a young girl who had a hit placed on her after she stole a rare diamond from a crime lord.",9.208,2020-02-05,Birds of Prey (and the Fantabulous Emancipation of One Harley Quinn),6.88,10754,"['Action', 'Crime']"
False,100402,en,Captain America: The Winter Soldier,"After the cataclysmic events in New York with The Avengers, Steve Rogers, aka Captain America is living quietly in Washington, D.C. and trying to adjust to the modern world. But when a S.H.I.E.L.D. colleague comes under attack, Steve becomes embroiled in a web of intrigue that threatens to put the world at risk. Joining forces with the Black Widow, Captain America struggles to expose the ever-widening conspiracy while fighting off professional assassins sent to silence him at every turn. When the full scope of the villainous plot is revealed, Captain America and the Black Widow enlist the help of a new ally, the Falcon. However, they soon find themselves up against an unexpected and formidable enemy—the Winter Soldier.",9.0801,2014-03-20,Captain America: The Winter Soldier,7.653,19880,"['Action', 'Adventure', 'Science Fiction']"
False,884605,en,No Hard Feelings,"On the brink of losing her childhood home, Maddie discovers an intriguing job listing: wealthy helicopter parents looking for someone to “date” their introverted 19-year-old son, Percy, before he leaves for college. To her surprise, Maddie soon discovers the awkward Percy is no sure thing.",10.511,2023-06-15,No Hard Feelings,6.677,3761,"['Comedy', 'Romance']"
False,406997,en,Wonder,"The story of August Pullman – a boy with facial differences – who enters fifth grade, attending a mainstream elementary school for the first time.",9.9768,2017-11-13,Wonder,8.107,8221,"['Family', 'Drama']"
False,8810,en,Mad Max 2,"Max Rockatansky returns as the heroic loner who drives the dusty roads of a postapocalyptic Australian Outback in an unending search for gasoline. Arrayed against him and the other scraggly defendants of a fuel-depot encampment are the bizarre warriors commanded by the charismatic Lord Humungus, a violent leader whose scruples are as barren as the surrounding landscape.",9.3407,1981-12-24,Mad Max 2,7.386,4134,"['Adventure', 'Action', 'Thriller', 'Science Fiction']"
False,420809,en,Maleficent: Mistress of Evil,"Maleficent and her goddaughter Aurora begin to question the complex family ties that bind them as they are pulled in different directions by impending nuptials, unexpected allies, and dark new forces at play.",7.9325,2019-10-16,Maleficent: Mistress of Evil,7.3,6442,"['Family', 'Fantasy', 'Adventure']"
False,1391,es,Y tu mamá también,"In Mexico, two teenage boys and an attractive older woman embark on a road trip and learn a thing or two about life, friendship, sex, and each other.",7.6708,2001-06-08,Y Tu Mamá También,7.413,1724,"['Drama', 'Romance']"
False,41154,en,Men in Black 3,"Agents J and K are back...in time. J has seen some inexplicable things in his 15 years with the Men in Black, but nothing, not even aliens, perplexes him as much as his wry, reticent partner. But when K's life and the fate of the planet are put at stake, Agent J will have to travel back in time to put things right. J discovers that there are secrets to the universe that K never told him - secrets that will reveal themselves as he teams up with the young Agent K to save his partner, the agency, and the future of humankind.",9.9846,2012-05-23,Men in Black 3,6.541,10913,"['Action', 'Comedy', 'Science Fiction']"
False,757725,en,Shadow Force,"Kyrah and Isaac were once the leaders of a multinational special forces group called Shadow Force. They broke the rules by falling in love, and in order to protect their son, they go underground. With a large bounty on their heads, and the vengeful Shadow Force hot on their trail, one family's fight becomes all-out war.",10.3191,2025-05-01,Shadow Force,6.33,286,"['Action', 'Thriller']"
False,466282,en,To All the Boys I've Loved Before,Lara Jean's love life goes from imaginary to out of control when her secret letters to every boy she's ever fallen for are mysteriously mailed out.,9.9874,2018-08-17,To All the Boys I've Loved Before,7.595,8694,"['Comedy', 'Romance']"
False,10315,en,Fantastic Mr. Fox,"The Fantastic Mr. Fox, bored with his current life, plans a heist against the three local farmers. The farmers, tired of sharing their chickens with the sly fox, seek revenge against him and his family.",10.4662,2009-10-14,Fantastic Mr. Fox,7.823,6040,"['Adventure', 'Animation', 'Comedy', 'Family']"
False,1369,en,Rambo: First Blood Part II,John Rambo is released from prison by the government for a top-secret covert mission to the last place on Earth he'd want to return - the jungles of Vietnam.,9.3377,1985-05-21,Rambo: First Blood Part II,6.659,4282,"['Action', 'Adventure', 'Thriller', 'War']"
False,10112,en,The Aristocats,"When Madame Adelaide Bonfamille leaves her fortune to Duchess and her children—Bonfamille’s beloved family of cats—the butler plots to steal the money and kidnaps the legatees, leaving them out on a country road. All seems lost until the wily Thomas O’Malley Cat and his jazz-playing alley cats come to the aristocats’ rescue.",9.9117,1970-12-24,The Aristocats,7.296,5334,"['Animation', 'Comedy', 'Family', 'Adventure']"
False,4258,en,Scary Movie 5,"Home with their newly-formed family, happy parents Dan and Jody are haunted by sinister, paranormal activities. Determined to expel the insidious force, they install security cameras and discover their family is being stalked by an evil dead demon.",8.8606,2013-04-11,Scary Movie 5,4.8,2998,['Comedy']
False,568160,ja,天気の子,"The summer of his high school freshman year, Hodaka runs away from his remote island home to Tokyo, and quickly finds himself pushed to his financial and personal limits. The weather is unusually gloomy and rainy every day, as if taking its cue from his life. After many days of solitude, he finally finds work as a freelance writer for a mysterious occult magazine. Then, one day, Hodaka meets Hina on a busy street corner. This bright and strong-willed girl possesses a strange and wonderful ability: the power to stop the rain and clear the sky.",7.9503,2019-07-19,Weathering with You,8.0,2601,"['Animation', 'Drama', 'Fantasy', 'Romance']"
False,777443,en,The Electric State,"An orphaned teen hits the road with a mysterious robot to find her long-lost brother, teaming up with a smuggler and his wisecracking sidekick.",11.5304,2025-03-07,The Electric State,6.488,1609,"['Science Fiction', 'Adventure', 'Action']"
False,405774,en,Bird Box,"Five years after an ominous unseen presence drives most of society to suicide, a survivor and her two children make a desperate bid to reach safety.",9.5083,2018-12-13,Bird Box,6.826,10508,"['Horror', 'Thriller', 'Drama']"
False,799882,en,The Bluff,"When her tranquil life on a remote island is shattered by the return of her vengeful former captain, a skilled ex-pirate must confront her bloody past and unleash her deadly talents to save her family from a ruthless siege.",10.0647,2026-02-17,The Bluff,6.29,81,"['Drama', 'Action', 'Thriller']"
False,38321,en,Priest,"In an alternate world, humanity and vampires have warred for centuries. After the last Vampire War, the veteran Warrior Priest lives in obscurity with other humans inside one of the Church's walled cities. When the Priest's niece is kidnapped by vampires, the Priest breaks his vows to hunt them down. He is accompanied by the niece's boyfriend, who is a wasteland sheriff, and a former Warrior Priestess.",9.863,2011-05-05,Priest,5.855,2488,"['Action', 'Fantasy', 'Horror']"
False,10835,cn,喋血雙雄,"Mob assassin Jeffrey is no ordinary hired gun; the best in his business, he views his chosen profession as a calling rather than simply a job. So, when beautiful nightclub chanteuse Jennie is blinded in the crossfire of his most recent hit, Jeffrey chooses to retire after one last job to pay for his unintended victim's sight-restoring operation. But when Jeffrey is double-crossed, he reluctantly joins forces with a rogue policeman to make things right.",8.773,1989-03-24,The Killer,7.581,890,"['Action', 'Crime', 'Drama', 'Thriller']"
False,20504,en,The Book of Eli,"A post-apocalyptic tale, in which a lone man fights his way across America in order to protect a sacred book that holds the secrets to saving humankind.",9.862,2010-01-14,The Book of Eli,6.794,6622,"['Action', 'Thriller', 'Science Fiction']"
False,462183,es,Salvaje despertar,"Toni and Emma are brother and sister who owns a stable farm. Ramon and his son, Aaron works for them. Toni is openly gay and loves to party, Emma has a crush on Aaron who is a closeted gay who is afraid that his father might find out, but his father also has a secret.",11.0344,2016-10-23,Wild Awakening,5.1,21,"['Drama', 'Romance', 'Thriller']"
False,10895,en,Pinocchio,"When the gentle woodcarver Geppetto builds a marionette to be his substitute son, a benevolent fairy brings the toy to life. The puppet, named Pinocchio, is not yet a human boy. He must earn the right to be real by proving that he is brave, truthful, and unselfish.",10.2081,1940-02-23,Pinocchio,7.107,6215,"['Animation', 'Family', 'Fantasy']"
False,522938,en,Rambo: Last Blood,"After fighting his demons for decades, John Rambo now lives in peace on his family ranch in Arizona, but his rest is interrupted when Gabriela, the granddaughter of his housekeeper María, disappears after crossing the border into Mexico to meet her biological father. Rambo, who has become a true father figure for Gabriela over the years, undertakes a desperate and dangerous journey to find her.",10.2794,2019-09-18,Rambo: Last Blood,6.527,4178,"['Action', 'Thriller', 'Drama']"
False,1451398,ja,カラダ探し THE LAST NIGHT,"Three years after completing a deadly game, high schoolers trapped in a looping nightmare must survive brutal encounters and unravel a terrifying curse.",9.424,2025-09-05,Re/Member: The Last Night,4.8,13,['Horror']
False,264660,en,Ex Machina,"Caleb, a coder at the world's largest internet company, wins a competition to spend a week at a private mountain retreat belonging to Nathan, the reclusive CEO of the company. But when Caleb arrives at the remote location he finds that he will have to participate in a strange and fascinating experiment in which he must interact with the world's first true artificial intelligence, housed in the body of a beautiful robot girl.",11.389,2015-01-21,Ex Machina,7.574,14160,"['Drama', 'Science Fiction']"
False,23483,en,Kick-Ass,"Dave Lizewski is an unnoticed high school student and comic book fan who one day decides to become a super-hero, even though he has no powers, training or meaningful reason to do so.",10.0788,2010-03-26,Kick-Ass,7.124,12312,"['Action', 'Crime']"
False,1600672,ja,エヴァンゲリオン放送30周年記念特別興行,A short film celebrating the 30th anniversary of Neon Genesis Evangelion starring both the classic and Rebuild iterations of Asuka. The short comedically explores alternate timelines.,11.3237,2026-02-21,EVANGELION 30th Anniversary Special Screening,8.0,5,"['Animation', 'Science Fiction', 'Comedy']"
False,755,en,From Dusk Till Dawn,"After kidnapping a father and his two kids, the Gecko brothers head south to a seedy Mexican bar to hide out in safety, unaware of its notorious vampire clientele.",9.6272,1996-01-19,From Dusk Till Dawn,7.04,6445,"['Horror', 'Action', 'Thriller', 'Crime']"
False,9702,en,Bound by Honor,"Based on the true life experiences of poet Jimmy Santiago Baca, the film focuses on half-brothers Paco and Cruz, and their bi-racial cousin Miklo. It opens in 1972, as the three are members of an East L.A. gang known as the ""Vatos Locos"", and the story focuses on how a violent crime and the influence of narcotics alter their lives. Miklo is incarcerated and sent to San Quentin, where he makes a ""home"" for himself. Cruz becomes an exceptional artist, but a heroin addiction overcomes him with tragic results. Paco becomes a cop and an enemy to his ""carnal"", Miklo.",9.7746,1993-02-05,Bound by Honor,8.137,1506,"['Crime', 'Drama', 'Thriller']"
False,45243,en,The Hangover Part II,"The Hangover crew heads to Thailand for Stu's wedding. After the disaster of a bachelor party in Las Vegas last year, Stu is playing it safe with a mellow pre-wedding brunch. However, nothing goes as planned and Bangkok is the perfect setting for another adventure with the rowdy group.",8.7989,2011-05-25,The Hangover Part II,6.5,11201,['Comedy']
False,74997,en,The Human Centipede 2 (Full Sequence),"Inspired by the fictional Dr. Heiter, disturbed loner Martin dreams of creating a 12-person centipede and sets out to realize his sick fantasy.",9.4666,2011-10-06,The Human Centipede 2 (Full Sequence),4.754,1433,"['Drama', 'Horror', 'Crime']"
False,38234,en,Undisputed III: Redemption,"Russian inmate Boyka, now severely hobbled by the knee injury suffered at the end of Undisputed 2. No longer the feared prison fighter he was, he has declined so far that he is now good only for cleaning toilets. But when a new prison fight tournament begins - an international affair, matching the best fighters from prisons around the globe, enticing them with the promise of freedom for the winner - Boyka must reclaim his dignity and fight for his position in the tournament.",10.2503,2010-04-17,Undisputed III: Redemption,7.5,1002,"['Action', 'Thriller', 'Crime', 'Drama']"
False,39513,en,Paul,"For the past 60 years, a space-traveling smart-ass named Paul has been locked up in a top-secret military base, advising world leaders about his kind. But when he worries he’s outlived his usefulness and the dissection table is drawing uncomfortably close, Paul escapes on the first RV that passes by his compound in Area 51. Fortunately, it contains the two earthlings who are most likely to rescue and harbor an alien on the run.",10.3007,2011-02-14,Paul,6.735,6212,"['Adventure', 'Comedy', 'Science Fiction']"
False,1412113,ko,오징어 게임: 시즌2 제작 이야기,"From set designs to character arcs, get exclusive cast and director interviews on how Season 2 of the globally most-watched series was brought to life.",10.0463,2025-01-02,Squid Game: Making Season 2,8.394,443,['Documentary']
False,376867,en,Moonlight,"The tender, heartbreaking story of a young man’s struggle to find himself, told across three defining chapters in his life as he experiences the ecstasy, pain, and beauty of falling in love, while grappling with his own sexuality.",9.7857,2016-10-21,Moonlight,7.356,7487,['Drama']
False,585511,en,Luck,"Suddenly finding herself in the never-before-seen Land of Luck, the unluckiest person in the world must unite with the magical creatures there to turn her luck around.",13.383,2022-08-05,Luck,7.7,1928,"['Animation', 'Adventure', 'Comedy', 'Fantasy', 'Family']"
False,188927,en,Star Trek Beyond,"The USS Enterprise crew explores the furthest reaches of uncharted space, where they encounter a mysterious new enemy who puts them and everything the Federation stands for to the test.",8.5113,2016-07-07,Star Trek Beyond,6.783,7043,"['Action', 'Adventure', 'Science Fiction']"
False,891,en,All the President's Men,"During the 1972 elections, two reporters' investigation sheds light on the controversial Watergate scandal that compels President Nixon to resign from his post.",8.9644,1976-04-09,All the President's Men,7.662,2050,"['Drama', 'Mystery', 'Thriller']"
False,94365,en,The Human Centipede 3 (Final Sequence),"Taking inspiration from The Human Centipede films, the warden of a notorious and troubled prison looks to create a 500-person human centipede as a solution to his problems.",9.0931,2015-05-22,The Human Centipede 3 (Final Sequence),3.752,843,['Horror']
False,1308821,tl,Unang Tikim,"Yuna, a woman engaged with her long time boyfriend, Nicco, starts to have second thoughts when she meets again her first love, Becca. Now she is torn between the man she loves and the woman she first loved.",9.3748,2024-07-07,First Taste,5.1,8,"['Romance', 'Drama']"
False,415,en,Batman & Robin,"Batman and his sidekick Robin attempt to the foil the sinister schemes of a deranged set of new villains, most notably the melancholy Mr. Freeze, who wants to make Gotham City into an arctic region, and the sultry Poison Ivy, a botanical femme fatale. As the Dynamic Duo contend with these bad guys, a third hero, Batgirl, joins the ranks of the city's crime-fighters.",8.4683,1997-06-20,Batman & Robin,4.387,5364,"['Action', 'Science Fiction', 'Adventure']"
False,1114513,en,Speak No Evil,"When an American family is invited to spend the weekend at the idyllic country estate of a charming British family they befriended on vacation, what begins as a dream holiday soon warps into a snarled psychological nightmare.",10.3146,2024-09-11,Speak No Evil,7.138,2043,"['Horror', 'Thriller']"
False,190859,en,American Sniper,"U.S. Navy SEAL Chris Kyle takes his sole mission—protect his comrades—to heart and becomes one of the most lethal snipers in American history. His pinpoint accuracy not only saves countless lives but also makes him a prime target of insurgents. Despite grave danger and his struggle to be a good husband and father to his family back in the States, Kyle serves four tours of duty in Iraq. However, when he finally returns home, he finds that he cannot leave the war behind.",11.3136,2014-12-25,American Sniper,7.412,13569,"['War', 'Action']"
False,180,en,Minority Report,"John Anderton is a top 'Precrime' cop in the late-21st century, when technology can predict crimes before they're committed. But Anderton becomes the quarry when another investigator targets him for a murder charge.",10.337,2002-06-20,Minority Report,7.352,9535,"['Science Fiction', 'Action', 'Thriller']"
False,563,en,Starship Troopers,"Set in the future, the story follows a young soldier named Johnny Rico and his exploits in the Mobile Infantry. Rico's military career progresses from recruit to non-commissioned officer and finally to officer against the backdrop of an interstellar war between mankind and an arachnoid species known as ""the Bugs.""",9.1888,1997-11-07,Starship Troopers,7.1,5425,"['Adventure', 'Action', 'Thriller', 'Science Fiction']"
False,49519,en,The Croods,"The prehistoric Croods family live in a particularly dangerous moment in time. Patriarch Grug, his mate Ugga, teenage daughter Eep, son Thunk, and feisty Gran gather food by day and huddle together in a cave at night. When a more evolved caveman named Guy arrives on the scene, Grug is distrustful, but it soon becomes apparent that Guy is correct about the impending destruction of their world.",9.44,2013-03-15,The Croods,6.934,7490,"['Animation', 'Adventure', 'Family', 'Comedy']"
False,2048,en,"I, Robot","In 2035, where robots are commonplace and abide by the three laws of robotics, a technophobic cop investigates an apparent suicide. Suspecting that a robot may be responsible for the death, his investigation leads him to believe that humanity may be in danger.",11.017,2004-07-15,"I, Robot",6.96,12561,"['Action', 'Science Fiction']"
False,424783,en,Bumblebee,"On the run in the year 1987, Bumblebee finds refuge in a junkyard in a small Californian beach town. Charlie, on the cusp of turning 18 and trying to find her place in the world, discovers Bumblebee, battle-scarred and broken.  When Charlie revives him, she quickly learns this is no ordinary yellow VW bug.",9.3571,2018-11-22,Bumblebee,6.719,6573,"['Action', 'Adventure', 'Science Fiction']"
False,1241983,en,Train Dreams,A logger leads a life of quiet grace as he experiences love and loss during an era of monumental change in early 20th-century America.,10.1273,2025-11-05,Train Dreams,7.325,932,['Drama']
False,57158,en,The Hobbit: The Desolation of Smaug,"The Dwarves, Bilbo and Gandalf have successfully escaped the Misty Mountains, and Bilbo has gained the One Ring. They all continue their journey to get their gold back from the Dragon, Smaug.",14.7511,2013-12-11,The Hobbit: The Desolation of Smaug,7.577,14104,"['Fantasy', 'Adventure', 'Action']"
False,10009,en,Brother Bear,"When an impulsive boy named Kenai is magically transformed into a bear, he must literally walk in another's footsteps until he learns some valuable life lessons. His courageous and often zany journey introduces him to a forest full of wildlife, including the lovable bear cub Koda, hilarious moose Rutt and Tuke, woolly mammoths and rambunctious rams.",10.9454,2003-10-23,Brother Bear,7.272,5721,"['Adventure', 'Animation', 'Family']"
False,341174,en,Fifty Shades Darker,"When a wounded Christian Grey tries to entice a cautious Ana Steele back into his life, she demands a new arrangement before she will give him another chance. As the two begin to build trust and find stability, shadowy figures from Christian’s past start to circle the couple, determined to destroy their hopes for a future together.",9.9712,2017-02-08,Fifty Shades Darker,6.472,7911,"['Drama', 'Romance']"
False,1195518,en,The Unholy Trinity,"Set against the turbulent backdrop of 1870s Montana, in the moments before the execution of Isaac Broadway, he gives his estranged son, Henry, an impossible task: murder the man who framed him for a crime he didn’t commit. Intent on fulfilling his promise, Henry travels to the remote town of Trinity, where an unexpected turn of events traps him in town and leaves him caught between Gabriel Dove, the town’s upstanding new sheriff, and a mysterious figure named St. Christopher.",8.7374,2025-06-13,The Unholy Trinity,6.3,190,"['Western', 'Adventure', 'Crime']"
False,9693,en,Children of Men,"In 2027, in a chaotic world in which humans can no longer procreate, a former activist agrees to help transport a miraculously pregnant woman to a sanctuary at sea, where her child's birth may help scientists save the future of humankind.",9.9625,2006-09-22,Children of Men,7.6,7774,"['Science Fiction', 'Thriller', 'Action']"
False,238636,en,The Purge: Anarchy,"One night per year, the government sanctions a 12-hour period in which citizens can commit any crime they wish -- including murder -- without fear of punishment or imprisonment. Leo, a sergeant who lost his son, plans a vigilante mission of revenge during the mayhem. However, instead of a death-dealing avenger, he becomes the unexpected protector of four innocent strangers who desperately need his help if they are to survive the night.",9.9711,2014-07-17,The Purge: Anarchy,6.628,6675,"['Horror', 'Thriller']"
False,521844,en,The Wedding Year,A commitment-phobic 27-year old’s relationship is put to the test when she and her boyfriend attend 7 weddings in the same year.,10.0959,2019-09-20,The Wedding Year,6.0,121,['Comedy']
False,256591,en,Focus,"Nicky, an accomplished con artist, gets romantically involved with his disciple Jess but later ends their relationship. Years later, she returns as a femme fatale to spoil his plans.",8.9611,2015-02-25,Focus,6.868,8240,"['Romance', 'Comedy', 'Crime']"
False,311324,en,The Great Wall,European mercenaries searching for black powder become embroiled in the defense of the Great Wall of China against a horde of monstrous creatures.,9.3281,2016-12-16,The Great Wall,6.026,5501,"['Action', 'Adventure', 'Fantasy']"
False,928358,de,Grand Jeté,"Dance teacher and mother Nadja left her son Mario with her own mother when he was little. Now she has reappeared on his doorstep, seeking a closeness that knows fewer and fewer boundaries. An uncompromising film about family relationships.",8.2563,2022-09-20,Grand Jete,4.936,47,['Drama']
False,187,en,Sin City,"Welcome to Sin City. This town beckons to the tough, the corrupt, the brokenhearted. Some call it dark… Hard-boiled. Then there are those who call it home — Crooked cops, sexy dames, desperate vigilantes. Some are seeking revenge, others lust after redemption, and then there are those hoping for a little of both. A universe of unlikely and reluctant heroes still trying to do the right thing in a city that refuses to care.",9.8849,2005-04-01,Sin City,7.464,8769,"['Crime', 'Thriller']"
False,1290879,en,The Woman in Cabin 10,"On a lavish yacht for an assignment, a journalist sees a passenger go overboard. But when no one believes her, she risks her life to uncover the truth.",9.9522,2025-10-09,The Woman in Cabin 10,6.195,964,"['Mystery', 'Thriller', 'Crime']"
False,805,en,Rosemary's Baby,"A young couple, Rosemary and Guy, moves into an infamous New York apartment building, known by frightening legends and mysterious events, with the purpose of starting a family.",9.6249,1968-06-12,Rosemary's Baby,7.819,4335,"['Drama', 'Horror', 'Thriller']"
False,86331,fr,Q,"In a social context deteriorated by a countrywide economic crisis, the life of several people will be turned upside down after they meet Cécile, a character who symbolizes desire.",8.3642,2011-10-06,Desire,6.275,1356,"['Drama', 'Romance']"
False,10198,en,The Princess and the Frog,"A waitress, desperate to fulfill her dreams as a restaurant owner, is set on a journey to turn a frog prince back into a human being, but she has to face the same problem after she kisses him.",11.5655,2009-12-08,The Princess and the Frog,7.214,6070,"['Animation', 'Romance', 'Fantasy', 'Family']"
False,276907,en,Legend,"Suave, charming and volatile, Reggie Kray and his unstable twin brother Ronnie start to leave their mark on the London underworld in the 1960s. Using violence to get what they want, the siblings orchestrate robberies and murders while running nightclubs and protection rackets. With police Detective Leonard ""Nipper"" Read hot on their heels, the brothers continue their rapid rise to power and achieve tabloid notoriety.",10.1612,2015-09-09,Legend,7.056,4240,"['Crime', 'Thriller']"
False,533514,ja,劇場版 ヴァイオレット・エヴァーガーデン,"As the world moves on from the war and technological advances bring changes to her life, Violet still hopes to see her lost commanding officer again.",8.2958,2020-09-18,Violet Evergarden: The Movie,8.301,499,"['Animation', 'Drama', 'Fantasy', 'Romance']"
False,79,zh,英雄,"During China's Warring States period, a district prefect arrives at the palace of Qin Shi Huang, claiming to have killed the three assassins who had made an attempt on the king's life three years ago.",8.5956,2002-12-19,Hero,7.511,2470,"['Drama', 'Adventure', 'Action', 'History']"
False,1116201,en,Iron Lung,"The stars are gone. The planets have disappeared. Only individuals aboard space stations or starships were left to give the end a name -- The Quiet Rapture. After decades of decay and crumbling infrastructure, the Consolidation of Iron has made a discovery on a barren moon designated AT-5. An ocean of blood. Hoping to discover desperately needed resources they immediately launch an expedition. A submarine is crafted and a convict is welded inside. Due to the pressure and depth of the ocean the forward viewport has been encased in metal. If successful, they will earn their freedom. If not, another will follow. This will be the 13th expedition.",8.6341,2026-01-30,Iron Lung,7.262,128,"['Horror', 'Mystery', 'Science Fiction']"
False,842924,en,The Life of Chuck,"In this extraordinary story of an ordinary man, Charles 'Chuck' Krantz experiences the wonder of love, the heartbreak of loss, and the multitudes contained in all of us.",9.5919,2025-06-05,The Life of Chuck,7.285,1007,"['Fantasy', 'Drama']"
False,661374,en,Glass Onion: A Knives Out Mystery,World-famous detective Benoit Blanc heads to Greece to peel back the layers of a mystery surrounding a tech billionaire and his eclectic crew of friends.,8.4446,2022-11-23,Glass Onion: A Knives Out Mystery,7.032,6724,"['Comedy', 'Crime', 'Mystery']"
False,5503,en,The Fugitive,"Wrongfully convicted of murdering his wife and sentenced to death, Richard Kimble escapes from the law in an attempt to find the real killer and clear his name.",10.4474,1993-08-06,The Fugitive,7.474,4740,"['Action', 'Thriller', 'Drama']"
False,373571,en,Godzilla: King of the Monsters,"Follows the heroic efforts of the crypto-zoological agency Monarch as its members face off against a battery of god-sized monsters, including the mighty Godzilla, who collides with Mothra, Rodan, and his ultimate nemesis, the three-headed King Ghidorah. When these ancient super-species, thought to be mere myths, rise again, they all vie for supremacy, leaving humanity's very existence hanging in the balance.",13.5281,2019-05-29,Godzilla: King of the Monsters,6.687,6652,"['Science Fiction', 'Action']"
False,464052,en,Wonder Woman 1984,A botched store robbery places Wonder Woman in a global battle against a powerful and mysterious ancient force that puts her powers in jeopardy.,10.1938,2020-12-16,Wonder Woman 1984,6.369,8991,"['Action', 'Adventure', 'Fantasy']"
False,810,en,Shrek the Third,"The King of Far Far Away has died and Shrek and Fiona are to become King & Queen. However, Shrek wants to return to his cozy swamp and live in peace and quiet, so when he finds out there is another heir to the throne, they set off to bring him back to rule the kingdom.",11.5553,2007-05-17,Shrek the Third,6.305,9715,"['Fantasy', 'Adventure', 'Animation', 'Comedy', 'Family']"
False,138832,en,We're the Millers,A veteran pot dealer creates a fake family as part of his plan to move a huge shipment of weed into the U.S. from Mexico.,10.7871,2013-08-07,We're the Millers,6.84,9397,"['Comedy', 'Crime']"
False,9738,en,Fantastic Four,"During a space voyage, four scientists are altered by cosmic rays: Reed Richards gains the ability to stretch his body; Sue Storm can become invisible; Johnny Storm controls fire; and Ben Grimm is turned into a super-strong … thing. Together, these ""Fantastic Four"" must now thwart the evil plans of Dr. Doom and save the world from certain destruction.",10.1561,2005-06-29,Fantastic Four,5.804,9925,"['Action', 'Fantasy', 'Science Fiction']"
False,194,fr,Le Fabuleux Destin d'Amélie Poulain,"At a tiny Parisian café, the adorable yet painfully shy Amélie accidentally discovers a gift for helping others. Soon Amelie is spending her days as a matchmaker, guardian angel, and all-around do-gooder. But when she bumps into a handsome stranger, will she find the courage to become the star of her very own love story?",9.7027,2001-04-25,Amélie,7.919,12326,"['Comedy', 'Romance']"
False,400155,en,Hotel Transylvania 3: Summer Vacation,"Dracula, Mavis, Johnny and the rest of the Drac Pack take a vacation on a luxury Monster Cruise Ship, where Dracula falls in love with the ship’s captain, Ericka, who’s secretly a descendant of Abraham Van Helsing, the notorious monster slayer.",12.1467,2018-06-28,Hotel Transylvania 3: Summer Vacation,6.8,4678,"['Animation', 'Comedy', 'Family', 'Fantasy']"
False,9792,en,The Hills Have Eyes,"Based on Wes Craven's 1977 suspenseful cult classic, The Hills Have Eyes is the story of a family road trip that goes terrifyingly awry when the travelers become stranded in a government atomic zone. Miles from nowhere, the Carter family soon realizes the seemingly uninhabited wasteland is actually the breeding ground of a blood-thirsty mutant family...and they are the prey.",10.9537,2006-03-10,The Hills Have Eyes,6.457,3301,"['Horror', 'Thriller']"
False,5915,en,Into the Wild,"After graduating from Emory University in 1992, top student and athlete Christopher McCandless abandons his possessions, gives his entire $24,000 savings account to charity, and hitchhikes to Alaska to live in the wilderness.",9.7273,2007-09-21,Into the Wild,7.799,10077,"['Adventure', 'Drama']"
False,677179,en,Creed III,"After dominating the boxing world, Adonis Creed has thrived in his career and family life. When a childhood friend and former boxing prodigy, Damian Anderson, resurfaces after serving a long sentence in prison, he is eager to prove that he deserves his shot in the ring. The face-off between former friends is more than just a fight. To settle the score, Adonis must put his future on the line to battle Damian — a fighter with nothing to lose.",10.1998,2023-03-01,Creed III,7.079,2842,"['Drama', 'Action']"
False,9378,en,Thir13en Ghosts,"Arthur and his two children inherit his uncle's estate: a glass house that serves as a prison to twelve ghosts. When the family, accompanied by a nanny and an attorney, enter the house they find themselves trapped inside an evil machine 'designed by the Devil and powered by the dead' to open the Eye of Hell. Aided by a ghost hunter and his rival, a ghost rights activist out to set the ghosts free, the group must do what they can to get out of the house alive.",10.1425,2001-10-26,Thir13en Ghosts,6.285,2335,"['Horror', 'Thriller']"
False,4476,en,Legends of the Fall,"In early 20th-century Montana, Col. William Ludlow lives on a ranch in the wilderness with his sons, Alfred, Tristan, and Samuel. Eventually, the unconventional but close-knit family are bound by loyalty, tested by war, and torn apart by love, as told over the course of several decades in this epic saga.",9.3281,1994-12-23,Legends of the Fall,7.384,2822,"['Drama', 'Western', 'Romance', 'War']"
False,7453,en,The Hitchhiker's Guide to the Galaxy,"Mere seconds before the Earth is to be demolished by an alien construction crew, Arthur Dent is swept off the planet by his friend Ford Prefect, a researcher penning a new edition of ""The Hitchhiker's Guide to the Galaxy.""",8.6532,2005-04-28,The Hitchhiker's Guide to the Galaxy,6.682,4199,"['Adventure', 'Comedy', 'Science Fiction']"
False,10693,en,Peter Pan,"Leaving the safety of their nursery behind, Wendy, Michael and John follow Peter Pan to a magical world where childhood lasts forever. But while in Neverland, the kids must face Captain Hook and foil his attempts to get rid of Peter for good.",10.3165,1953-02-05,Peter Pan,7.187,5710,"['Animation', 'Family', 'Adventure', 'Fantasy']"
False,217,en,Indiana Jones and the Kingdom of the Crystal Skull,"Set during the Cold War, the Soviets—led by sword-wielding Irina Spalko—are in search of a crystal skull which has supernatural powers related to a mystical Lost City of Gold. Indy is coerced to head to Peru at the behest of a young man whose friend—and Indy's colleague—Professor Oxley has been captured for his knowledge of the skull's whereabouts.",10.3034,2008-05-21,Indiana Jones and the Kingdom of the Crystal Skull,6.022,8964,"['Adventure', 'Action']"
False,1072699,pl,Druga Furioza,"In the wake of murder, new Furioza leader Golden claims the reins of his violent and formidable hooligan gang and takes on a new focus across borders.",9.4323,2025-10-14,Inside Furioza,6.522,93,"['Action', 'Crime', 'Thriller']"
False,508943,en,Luca,Luca and his best friend Alberto experience an unforgettable summer on the Italian Riviera. But all the fun is threatened by a deeply-held secret: they are sea monsters from another world just below the water’s surface.,12.9166,2021-06-17,Luca,7.8,8899,"['Animation', 'Family', 'Fantasy', 'Comedy', 'Drama']"
False,1771,en,Captain America: The First Avenger,"During World War II, Steve Rogers is a sickly man from Brooklyn who's transformed into super-soldier Captain America to aid in the war effort. Rogers must stop the Red Skull – Adolf Hitler's ruthless head of weaponry, and the leader of an organization that intends to use a mysterious device of untold powers for world domination.",8.9436,2011-07-22,Captain America: The First Avenger,7.005,22612,"['Action', 'Adventure', 'Science Fiction']"
False,1465563,es,Un poeta,"An aging poet finds purpose mentoring Yurlady, a talented teen, though exposing her to the poetry scene might be unwise. His own poetic pursuits led nowhere, leaving him a stereotypical obscure writer.",8.5477,2025-08-28,A Poet,7.6,27,"['Comedy', 'Drama']"
False,658,en,Goldfinger,"Special agent 007 comes face to face with one of the most notorious villains of all time, and now he must outwit and outgun the powerful tycoon to prevent him from cashing in on a devious scheme to raid Fort Knox -- and obliterate the world's economy.",9.8419,1964-09-20,Goldfinger,7.355,3937,"['Adventure', 'Action', 'Thriller']"
False,11674,en,101 Dalmatians,"An evil, high-fashion designer plots to steal Dalmatian puppies in order to make an extravagant fur coat, but instead creates an extravagant mess.",9.5595,1996-11-27,101 Dalmatians,5.941,3610,"['Family', 'Comedy']"
False,88751,en,Journey to the Center of the Earth,"On a quest to find out what happened to his missing brother, a scientist, his nephew and their mountain guide discover a fantastic and dangerous lost world in the center of the earth.",9.7355,2008-07-10,Journey to the Center of the Earth,6.087,5113,"['Action', 'Science Fiction', 'Adventure', 'Comedy', 'Family']"
False,7191,en,Cloverfield,"Five young New Yorkers throw their friend a going-away party the night that a monster the size of a skyscraper descends upon the city. Told from the point of view of their video camera, the film is a document of their attempt to survive the most surreal, horrifying event of their lives.",9.5315,2008-01-15,Cloverfield,6.707,7717,"['Action', 'Thriller', 'Science Fiction']"
False,4523,en,Enchanted,"The beautiful princess Giselle is banished by an evil queen from her magical, musical animated land and finds herself in the gritty reality of the streets of modern-day Manhattan. Shocked by this strange new environment that doesn't operate on a ""happily ever after"" basis, Giselle is now adrift in a chaotic world badly in need of enchantment. But when Giselle begins to fall in love with a charmingly flawed divorce lawyer who has come to her aid - even though she is already promised to a perfect fairy tale prince back home - she has to wonder: Can a storybook view of romance survive in the real world?",10.8043,2007-11-20,Enchanted,6.84,5675,"['Comedy', 'Family', 'Fantasy', 'Romance']"
False,11596,en,Wes Craven's New Nightmare,A demonic force has chosen Freddy Krueger as its portal to the real world. Can Heather Langenkamp play the part of Nancy one last time and trap the evil trying to enter our world?,8.6852,1994-10-13,Wes Craven's New Nightmare,6.463,1566,"['Horror', 'Mystery', 'Fantasy']"
False,531309,en,Brightburn,"What if a child from another world crash-landed on Earth, but instead of becoming a hero to mankind, he proved to be something far more sinister?",9.4949,2019-05-09,Brightburn,6.143,3427,"['Horror', 'Science Fiction']"
False,683205,zh,寻龙诀：觅踪,The story follows the team as they try to raid a tomb made by master tomb raiders. It is set partially in Russia and will involve scenes at Catherine Palace in St. Petersburg.,10.3292,2025-05-08,The Legend Hunters,8.5,2,"['Adventure', 'Action']"
False,434203,en,Newness,"In contemporary Los Angeles, two millennials navigating a social media–driven hookup culture begin a relationship that pushes both emotional and physical boundaries.",8.4137,2017-11-03,Newness,6.0,623,"['Romance', 'Drama']"
False,256683,ja,ラバーズ ～覆う女～,"This psychological film follows for several days a very shy young adult woman, a loner with a good heart, who has the misfortune of growing up with obsessional attraction to rubber clothing, the attraction that potentially could make her a target for social rejection. She carefully conceals from her co-workers in a food factory the fact she wears such undergarments. One day an attractive male co-worker befriends her. When they get close in her apartment he indeed reacts to her rubber fetish with rejection. But they resume dating and now strive to meet each other's need for an intimate friendship.",19.2088,2010-07-10,Rubbers,7.0,1,['Drama']
False,5174,en,Rush Hour 3,"After a botched assassination attempt, the mismatched duo finds themselves in Paris, struggling to retrieve a precious list of names, as the murderous crime syndicate's henchmen try their best to stop them. Once more, Lee and Carter must fight their way through dangerous gangsters; however, this time, the past has come back to haunt Lee. Will the boys get the job done once and for all?",9.252,2007-08-08,Rush Hour 3,6.487,3668,"['Action', 'Comedy', 'Crime']"
False,205587,en,The Judge,"A successful lawyer returns to his hometown for his mother's funeral only to discover that his estranged father, the town's judge, is suspected of murder.",9.9912,2014-10-08,The Judge,7.331,4399,['Drama']
False,1587,en,What's Eating Gilbert Grape,"Gilbert Grape is a small-town young man with a lot of responsibility. Chief among his concerns are his mother, who is so overweight that she can't leave the house, and his mentally impaired younger brother, Arnie, who has a knack for finding trouble. Settled into a job at a grocery store and an ongoing affair with local woman Betty Carver, Gilbert finally has his life shaken up by the free-spirited Becky.",9.1354,1993-12-17,What's Eating Gilbert Grape,7.663,4248,"['Romance', 'Drama']"
False,615677,en,We Can Be Heroes,"When alien invaders capture Earth's superheroes, their kids must learn to work together to save their parents - and the planet.",9.9772,2020-12-25,We Can Be Heroes,5.951,806,"['Family', 'Action', 'Fantasy', 'Comedy']"
False,85877,cn,蜜桃成熟時33D,"A young woman named Future is sent from the year 2046 to the year 2011 in Hong Kong. Future was sent by the United Nations in order to get pregnant, where she can then extract her genes and repopulate the earth as 99% of males have become infertile in the future due to attacks from Planet Xucker. Two assassins from Xuckler are sent after her to stop her. Future meets three University students: Felix, Dan-san and Sing. The men are obsessed with female students next door: Chin-chin, Chen-chen and Sai-sai. The students agree to help Future find a mate at the university.",8.8623,2011-10-06,The 33D Invader,5.6,31,"['Comedy', 'Science Fiction']"
False,496450,fr,Miraculous - le film,"After a guardian of magical jewels turns an awkward girl and a popular boy into superheroes, they can never reveal their identities — even to each other.",8.2619,2023-07-05,"Miraculous: Ladybug & Cat Noir, The Movie",7.595,943,"['Animation', 'Fantasy', 'Action', 'Romance', 'Family']"
False,9352,en,EuroTrip,"When Scott learns that his longtime cyber-buddy from Berlin is a gorgeous young woman, he and his friends embark on a trip across Europe.",9.2102,2004-02-20,EuroTrip,6.614,2915,['Comedy']
False,308266,en,War Dogs,"Based on the true story of two young men, David Packouz and Efraim Diveroli, who won a $300 million contract from the Pentagon to arm America's allies in Afghanistan.",9.6009,2016-08-18,War Dogs,6.94,5431,"['Comedy', 'Crime', 'Drama']"
False,46853,it,Maladolescenza,"Laura and Fabrizio have been meeting every summer in the forest by her parent's summer home. Fabrizio is a solitary boy with only his dog for company; Laura a sweet but unconfident child. This summer new aspects enter into their story as both are growing up. Laura is falling in love with Fabrizio, while he displays a new sexual awareness of her masked by his malice. Things develop further when they meet Sylvia who, unlike the innocent Laura, is confident and assertive. Fabrizio develops a fascination with her, eventually bribing Laura to fetch her to the forest to join them in play.",8.9846,1977-05-17,Playing with Love,5.2,85,['Drama']
False,70,en,Million Dollar Baby,"Despondent over a painful estrangement from his daughter, trainer Frankie Dunn isn't prepared for boxer Maggie Fitzgerald to enter his life. But Maggie's determined to go pro and to convince Dunn and his cohort to help her.",10.2607,2004-12-05,Million Dollar Baby,7.952,10285,['Drama']
False,14128,en,Cinderella II: Dreams Come True,"As a newly crowned princess, Cinderella quickly learns that life at the Palace - and her royal responsibilities - are more challenging than she had imagined. In three heartwarming tales, Cinderella calls on her animal friends and her Fairy Godmother to help as she brings her own grace and charm to her regal role and discovers that being true to yourself is the best way to make your dreams come true.",9.5051,2002-02-23,Cinderella II: Dreams Come True,6.119,1526,"['Family', 'Animation', 'Romance', 'Fantasy']"
False,299687,en,The 5th Wave,16-year-old Cassie Sullivan tries to survive in a world devastated by the waves of an alien invasion that has already decimated the population and knocked mankind back to the Stone Age.,9.0483,2016-01-14,The 5th Wave,5.936,5982,"['Science Fiction', 'Adventure', 'Action']"
False,433,en,Mary Poppins,"In turn of the century London, a magical nanny employs music and adventure to help two neglected children become closer to their father.",9.9055,1964-12-17,Mary Poppins,7.542,4974,"['Comedy', 'Family', 'Fantasy']"
False,370172,en,No Time to Die,"Bond has left active service and is enjoying a tranquil life in Jamaica. His peace is short-lived when his old friend Felix Leiter from the CIA turns up asking for help. The mission to rescue a kidnapped scientist turns out to be far more treacherous than expected, leading Bond onto the trail of a mysterious villain armed with dangerous new technology.",14.6269,2021-09-29,No Time to Die,7.34,7026,"['Action', 'Thriller', 'Adventure']"
False,508,en,Love Actually,Eight very different couples deal with their love lives in various loosely interrelated tales all set during a frantic month before Christmas in London.,10.6802,2003-09-07,Love Actually,7.095,7343,"['Comedy', 'Romance', 'Drama']"
False,433,en,Mary Poppins,"In turn of the century London, a magical nanny employs music and adventure to help two neglected children become closer to their father.",9.9055,1964-12-17,Mary Poppins,7.542,4974,"['Comedy', 'Family', 'Fantasy']"
False,370172,en,No Time to Die,"Bond has left active service and is enjoying a tranquil life in Jamaica. His peace is short-lived when his old friend Felix Leiter from the CIA turns up asking for help. The mission to rescue a kidnapped scientist turns out to be far more treacherous than expected, leading Bond onto the trail of a mysterious villain armed with dangerous new technology.",14.6269,2021-09-29,No Time to Die,7.34,7026,"['Action', 'Thriller', 'Adventure']"
False,508,en,Love Actually,Eight very different couples deal with their love lives in various loosely interrelated tales all set during a frantic month before Christmas in London.,10.6802,2003-09-07,Love Actually,7.095,7343,"['Comedy', 'Romance', 'Drama']"
False,119450,en,Dawn of the Planet of the Apes,"A group of scientists in San Francisco struggle to stay alive in the aftermath of a plague that is wiping out humanity, while Caesar tries to maintain dominance over his community of intelligent apes.",13.3119,2014-07-08,Dawn of the Planet of the Apes,7.337,12154,"['Science Fiction', 'Action', 'Drama', 'Thriller']"
False,529203,en,The Croods: A New Age,"Searching for a safer habitat, the prehistoric Crood family discovers an idyllic, walled-in paradise that meets all of its needs. Unfortunately, they must also learn to live with the Bettermans -- a family that's a couple of steps above the Croods on the evolutionary ladder. As tensions between the new neighbors start to rise, a new threat soon propels both clans on an epic adventure that forces them to embrace their differences, draw strength from one another, and survive together.",7.7959,2020-11-25,The Croods: A New Age,7.444,4110,"['Animation', 'Family', 'Adventure', 'Fantasy', 'Comedy']"
False,560057,en,The Sea Beast,"When a young girl stows away on the ship of a legendary sea monster hunter, they launch an epic journey into uncharted waters — and make history to boot.",9.3596,2022-06-24,The Sea Beast,7.325,1681,"['Animation', 'Adventure', 'Action', 'Family', 'Fantasy']"
False,893694,tl,Eva,"When Eva gets involved in a steamy threesome with a houseboy and her lady boss, she realizes she has to choose only one between them.",8.651,2021-12-24,Eva,5.136,23,"['Drama', 'Romance']"
False,591,en,The Da Vinci Code,"A murder in Paris’ Louvre Museum and cryptic clues in some of Leonardo da Vinci’s most famous paintings lead to the discovery of a religious mystery. For 2,000 years a secret society closely guards information that — should it come to light — could rock the very foundations of Christianity.",8.7597,2006-05-17,The Da Vinci Code,6.724,9992,"['Thriller', 'Mystery']"
False,12572,en,"New York, I Love You","New York, I Love You delves into the intimate lives of New Yorkers as they grapple with, delight in and search for love. Journey from the Diamond District in the heart of Manhattan, through Chinatown and the Upper East Side, towards the Village, into Tribeca, and Brooklyn as lovers of all ages try to find romance in the Big Apple.",10.0834,2008-09-06,"New York, I Love You",5.944,592,"['Comedy', 'Drama', 'Romance']"
False,400535,en,Sicario: Day of the Soldado,Agent Matt Graver teams up with operative Alejandro Gillick to prevent Mexican drug cartels from smuggling terrorists across the United States border.,11.0973,2018-06-27,Sicario: Day of the Soldado,6.94,3991,"['Action', 'Crime', 'Thriller']"
False,9739,en,Demolition Man,"In 1996, brash L.A. detective John Spartan and maniac killer Simon Phoenix are both sentenced to decades in a cryogenic prison as punishment for a rescue mission gone wrong. When Phoenix escapes 36 years later to wreak havoc on the future, Spartan is awakened to capture his nemesis the old-fashioned way.",9.2655,1993-10-08,Demolition Man,6.751,4059,"['Crime', 'Action', 'Science Fiction']"
False,760741,en,Beast,"A recently widowed man and his two teenage daughters travel to a game reserve in South Africa. However, their journey of healing soon turns into a fight for survival when a bloodthirsty lion starts to stalk them.",9.4723,2022-08-11,Beast,6.546,1726,"['Action', 'Adventure', 'Horror', 'Thriller']"
False,1278,en,The Dreamers,"When Isabelle and Theo invite Matthew to stay with them, what begins as a casual friendship ripens into a sensual voyage of discovery and desire in which nothing is off limits and everything is possible.",10.145,2003-10-10,The Dreamers,7.179,3064,"['Drama', 'Romance']"
False,1328803,en,Prisoner of War,British RAF Wing Commander James Wright is captured by the Japanese during WWII and forced to fight in brutal hand-to-hand combat. The Japanese soldiers get more than they bargained for when Wright’s years of martial arts training in Hong Kong prove him to be a formidable opponent.,14.2671,2025-09-19,Prisoner of War,7.1,171,"['Action', 'War', 'Thriller', 'History']"
False,406563,en,Insidious: The Last Key,"Parapsychologist Elise Rainier and her team travel to Five Keys, NM, to investigate a man’s claim of a haunting. Terror soon strikes when Rainier realizes that the house he lives in was her family’s old home.",10.5734,2018-01-03,Insidious: The Last Key,6.255,3117,"['Horror', 'Thriller']"
False,1287322,en,Christy,"Christy Martin never imagined life beyond her small-town roots in West Virginia—until she discovered a knack for punching people. Fueled by grit, raw determination, and an unshakable desire to win, she charges into the world of boxing under the guidance of her trainer and manager-turned-husband, Jim. But while Christy flaunts a fiery persona in the ring, her toughest battles unfold outside it—confronting family, identity, and a relationship that just might become life-or-death.",9.2594,2025-11-06,Christy,7.19,150,"['History', 'Drama']"
False,9872,en,Explorers,"Middle schooler Ben spends his free time watching sci-fi films, playing video games and reading comic books. Surprisingly, his affinity for all things fantastical yields a real result – when he has a vivid dream about technology, his prodigy best friend Wolfgang manages to create a working spacecraft. Joined by their buddy Darren, the boys take off into outer space and encounter some very odd extraterrestrial life.",9.0704,1985-07-12,Explorers,6.3,489,"['Science Fiction', 'Adventure', 'Family']"
False,3782,ja,生きる,"Kanji Watanabe is a middle-aged man who has worked in the same monotonous bureaucratic position for decades. Learning he has cancer, he starts to look for the meaning of his life.",7.9817,1952-10-09,Ikiru,8.304,1328,['Drama']
False,228161,en,Home,"When Earth is taken over by the overly-confident Boov, an alien race in search of a new place to call home, all humans are promptly relocated, while all Boov get busy reorganizing the planet. But when one resourceful girl, Tip, manages to avoid capture, she finds herself the accidental accomplice of a banished Boov named Oh. The two fugitives realize there’s a lot more at stake than intergalactic relations as they embark on the road trip of a lifetime.",9.08,2015-03-18,Home,6.8,4194,"['Fantasy', 'Comedy', 'Animation', 'Science Fiction', 'Family']"
False,342473,en,Ballerina,"In 1879 Paris, a young orphan dreams of becoming a ballerina and flees her rural Brittany for Paris, where she passes for someone else and accedes to the position of pupil at the Grand Opera house.",9.213,2016-12-14,Ballerina,7.2,1979,"['Animation', 'Adventure', 'Comedy', 'Family']"
False,4638,en,Hot Fuzz,"Former London constable Nicholas Angel finds it difficult to adapt to his new assignment in the sleepy British village of Sandford. Not only does he miss the excitement of the big city, but he also has a well-meaning oaf for a partner. However, when a series of grisly accidents rocks Sandford, Angel smells something rotten in the idyllic village.",9.7453,2007-02-14,Hot Fuzz,7.562,8254,"['Crime', 'Action', 'Comedy']"
False,200727,en,"Love, Rosie","Since the moment they met at age 5, Rosie and Alex have been best friends, facing the highs and lows of growing up side by side. A fleeting shared moment, one missed opportunity, and the decisions that follow send their lives in completely different directions. As each navigates the complexities of life, love, and everything in between, they always find their way back to each other - but is it just friendship, or something more?",9.283,2014-10-16,"Love, Rosie",7.81,6476,"['Romance', 'Drama', 'Comedy']"
False,184315,en,Hercules,"When a new enemy threatens the innocent, Hercules must lead his fearless team of warriors in a battle against overwhelming odds.",7.1972,2014-07-23,Hercules,5.799,4314,"['Action', 'Adventure']"
False,1029575,en,The Family Plan,"Dan Morgan is many things: a devoted husband, a loving father, a celebrated car salesman. He's also a former assassin. And when his past catches up to his present, he's forced to take his unsuspecting family on a road trip unlike any other.",12.1543,2023-12-14,The Family Plan,7.224,1848,"['Action', 'Comedy', 'Family']"
False,1018,en,Mulholland Drive,"Blonde Betty Elms has only just arrived in Hollywood to become a movie star when she meets an enigmatic brunette with amnesia. Meanwhile, as the two set off to solve the second woman's identity, filmmaker Adam Kesher runs into ominous trouble while casting his latest project.",11.2406,2001-06-06,Mulholland Drive,7.803,6970,"['Thriller', 'Drama', 'Mystery']"
False,56292,en,Mission: Impossible - Ghost Protocol,"Ethan Hunt and his team are racing against time to track down a dangerous terrorist named Hendricks, who has gained access to Russian nuclear launch codes and is planning a strike on the United States. An attempt to stop him ends in an explosion causing severe destruction to the Kremlin and the IMF to be implicated in the bombing, forcing the President to disavow them. No longer being aided by the government, Ethan and his team chase Hendricks around the globe, although they might still be too late to stop a disaster.",12.6336,2011-12-07,Mission: Impossible - Ghost Protocol,7.1,10694,"['Action', 'Thriller', 'Adventure']"
False,332562,en,A Star Is Born,"Seasoned musician Jackson Maine discovers — and falls in love with — struggling artist Ally. She has just about given up on her dream to make it big as a singer — until Jack coaxes her into the spotlight. But even as Ally's career takes off, the personal side of their relationship is breaking down, as Jack fights an ongoing battle with his own internal demons.",8.5769,2018-10-03,A Star Is Born,7.493,12184,"['Music', 'Drama', 'Romance']"
False,7443,en,Chicken Run,"The creators of Wallace & Gromit bring you an exciting and original story about a group of chickens determined to fly the coop–even if they can’t fly! It’s hardly poultry in motion when Rocky attempts to teach Ginger and her feathered friends to fly…but, with teamwork, determination and a little bit o’ cluck, the fearless flock plots one last attempt in a spectacular bid for freedom.",9.2149,2000-06-23,Chicken Run,6.838,5376,"['Animation', 'Comedy', 'Family']"
False,753342,en,Napoleon,"An epic that details the checkered rise and fall of French Emperor Napoleon Bonaparte and his relentless journey to power through the prism of his addictive, volatile relationship with his wife, Josephine.",8.8898,2023-11-22,Napoleon,6.304,3049,"['History', 'War', 'Romance']"
False,1627792,tl,Sagaran,"As female motorcycle racer Mica and her mechanic boyfriend Migo join a motor shop's team, they try to navigate a new set of complicated relationships that'll push them to the limit.",7.9749,2026-02-06,Sagaran,4.5,2,['Drama']
False,7518,en,Over the Hedge,"A scheming raccoon fools a mismatched family of forest creatures into helping him repay a debt of food, by invading the new suburban sprawl that popped up while they were hibernating – and learns a lesson about family himself.",7.3947,2006-05-17,Over the Hedge,6.591,4794,"['Family', 'Comedy', 'Animation', 'Adventure']"
False,3131,en,Gangs of New York,"In early 1860s New York, Irish immigrant Amsterdam Vallon is released from prison and returns to the Five Points, seeking revenge against his father's killer, William Cutting, a powerful anti-immigrant gang leader. He knows that revenge can only be attained by infiltrating Cutting's inner circle. Vallon's journey becomes a fight for personal survival and to find a place for the Irish people.",9.5049,2002-12-14,Gangs of New York,7.315,7160,"['Drama', 'History', 'Crime']"
False,1368,en,First Blood,"When former Green Beret John Rambo is harassed by local law enforcement and arrested for vagrancy, he is forced to flee into the mountains and wage an escalating one-man war against his pursuers.",12.6282,1982-10-22,First Blood,7.505,6831,"['Action', 'Adventure', 'Thriller', 'War']"
False,1368,en,First Blood,"When former Green Beret John Rambo is harassed by local law enforcement and arrested for vagrancy, he is forced to flee into the mountains and wage an escalating one-man war against his pursuers.",12.6282,1982-10-22,First Blood,7.505,6831,"['Action', 'Adventure', 'Thriller', 'War']"
False,9602,en,Coming to America,"An African prince decides it’s time for him to find a princess... and his mission leads him and his most loyal friend to Queens, New York. In disguise as an impoverished immigrant, the pampered prince quickly finds himself a new job, new friends, new digs, new enemies and lots of trouble.",9.7955,1988-06-29,Coming to America,6.876,4704,"['Comedy', 'Romance']"
False,425909,en,Ghostbusters: Afterlife,"When single mom Callie and her two kids Trevor and Phoebe arrive in a small Oklahoma town, they begin to discover their connection to the original Ghostbusters and the secret legacy their grandfather left behind.",8.8778,2021-11-18,Ghostbusters: Afterlife,7.325,5099,"['Fantasy', 'Comedy', 'Adventure']"
False,68734,en,Argo,"As the Iranian revolution reaches a boiling point, a CIA 'exfiltration' specialist concocts a risky plan to free six Americans who have found shelter at the home of the Canadian ambassador.",9.1695,2012-10-11,Argo,7.283,8889,"['Drama', 'Thriller']"
False,1278101,zh,小小的我,"Liu Chunhe, suffering from cerebral palsy, bravely breaks through the shackles of body and mind to realize the dream stage for his grandmother, while trying to find the coordinates of his own life. After experiencing a summer transformation, he finally embarked on a new journey.",7.9355,2024-12-27,Big World,8.116,73,"['Drama', 'Family']"
False,604685,en,Den of Thieves 2: Pantera,"Big Nick is back on the hunt in Europe and closing in on Donnie, who is embroiled in the treacherous and unpredictable world of diamond thieves and the infamous Panther mafia, as they plot a massive heist of the world's largest diamond exchange.",8.5457,2025-01-08,Den of Thieves 2: Pantera,6.6,769,"['Action', 'Crime', 'Thriller']"
False,1022796,en,Wish,"Asha, a sharp-witted idealist, makes a wish so powerful that it is answered by a cosmic force – a little ball of boundless energy called Star. Together, Asha and Star confront a most formidable foe - the ruler of Rosas, King Magnifico - to save her community and prove that when the will of one courageous human connects with the magic of the stars, wondrous things can happen.",8.9407,2023-11-13,Wish,6.22,1763,"['Animation', 'Family', 'Fantasy', 'Adventure']"
False,227,en,The Outsiders,"In 1960s Tulsa, class divisions ignite a violent rivalry between the working-class Greasers and the privileged Socs. When a deadly encounter forces two Greasers, Ponyboy and Johnny, to flee, their struggle for survival and redemption exposes the fragile innocence and enduring bonds of youth on the wrong side of town.",9.4532,1983-03-25,The Outsiders,7.192,1531,"['Crime', 'Drama']"
False,6435,en,Practical Magic,"Sally and Gillian Owens, born into a magical family, have mostly avoided witchcraft themselves. But when Gillian's vicious boyfriend, Jimmy Angelov, dies unexpectedly, the Owens sisters give themselves a crash course in hard magic. With policeman Gary Hallet growing suspicious, the girls struggle to resurrect Angelov -- and unwittingly inject his corpse with an evil spirit that threatens to end their family line.",8.9597,1998-10-16,Practical Magic,6.763,1682,"['Romance', 'Comedy', 'Fantasy']"
False,673593,en,Mean Girls,"New student Cady Heron is welcomed into the top of the social food chain by the elite group of popular girls called ‘The Plastics,’ ruled by the conniving queen bee Regina George and her minions Gretchen and Karen. However, when Cady makes the major misstep of falling for Regina’s ex-boyfriend Aaron Samuels, she finds herself prey in Regina’s crosshairs. As Cady sets to take down the group’s apex predator with the help of her outcast friends Janis and Damian, she must learn how to stay true to herself while navigating the most cutthroat jungle of all: high school.",10.6192,2024-01-10,Mean Girls,5.9,710,['Comedy']
False,592983,en,Spellbound,"When a powerful spell turns her parents into giant monsters, a teenage princess must journey into the wild to reverse the curse before it's too late.",8.6106,2024-11-22,Spellbound,6.605,305,"['Animation', 'Fantasy', 'Family', 'Adventure', 'Comedy']"
False,957452,en,The Crow,"Soulmates Eric and Shelly are brutally murdered when the demons of her dark past catch up with them. Given the chance to save his true love by sacrificing himself, Eric sets out to seek merciless revenge on their killers, traversing the worlds of the living and the dead to put the wrong things right.",8.0635,2024-08-21,The Crow,5.816,1240,"['Action', 'Fantasy', 'Horror']"
False,12222,en,Horton Hears a Who!,"An imaginative elephant named Horton hears a faint cry for help coming from a tiny speck of dust floating through the air. Horton suspects there may be life on that speck and despite a surrounding community, who thinks he has lost his mind, he is determined to save the tiny particle.",9.9628,2008-03-03,Horton Hears a Who!,6.518,3518,"['Animation', 'Comedy', 'Family', 'Adventure', 'Fantasy']"
False,428078,en,Mortal Engines,"Many thousands of years in the future, Earth’s cities roam the globe on huge wheels, devouring each other in a struggle for ever diminishing resources. On one of these massive traction cities, the old London, Tom Natsworthy has an unexpected encounter with a mysterious young woman from the wastelands who will change the course of his life forever.",8.9119,2018-11-27,Mortal Engines,6.199,5060,"['Adventure', 'Science Fiction']"
False,698,en,Moonraker,"After Drax Industries' Moonraker space shuttle is hijacked, secret agent James Bond is assigned to investigate, traveling to California to meet the company's owner, the mysterious Hugo Drax. With the help of scientist Dr. Holly Goodhead, Bond soon uncovers Drax's nefarious plans for humanity, all the while fending off an old nemesis, Jaws, and venturing to Venice, Rio, the Amazon...and even outer space.",9.2885,1979-06-26,Moonraker,6.182,2198,"['Action', 'Adventure', 'Thriller', 'Science Fiction']"
False,1075794,en,Leo,"Jaded 74-year-old lizard Leo has been stuck in the same Florida classroom for decades with his terrarium-mate turtle. When he learns he only has one year left to live, he plans to escape to experience life on the outside but instead gets caught up in the problems of his anxious students — including an impossibly mean substitute teacher.",9.2002,2023-11-17,Leo,7.4,1321,"['Animation', 'Comedy', 'Family']"
False,4488,en,Friday the 13th,Camp counselors are stalked and murdered by an unknown assailant while trying to reopen a summer camp that was the site of a child's drowning.,9.1462,1980-05-09,Friday the 13th,6.404,3307,['Horror']
False,254904,en,The November Man,An ex-CIA operative is brought back in on a very personal mission and finds himself pitted against his former pupil in a deadly game involving high level CIA officials and the Russian president-elect.,9.0247,2014-08-27,The November Man,6.103,1585,"['Crime', 'Action', 'Thriller']"
False,901362,en,Trolls Band Together,"When Branch's brother, Floyd, is kidnapped for his musical talents by a pair of nefarious pop-star villains, Branch and Poppy embark on a harrowing and emotional journey to reunite the other brothers and rescue Floyd from a fate even worse than pop-culture obscurity.",10.1088,2023-10-12,Trolls Band Together,7.246,973,"['Animation', 'Family', 'Music', 'Fantasy', 'Comedy', 'Adventure']"
False,146,zh,卧虎藏龍,"Two warriors in pursuit of a stolen sword and a notorious fugitive are led to an impetuous, physically-skilled, teenage nobleman's daughter, who is at a crossroads in her life.",7.8686,2000-07-06,"Crouching Tiger, Hidden Dragon",7.436,3527,"['Adventure', 'Drama', 'Action', 'Romance']"
False,12405,en,Slumdog Millionaire,"A teenager reflects on his life after being accused of cheating on the Indian version of ""Who Wants to be a Millionaire?"".",7.3846,2008-11-12,Slumdog Millionaire,7.731,11251,"['Drama', 'Romance']"
False,5255,en,The Polar Express,"When a doubting young boy takes an extraordinary train ride to the North Pole, he embarks on a journey of self-discovery that shows him that the wonder of life never fades for those who believe.",9.8468,2004-11-10,The Polar Express,6.724,6839,"['Animation', 'Family', 'Fantasy', 'Adventure']"
False,353486,en,Jumanji: Welcome to the Jungle,"Four teenagers in detention discover an old video game console with a game they’ve never heard of. When they decide to play, they are immediately sucked into the jungle world of Jumanji in the bodies of their avatars. They’ll have to complete the adventure of their lives filled with fun, thrills and danger or be stuck in the game forever!",7.7258,2017-12-09,Jumanji: Welcome to the Jungle,6.817,14395,"['Adventure', 'Comedy', 'Fantasy', 'Action']"
False,50544,en,Friends with Benefits,Dylan is done with relationships. Jamie decides to stop buying into the Hollywood clichés of true love. When the two become friends they decide to try something new and take advantage of their mutual attraction - but without any emotional attachment.,9.2657,2011-07-21,Friends with Benefits,6.644,8350,"['Romance', 'Comedy']"
False,13448,en,Angels & Demons,"Harvard symbologist Robert Langdon is recruited by the Vatican to investigate the apparent return of the Illuminati – a secret, underground organization – after four cardinals are kidnapped on the night of the papal conclave.",10.1276,2009-04-20,Angels & Demons,6.718,7270,"['Thriller', 'Mystery']"
False,215,en,Saw II,"The chilling and relentless Jigsaw killer returns to terrorize the city once again. When a gruesome murder victim emerges with unmistakable traces of Jigsaw's sinister methods, Detective Eric Matthews is thrust into a high-stakes investigation. To his surprise, apprehending Jigsaw seems almost too easy, but what he doesn't realize is that being caught is merely another piece of Jigsaw's intricate puzzle.",9.8794,2005-10-28,Saw II,6.607,5820,['Horror']
False,1356039,es,Contraataque,"When a hostage rescue mission creates a new enemy, Capt. Guerrero and his elite soldiers must face an ambush by a criminal group.",8.7141,2025-02-27,Counterattack,8.2,803,"['Action', 'Adventure', 'Thriller']"
False,1461254,ko,살목지,"An incident unfolds when a film crew goes to a reservoir to update the road view where an unidentified figure was filmed, and they encounter something in the dark, deep waters.",9.4269,2026-04-08,Salmokji: Whispering Water,0.0,0,['Horror']
False,2024,en,The Patriot,"After proving himself on the field of battle in the French and Indian War, Benjamin Martin wants nothing more to do with such things, preferring the simple life of a farmer. But when his son Gabriel enlists in the army to defend their new nation, America, against the British, Benjamin reluctantly returns to his old life to protect his son.",9.422,2000-06-28,The Patriot,7.183,4259,"['Drama', 'History', 'War', 'Action']"
False,1360829,ja,ヴァージン・パンク Clockwork Girl,"In an unforgiving world, Ubu Kamigori hunts criminals as a bounty hunter. But one day, waiting in her home is the man she shares a sordid history with—Mr. Elegance. And so, her destiny begins to unravel.",9.8875,2025-06-27,VIRGIN PUNK Clockwork Girl,7.0,6,"['Animation', 'Action', 'Science Fiction']"
False,1194963,ko,노이즈,"Ju-young is a young woman with a hearing impediment who decides to investigate her sister's inexplicable disappearance, last seen in her apartment. Feeling more and more cornered, Ju-young begins to hear strange sounds and sense an evil presence in the apartment.",9.8742,2025-06-25,Noise,6.7,66,"['Horror', 'Thriller']"
False,315837,en,Ghost in the Shell,"In the near future, Major is the first of her kind: a human saved from a terrible crash, then cyber-enhanced to be a perfect soldier devoted to stopping the world's most dangerous criminals.",9.2403,2017-03-29,Ghost in the Shell,6.105,8509,"['Science Fiction', 'Drama', 'Action']"
False,369885,en,Allied,"In 1942, an intelligence officer in North Africa encounters a female French Resistance fighter on a deadly mission behind enemy lines. When they reunite in London, their relationship is tested by the pressures of war.",9.0222,2016-11-23,Allied,6.803,4773,"['Action', 'Drama', 'War', 'Romance', 'Thriller']"
False,6466,en,Freddy vs. Jason,"Freddy Krueger and Jason Voorhees return to terrorize the teenagers of Elm Street. Only this time, they're out to get each other, too.",8.8147,2003-08-15,Freddy vs. Jason,6.082,2807,['Horror']
False,11362,en,The Count of Monte Cristo,"Edmond Dantés's life and plans to marry the beautiful Mercedes are shattered when his best friend, Fernand, deceives him. After spending 13 miserable years in prison, Dantés escapes with the help of a fellow inmate and plots his revenge, cleverly insinuating himself into the French nobility.",9.6119,2002-01-23,The Count of Monte Cristo,7.673,1995,"['Adventure', 'Drama', 'History', 'Action', 'Thriller']"
False,11104,cn,重慶森林,"Two melancholic Hong Kong policemen fall in love: one with a mysterious underworld figure, the other with a beautiful and ethereal server at a late-night restaurant.",8.3865,1994-07-14,Chungking Express,8.0,2160,"['Drama', 'Comedy', 'Romance']"
False,11653,zh,神話,"When a fellow scientist asks for Jack's help in locating the mausoleum of China's first emperor, the past collides violently with the present as Jack discovers his amazing visions are based in fact.",6.8665,2005-05-11,The Myth,6.409,414,"['Action', 'Adventure', 'Comedy', 'Drama', 'Fantasy']"
False,11104,cn,重慶森林,"Two melancholic Hong Kong policemen fall in love: one with a mysterious underworld figure, the other with a beautiful and ethereal server at a late-night restaurant.",8.3865,1994-07-14,Chungking Express,8.0,2160,"['Drama', 'Comedy', 'Romance']"
False,11653,zh,神話,"When a fellow scientist asks for Jack's help in locating the mausoleum of China's first emperor, the past collides violently with the present as Jack discovers his amazing visions are based in fact.",6.8665,2005-05-11,The Myth,6.409,414,"['Action', 'Adventure', 'Comedy', 'Drama', 'Fantasy']"
False,620249,zh,罗小黑战记,"When cat spirit Luo Xiaohei's home is deforested by humans, he must find a new one. He runs into a group of other spirit creatures who take him under their wing with dreams of reconquering the land they say is rightfully theirs. However, they run into a human known as Wuxian who separates Luo Xiaohei from the other spirits and the two go on a journey, with the cat spirit learning to control his abilities as well as forming his own thoughts on whether or not he should ally with the spirits or the humans.",8.6008,2019-08-27,The Legend of Hei,8.301,449,"['Animation', 'Fantasy', 'Action']"
False,22244,en,Society,Bill Whitney is worried that he is different to his sister and parents. They mix with other upper-class people while Bill is more down to earth. Even his girlfriend seems a bit odd. All is revealed when Bill returns home to find a party in full swing.,8.2535,1989-05-13,Society,6.687,619,"['Comedy', 'Horror', 'Mystery']"
False,1137350,en,The Phoenician Scheme,"Wealthy businessman Zsa-zsa Korda appoints his only daughter, a nun, as sole heir to his estate. As Korda embarks on a new enterprise, they soon become the target of scheming tycoons, foreign terrorists, and determined assassins.",9.7248,2025-05-23,The Phoenician Scheme,6.512,874,"['Comedy', 'Adventure', 'Crime']"
False,881,en,A Few Good Men,"When cocky military lawyer Lt. Daniel Kaffee and his co-counsel, Lt. Cmdr. JoAnne Galloway, are assigned to a murder case, they uncover a hazing ritual that could implicate high-ranking officials such as shady Col. Nathan Jessep.",8.0121,1992-12-11,A Few Good Men,7.542,4101,['Drama']
False,467244,en,The Zone of Interest,"The commandant of Auschwitz, Rudolf Höss, and his wife Hedwig, strive to build a dream life for their family in a house and garden next to the camp.",9.5287,2023-12-15,The Zone of Interest,7.013,2555,"['Drama', 'History']"
False,802,en,Lolita,"Humbert Humbert is a middle-aged British novelist who is both appalled by and attracted to the vulgarity of American culture. When he comes to stay at the boarding house run by Charlotte Haze, he soon becomes obsessed with Lolita, the woman's teenaged daughter.",10.0125,1962-06-13,Lolita,7.308,2229,"['Drama', 'Comedy']"
False,9919,en,How to Lose a Guy in 10 Days,"It's the battle of wills, as Andie needs to prove she can dump a guy in 10 days, whereas Ben needs to prove he can win a girl in 10 days. Now, the clock is ticking—and the wildly entertaining comedy smash is off and running in this irresistible tale of sex, lies and outrageous romantic fireworks!",9.8157,2003-02-07,How to Lose a Guy in 10 Days,6.862,4425,"['Comedy', 'Romance']"
False,718789,en,Lightyear,Legendary Space Ranger Buzz Lightyear embarks on an intergalactic adventure alongside a group of ambitious recruits and his robot companion Sox.,8.3245,2022-06-15,Lightyear,6.879,3755,"['Animation', 'Science Fiction', 'Family', 'Adventure']"
False,1032823,en,Trap,"A father and teen daughter attend a pop concert, where they realize they're at the center of a dark and sinister event.",9.7247,2024-07-31,Trap,6.239,2768,"['Crime', 'Horror', 'Thriller']"
False,747,en,Shaun of the Dead,"Shaun lives a supremely uneventful life, which revolves around his girlfriend, his mother, and, above all, his local pub. This gentle routine is threatened when the dead return to life and make strenuous attempts to snack on ordinary Londoners.",10.8003,2004-04-09,Shaun of the Dead,7.541,9257,"['Horror', 'Comedy']"
False,81,ja,風の谷のナウシカ,"After a global war, the seaside kingdom known as the Valley of the Wind remains one of the last strongholds on Earth untouched by a poisonous jungle and the powerful insects that guard it. Led by the courageous Princess Nausicaä, the people of the Valley engage in an epic struggle to restore the bond between humanity and Earth.",8.2734,1984-03-11,Nausicaä of the Valley of the Wind,7.949,4034,"['Adventure', 'Animation', 'Fantasy']"
False,1099639,ko,50대 묵은지 장모님의 유혹,"A young couple, Wan-jin and So-hee, are living with Wan-jin's single father, Seok-bong. Seok-bong was preying on his daughter-in-law, who was doing the housework and preparing meals for him while her husband was away at work. He pretended to have dementia and attacked her. So-hee, who was suffering from her shame, suggested to Wan-jin to hire his father a caregiver, saying that his father seemed to be suffering from dementia, and so Bok-ja, a sexy and voluptuous caregiver who was about Seok-bong's age, came in. Seok-bong is captivated by Bok-ja's passionate charm and soon begins to share his love with her, and in this way, she takes the place of Wan-jin's new mother.",6.3093,2023-02-03,The Temptation of the Mature 50s Mother-in-law,8.1,6,"['Romance', 'Drama']"
False,49049,en,Dredd,"In the future, America is a dystopian wasteland. The latest scourge is Ma-Ma, a prostitute-turned-drug pusher with a dangerous new drug and aims to take over the city. The only possibility of stopping her is an elite group of urban police called Judges, who combine the duties of judge, jury and executioner to deliver a brutal brand of swift justice. But even the top-ranking Judge, Dredd, discovers that taking down Ma-Ma isn’t as easy as it seems in this explosive adaptation of the hugely popular comic series.",9.0473,2012-09-07,Dredd,6.86,5481,"['Action', 'Science Fiction']"
False,54138,en,Star Trek Into Darkness,"When the crew of the Enterprise is called back home, they find an unstoppable force of terror from within their own organization has detonated the fleet and everything it stands for, leaving our world in a state of crisis.  With a personal score to settle, Captain Kirk leads a manhunt to a war-zone world to capture a one man weapon of mass destruction. As our heroes are propelled into an epic chess game of life and death, love will be challenged, friendships will be torn apart, and sacrifices must be made for the only family Kirk has left: his crew.",10.0534,2013-05-05,Star Trek Into Darkness,7.318,9593,"['Action', 'Adventure', 'Science Fiction']"
False,660982,en,American Pie Presents: Girls' Rules,"It's Senior year at East Great Falls. Annie, Kayla, Michelle, and Stephanie decide to harness their girl power and band together to get what they want their last year of high school.",9.7315,2020-10-06,American Pie Presents: Girls' Rules,6.1,704,['Comedy']
False,1581,en,The Holiday,"Two women, one American and one British, swap homes at Christmastime following bad breakups. Each woman finds romance with a local man but realizes that the imminent return home may end the relationship.",8.4948,2006-12-05,The Holiday,7.1,5599,"['Comedy', 'Romance']"
False,2454,en,The Chronicles of Narnia: Prince Caspian,"One year after their incredible adventures in the Lion, the Witch and the Wardrobe, Peter, Edmund, Lucy and Susan Pevensie return to Narnia to aid a young prince whose life has been threatened by the evil King Miraz. Now, with the help of a colorful cast of new characters, including Trufflehunter the badger and Nikabrik the dwarf, the Pevensie clan embarks on an incredible quest to ensure that Narnia is returned to its rightful heir.",9.2323,2008-05-15,The Chronicles of Narnia: Prince Caspian,6.629,6724,"['Adventure', 'Family', 'Fantasy']"
False,24402,fr,Emmanuelle,An employee at the French Embassy in Bangkok invites his wife to join him – and enjoy the benefits of their open marriage.,7.8365,1974-06-25,Emmanuelle,5.957,809,"['Drama', 'Romance']"
False,8413,en,Event Horizon,"In 2047, a group of astronauts are sent to investigate and salvage the starship Event Horizon which disappeared mysteriously seven years before on its maiden voyage. However, it soon becomes evident that something sinister resides in its corridors.",6.3135,1997-08-15,Event Horizon,6.575,3234,"['Horror', 'Science Fiction', 'Mystery']"
False,1241921,en,A Big Bold Beautiful Journey,"Sarah and David are single strangers who meet at a mutual friend’s wedding and soon, through a surprising twist of fate, find themselves on a funny, fantastical, sweeping adventure together where they get to re-live important moments from their respective pasts, illuminating how they got to where they are in the present... and possibly getting a chance to alter their futures.",9.6432,2025-09-17,A Big Bold Beautiful Journey,6.223,363,"['Romance', 'Fantasy', 'Drama']"
False,75,en,Mars Attacks!,"A fleet of Martian spacecraft surrounds the world's major cities and all of humanity waits to see if the extraterrestrial visitors have, as they claim, ""come in peace."" U.S. President James Dale receives assurance from science professor Donald Kessler that the Martians' mission is a friendly one. But when a peaceful exchange ends in the total annihilation of the U.S. Congress, military men call for a full-scale nuclear retaliation.",9.1523,1996-12-13,Mars Attacks!,6.421,5837,"['Comedy', 'Fantasy', 'Science Fiction']"
False,259693,en,The Conjuring 2,Lorraine and Ed Warren travel to north London to help a single mother raising four children alone in a house plagued by malicious spirits.,13.7335,2016-06-08,The Conjuring 2,7.292,9111,['Horror']
False,153,en,Lost in Translation,"Two lost souls visiting Tokyo -- the young, neglected wife of a photographer and a washed-up movie star shooting a TV commercial -- find an odd solace and pensive freedom to be real in each other's company, away from their lives in America.",9.8925,2003-09-18,Lost in Translation,7.381,8019,"['Drama', 'Comedy', 'Romance']"
False,70345,en,Sssssss,"David, a college student, is looking for a job. He is hired by Dr. Stoner as a lab assistant for his research and experiments on snakes. David also begins to fall for Stoner's young daughter, Kristina. However, the good doctor has secretly brewed up a serum that can transform any man into a King Cobra snake-and he plans to use it on David.",7.9591,1973-07-06,Sssssss,5.1,109,"['Horror', 'Science Fiction']"
False,2668,en,Sleepy Hollow,"Skeptical young detective Ichabod Crane gets transferred to the hamlet of Sleepy Hollow, New York, where he is tasked with investigating the decapitations of three people – murders the townsfolk attribute to a legendary specter, The Headless Horseman.",9.2592,1999-11-19,Sleepy Hollow,7.188,7308,"['Fantasy', 'Thriller', 'Mystery', 'Horror']"
False,284,en,The Apartment,"Bud Baxter is a minor clerk in a huge New York insurance company, until he discovers a quick way to climb the corporate ladder. He lends out his apartment to the executives as a place to take their mistresses. Although he often has to deal with the aftermath of their visits, one night he's left with a major problem to solve.",8.2308,1960-06-21,The Apartment,8.2,2615,"['Comedy', 'Drama', 'Romance']"
False,409282,ko,타부: 새누나,A movie about sexual love in which a woman gets remarried thinking of a new life but she schemes with her boyfriend to rip off her new family.,6.1194,2016-06-16,Taboo - New Sister,7.5,4,"['Romance', 'Drama', 'Thriller']"
False,107846,en,Escape Plan,"Ray Breslin is the world's foremost authority on structural security. After analyzing every high security prison and learning a vast array of survival skills so he can design escape-proof prisons, his skills are put to the test. He's framed and incarcerated in a master prison he designed himself. He needs to escape and find the person who put him behind bars.",9.4141,2013-10-09,Escape Plan,6.721,5545,"['Action', 'Thriller']"
False,16866,en,Planet 51,"When Earth astronaut Capt. Chuck Baker arrives on Planet 51 -- a world reminiscent of American suburbia circa 1950 -- he tries to avoid capture, recover his spaceship and make it home safely, all with the help of an empathetic little green being.",8.6617,2009-11-19,Planet 51,5.886,2146,"['Animation', 'Family', 'Comedy', 'Science Fiction', 'Adventure']"
False,820067,ja,映画 五等分の花嫁,"When five lovely young girls who hate studying hire part-time tutor Futaro, he guides not only their education but also their hearts. Time spent has brought them all closer, with feelings growing within the girls and Futaro. As they finish their third year of high school and their last school festival approaches, they set their sights on what’s next. Is there a future with one of them and Futaro?",8.4048,2022-05-20,The Quintessential Quintuplets Movie,8.299,436,"['Animation', 'Comedy', 'Romance']"
False,2907,en,The Addams Family,"When a man claiming to be long-lost Uncle Fester reappears after 25 years lost, the family plans a celebration to wake the dead. But the kids barely have time to warm up the electric chair before Morticia begins to suspect Fester is fraud when he can't recall any of the details of Fester's life.",9.0719,1991-11-22,The Addams Family,7.066,5007,"['Comedy', 'Fantasy']"
False,764,en,The Evil Dead,"In 1979, a group of college students find a Sumerian Book of the Dead in an old wilderness cabin they've rented for a weekend getaway.",10.5387,1981-10-15,The Evil Dead,7.3,4422,['Horror']
False,23823,en,Wrong Turn 3: Left for Dead,"A group of people find themselves trapped in the backwoods of West Virginia, fighting for their lives against a group of vicious and horribly disfigured inbred cannibals.",8.3297,2009-10-08,Wrong Turn 3: Left for Dead,5.696,1260,"['Horror', 'Thriller']"
False,530915,en,1917,"At the height of the First World War, two young British soldiers must cross enemy territory and deliver a message that will stop a deadly attack on hundreds of soldiers.",12.1803,2019-12-25,1917,7.987,13437,"['War', 'History', 'Drama']"
False,446893,en,Trolls World Tour,"Queen Poppy and Branch make a surprising discovery — there are other Troll worlds beyond their own, and their distinct differences create big clashes between these various tribes. When a mysterious threat puts all of the Trolls across the land in danger, Poppy, Branch, and their band of friends must embark on an epic quest to create harmony among the feuding Trolls to unite them against certain doom.",9.2488,2020-03-11,Trolls World Tour,7.239,2257,"['Family', 'Animation', 'Comedy', 'Fantasy', 'Adventure', 'Music']"
False,315011,ja,シン・ゴジラ,"When a massive, gilled monster emerges from the deep and tears through the city, the government scrambles to save its citizens.  A rag-tag team of volunteers cuts through a web of red tape to uncover the monster's weakness and its mysterious ties to a foreign superpower.  But time is not on their side - the greatest catastrophe to ever befall the world is about to evolve right before their very eyes.",7.768,2016-07-29,Shin Godzilla,7.216,1540,"['Action', 'Science Fiction', 'Horror']"
False,297,en,Meet Joe Black,"Bill Parrish has it all - success, wealth and power. Days before his 65th birthday, he receives a visit from a mysterious stranger, Joe Black, who soon reveals himself as Death. In exchange for extra time, Bill agrees to serve as Joe's earthly guide. But will he regret his choice when Joe unexpectedly falls in love with Bill's beautiful daughter Susan?",12.7718,1998-11-12,Meet Joe Black,7.357,5689,"['Fantasy', 'Drama', 'Romance']"
False,4588,zh,色‧戒,"During World War II, a secret agent must seduce and assassinate an official who works for the Japanese puppet government in Shanghai.",10.4242,2007-09-24,"Lust, Caution",7.262,791,"['Action', 'Drama', 'Romance', 'Thriller']"
False,581528,ko,악인전,"After barely surviving a brutal attack by a sadistic serial killer, crime boss Jang Dong-su is left humiliated. Determined to catch the killer known as K, he forms an uneasy alliance with Jung Tae-seok, a relentless and incorruptible detective who often disrupts his illegal business. However, while Jang Dong-su wants K dead, Jung Tae-suk is determined to bring him to justice. With a deal in place—whoever finds K first will decide his fate—the hunt begins, blurring the lines between crime and law.",8.2025,2019-05-15,"The Gangster, the Cop, the Devil",7.842,1433,"['Action', 'Crime', 'Thriller']"
False,1084736,fr,Le Comte de Monte-Cristo,"Edmond Dantès becomes the target of a sinister plot and is arrested on his wedding day for a crime he did not commit. After 14 years in the island prison of Château d’If, he manages a daring escape. Now rich beyond his dreams, he assumes the identity of the Count of Monte-Cristo and exacts his revenge on the three men who betrayed him.",9.2661,2024-06-28,The Count of Monte Cristo,7.914,1992,"['Adventure', 'Action', 'Drama']"
False,13053,en,Bolt,"Bolt is the star of the biggest show in Hollywood. The only problem is, he thinks it's real. After he's accidentally shipped to New York City and separated from Penny, his beloved co-star and owner, Bolt must harness all his ""super powers"" to find a way home.",9.5441,2008-11-21,Bolt,6.5,6454,"['Animation', 'Family', 'Adventure', 'Comedy']"
False,5689,en,The Blue Lagoon,"Two small children and a ship's cook survive a shipwreck and find safety on an idyllic tropical island. Soon, however, the cook dies and the young boy and girl are left on their own. Days become years and Emmeline and Richard make a home for themselves surrounded by exotic creatures and nature's beauty. But will they ever see civilization again?",9.8283,1980-07-05,The Blue Lagoon,6.145,2001,"['Adventure', 'Drama', 'Romance']"
False,1127166,it,Fabbricante di lacrime,"Adopted together after a tough childhood in an orphanage, Nica and Rigel realize that unexpected but irresistible feelings pull them together.",7.084,2024-04-03,The Tearsmith,6.498,958,"['Romance', 'Drama']"
False,1034716,en,People We Meet on Vacation,"Poppy's a free spirit. Alex loves a plan. After years of summer vacations, these polar-opposite pals wonder if they could be a perfect romantic match.",11.8609,2026-01-06,People We Meet on Vacation,6.983,557,"['Comedy', 'Romance', 'Drama']"
False,172385,en,Rio 2,"It's a jungle out there for Blu, Jewel and their three kids after they're hurtled from Rio de Janeiro to the wilds of the Amazon. As Blu tries to fit in, he goes beak-to-beak with the vengeful Nigel, and meets the most fearsome adversary of all: his father-in-law.",8.9524,2014-03-19,Rio 2,6.5,3727,"['Animation', 'Adventure', 'Comedy', 'Family']"
False,34813,en,The Losers,"On a mission deep in the Bolivian jungle, a team of elite commandos finds itself on the receiving end of a lethal betrayal. Now presumed dead, the men join forces with a mysterious operative named Aisha to hunt down their enemy and even the score.",8.7795,2010-04-23,The Losers,6.258,1959,"['Action', 'Adventure', 'Crime', 'Mystery', 'Thriller']"
False,363088,en,Ant-Man and the Wasp,"Just when his time under house arrest is about to end, Scott Lang once again puts his freedom at risk to help Hope van Dyne and Dr. Hank Pym dive into the quantum realm and try to accomplish, against time and any chance of success, a very dangerous rescue mission.",9.0996,2018-07-04,Ant-Man and the Wasp,6.9,14094,"['Action', 'Adventure', 'Science Fiction']"
False,505026,en,Death on the Nile,Belgian sleuth Hercule Poirot's Egyptian vacation aboard a glamorous river steamer turns into a terrifying search for a murderer when a picture-perfect couple's idyllic honeymoon is tragically cut short.,9.2793,2022-02-09,Death on the Nile,6.415,4142,"['Mystery', 'Crime', 'Thriller']"
False,10140,en,The Chronicles of Narnia: The Voyage of the Dawn Treader,"This time around Edmund and Lucy Pevensie, along with their pesky cousin Eustace Scrubb find themselves swallowed into a painting and on to a fantastic Narnian ship headed for the very edges of the world.",9.6568,2010-12-02,The Chronicles of Narnia: The Voyage of the Dawn Treader,6.441,5864,"['Adventure', 'Family', 'Fantasy']"
False,930564,en,Saltburn,"Struggling to find his place at Oxford University, student Oliver Quick finds himself drawn into the world of the charming and aristocratic Felix Catton, who invites him to Saltburn, his eccentric family's sprawling estate, for a summer never to be forgotten.",10.0788,2023-11-16,Saltburn,6.957,2876,"['Drama', 'Comedy', 'Thriller']"
False,455207,en,Crazy Rich Asians,"An American-born Chinese economics professor accompanies her boyfriend to Singapore for his best friend's wedding, only to get thrust into the lives of Asia's rich and famous.",8.3884,2018-08-15,Crazy Rich Asians,7.052,3939,"['Comedy', 'Romance']"
False,76163,en,The Expendables 2,"Mr. Church reunites the Expendables for what should be an easy paycheck, but when one of their men is murdered on the job, their quest for revenge puts them deep in enemy territory and up against an unexpected threat.",9.6211,2012-08-08,The Expendables 2,6.354,7129,"['Action', 'Adventure', 'Thriller']"
False,605,en,The Matrix Revolutions,The human city of Zion defends itself against the massive invasion of the machines as Neo fights to end the war at another front while also opposing the rogue Agent Smith.,12.8243,2003-11-05,The Matrix Revolutions,6.749,10717,"['Adventure', 'Action', 'Thriller', 'Science Fiction']"
False,1140498,en,Is This Thing On?,"As their marriage quietly unravels, Alex faces middle age and an impending divorce, seeking new purpose in the New York comedy scene while Tess confronts the sacrifices she made for their family—forcing them to navigate co-parenting, identity, and whether love can take a new form.",7.8699,2025-12-19,Is This Thing On?,6.52,126,"['Comedy', 'Drama']"
False,2666,en,Dark City,"A man struggles with memories of his past, including a wife he cannot remember, in a nightmarish world with no sun and run by beings with telekinetic powers who seek the souls of humans.",9.2193,1998-02-27,Dark City,7.337,3160,"['Mystery', 'Science Fiction']"
False,969492,en,Land of Bad,"When a Delta Force special ops mission goes terribly wrong, Air Force drone pilot Reaper has 48 hours to remedy what has devolved into a wild rescue operation. With no weapons and no communication other than the drone above, the ground mission suddenly becomes a full-scale battle when the team is discovered by the enemy.",8.9972,2024-02-09,Land of Bad,7.253,1446,"['Action', 'War', 'Thriller']"
False,1140498,en,Is This Thing On?,"As their marriage quietly unravels, Alex faces middle age and an impending divorce, seeking new purpose in the New York comedy scene while Tess confronts the sacrifices she made for their family—forcing them to navigate co-parenting, identity, and whether love can take a new form.",7.8699,2025-12-19,Is This Thing On?,6.52,126,"['Comedy', 'Drama']"
False,2666,en,Dark City,"A man struggles with memories of his past, including a wife he cannot remember, in a nightmarish world with no sun and run by beings with telekinetic powers who seek the souls of humans.",9.2193,1998-02-27,Dark City,7.337,3160,"['Mystery', 'Science Fiction']"
False,969492,en,Land of Bad,"When a Delta Force special ops mission goes terribly wrong, Air Force drone pilot Reaper has 48 hours to remedy what has devolved into a wild rescue operation. With no weapons and no communication other than the drone above, the ground mission suddenly becomes a full-scale battle when the team is discovered by the enemy.",8.9972,2024-02-09,Land of Bad,7.253,1446,"['Action', 'War', 'Thriller']"
False,338803,ko,간신,"The story of Joseon's tyrant king Yeonsan who exploits the populace for his own carnal pleasures, his seemingly loyal retainer who controls him and all court dealings, and a woman who seeks vengeance.",8.7224,2015-05-21,The Treacherous,6.1,89,"['Drama', 'History', 'Crime']"
False,66195,en,The Perfect Host,"Warwick Wilson is the consummate host. He carefully prepares for a dinner party, the table impeccably set and the duck perfectly timed for 8:30 p.m. John Taylor is a career criminal. He’s just robbed a bank and needs to get off the streets. He finds himself on Warwick’s doorstep posing as a friend of a friend, new to Los Angeles, who’s been mugged and lost his luggage.",6.4173,2010-07-01,The Perfect Host,6.43,466,"['Comedy', 'Thriller', 'Crime']"
False,793,en,Blue Velvet,"The discovery of a severed human ear found in a field leads a young man on an investigation related to a beautiful, mysterious nightclub singer and a group of psychopathic criminals who have kidnapped her child.",9.3341,1986-09-19,Blue Velvet,7.608,3791,"['Mystery', 'Thriller', 'Crime']"
False,9355,en,Mad Max Beyond Thunderdome,"Mad Max becomes a pawn in a decadent oasis of a technological society, and when exiled, becomes the deliverer of a colony of children.",9.5951,1985-06-29,Mad Max Beyond Thunderdome,6.22,3236,"['Action', 'Adventure', 'Science Fiction']"
False,579974,te,రౌద్రం రణం రుధిరం,A fictional history of two legendary revolutionaries' journey away from home before they began fighting for their country in the 1920s.,8.0079,2022-03-24,RRR,7.714,1571,"['Action', 'Adventure', 'Drama']"
False,698687,en,Transformers One,"The untold origin story of Optimus Prime and Megatron, better known as sworn enemies, but once were friends bonded like brothers who changed the fate of Cybertron forever.",12.9261,2024-09-11,Transformers One,7.972,1580,"['Animation', 'Science Fiction', 'Adventure', 'Family']"
False,1267319,ko,사마귀,"The secret society of contract killers falls into chaos, unleashing a new breed of assassins. With old rules in ruins, who dares claim the shadows?",10.9037,2025-09-25,Mantis,6.331,160,"['Action', 'Crime', 'Thriller']"
False,1376434,en,Predator: Killer of Killers,"While three of the fiercest warriors in human history—a Viking raider, a ninja in feudal Japan, and a WWII pilot—are killers in their own right, they are merely prey for their new opponent: the ultimate killer of killers.",8.5069,2025-06-05,Predator: Killer of Killers,7.798,1151,"['Animation', 'Action', 'Science Fiction', 'Thriller']"
False,9802,en,The Rock,"When vengeful General Francis X. Hummel seizes control of Alcatraz Island and threatens to launch missiles loaded with deadly chemical weapons into San Francisco, only a young FBI chemical weapons expert and notorious Federal prisoner have the skills to penetrate the impregnable island fortress and take him down.",10.9238,1996-06-07,The Rock,7.141,5151,"['Action', 'Adventure', 'Thriller']"
False,2649,en,The Game,"In honor of his birthday, San Francisco banker Nicholas Van Orton, a financial genius and a cold-hearted loner, receives an unusual present from his younger brother, Conrad: a gift certificate to play a unique kind of game. In nary a nanosecond, Nicholas finds himself consumed by a dangerous set of ever-changing rules, unable to distinguish where the charade ends and reality begins.",10.7617,1997-09-12,The Game,7.57,7257,"['Drama', 'Thriller', 'Mystery']"
False,82507,en,Sinister,"True-crime writer Ellison Oswalt is in a slump; he hasn't had a best seller in more than 10 years and is becoming increasingly desperate for a hit. So, when he discovers the existence of a snuff film showing the deaths of a family, he vows to solve the mystery. He moves his own family into the victims' home and gets to work. However, when old film footage and other clues hint at the presence of a supernatural force, Ellison learns that living in the house may be fatal.",9.3403,2012-03-29,Sinister,6.873,5983,"['Horror', 'Thriller', 'Mystery']"
False,663712,en,Terrifier 2,"A year after the Miles County massacre, Art the Clown is resurrected by a sinister entity. Art returns home, where he must hunt down and destroy teenage Sienna and her younger brother Jonathan on Halloween. As the body count rises, the siblings fight to stay alive while uncovering the true nature of Art's evil intent.",9.1088,2022-10-06,Terrifier 2,6.672,2459,['Horror']
False,9757,en,Norbit,"A mild-mannered guy who is engaged to a monstrous woman meets the woman of his dreams, and schemes to find a way to be with her.",9.8582,2007-02-08,Norbit,5.668,2570,['Comedy']
False,6075,en,Carlito's Way,"Free after years in prison, Carlito Brigante intends to give up his criminal ways, but it's not long before the ex-con is sucked back into the New York City underworld.",8.4366,1993-11-10,Carlito's Way,7.831,3432,"['Crime', 'Drama', 'Thriller']"
False,1140535,en,Presence,"A couple and their children move into a seemingly normal suburban home. When strange events occur, they begin to believe there is something else in the house with them. The presence is about to disrupt their lives in unimaginable ways.",8.9318,2025-01-17,Presence,6.121,715,"['Drama', 'Horror', 'Thriller']"
False,795514,en,The Fallout,"In the wake of a school tragedy, Vada, Mia and Quinton form a unique and dynamic bond as they navigate the never linear, often confusing journey to heal in a world that feels forever changed.",8.8851,2021-03-17,The Fallout,7.512,1294,['Drama']
False,11770,cn,少林足球,A young Shaolin follower reunites with his discouraged brothers to form a soccer team using their martial art skills to their advantage.,11.7665,2001-07-05,Shaolin Soccer,7.149,2499,"['Action', 'Comedy']"
False,1232546,en,Until Dawn,"One year after her sister Melanie mysteriously disappeared, Clover and her friends head into the remote valley where she vanished in search of answers. Exploring an abandoned visitor center, they find themselves stalked by a masked killer and horrifically murdered one by one...only to wake up and find themselves back at the beginning of the same evening.",12.3858,2025-04-23,Until Dawn,6.305,1357,"['Horror', 'Mystery']"
False,9475,en,Scent of a Woman,"Charlie Simms is a student at a private preparatory school who comes from a poor family. To earn the money for his flight home to Gresham, Oregon for Christmas, Charlie takes a job over Thanksgiving looking after retired U.S. Army officer Lieutenant Colonel Frank Slade, a cantankerous middle-aged man who lives with his niece and her family.",8.5268,1992-12-23,Scent of a Woman,7.785,3894,['Drama']
False,117,en,The Untouchables,"Elliot Ness, an ambitious prohibition agent, is determined to take down Al Capone. In order to achieve this goal, he forms a group given the nickname “The Untouchables”.",8.6689,1987-06-03,The Untouchables,7.754,6126,"['Crime', 'History', 'Thriller']"
False,974262,en,Descendants: The Rise of Red,"After the Queen of Hearts incites a coup on Auradon, her rebellious daughter Red and Cinderella's perfectionist daughter Chloe join forces and travel back in time to try to undo the traumatic event that set Red's mother down her villainous path.",9.9684,2024-07-11,Descendants: The Rise of Red,6.72,470,"['Fantasy', 'Adventure', 'Family', 'Comedy']"
False,760329,en,The Smashing Machine,"In the late 1990s, up-and-coming mixed martial artist Mark Kerr aspires to become the greatest fighter in the world. However, he must also battle his opioid dependence and a volatile relationship with his girlfriend Dawn.",9.2771,2025-10-01,The Smashing Machine,6.462,541,"['Drama', 'History']"
False,33,en,Unforgiven,"William Munny is a retired, once-ruthless killer turned gentle widower and hog farmer. To help support his two motherless children, he accepts one last bounty-hunter mission to find the men who brutalized a prostitute. Joined by his former partner and a cocky greenhorn, he takes on a corrupt sheriff.",8.8175,1992-08-07,Unforgiven,7.908,4903,['Western']
False,1267,en,Meet the Robinsons,"Lewis, a brilliant young inventor, is keen on creating a time machine to find his mother, who abandoned him in an orphanage. Things take a turn when he meets Wilbur Robinson and his family.",8.9826,2007-03-23,Meet the Robinsons,6.933,3098,"['Animation', 'Comedy', 'Family', 'Science Fiction', 'Adventure']"
False,192,en,The Name of the Rose,"14th-century Franciscan monk William of Baskerville and his young novice arrive at a conference to find that several monks have been murdered under mysterious circumstances. To solve the crimes, William must rise up against the Church's authority and fight the shadowy conspiracy of monastery monks using only his intelligence; which is considerable.",8.6765,1986-09-24,The Name of the Rose,7.494,3292,"['Drama', 'Thriller', 'Mystery']"
False,76,en,Before Sunrise,"An unexpected meeting on a train leads two travelers to spend an evening wandering through Vienna. As the night unfolds, they share stories and conversations about life and love, exploring new ideas while a quiet intimacy grows between them, knowing it may be their only night together.",10.0506,1995-01-27,Before Sunrise,7.973,4628,"['Drama', 'Romance']"
False,1635,en,The Island,"In 2019, Lincoln Six-Echo is a resident of a seemingly ""Utopian"" but contained facility. Like all of the inhabitants of this carefully-controlled environment, Lincoln hopes to be chosen to go to The Island — reportedly the last uncontaminated location on the planet. But Lincoln soon discovers that everything about his existence is a lie.",9.1253,2005-07-21,The Island,6.69,5828,"['Action', 'Thriller', 'Science Fiction', 'Adventure']"
False,293863,en,The Age of Adaline,"After 29-year-old Adaline recovers from a nearly lethal accident, she inexplicably stops growing older. As the years stretch on and on, Adaline keeps her secret to herself  until she meets a man who changes her life.",9.3528,2015-04-16,The Age of Adaline,7.466,7061,"['Romance', 'Fantasy', 'Drama']"
False,60304,en,Hansel & Gretel: Witch Hunters,"After getting a taste for blood as children, Hansel and Gretel have become the ultimate vigilantes, hell-bent on retribution. Now, unbeknownst to them, Hansel and Gretel have become the hunted, and must face an evil far greater than witches... their past.",9.4091,2013-01-17,Hansel & Gretel: Witch Hunters,6.099,7056,"['Fantasy', 'Horror', 'Action']"
False,970347,en,The Killer,"Zee is a feared contract killer known as ""the Queen of the Dead,"" but when she refuses to murder a young blind woman, she finds herself hunted both by criminal colleagues and a determined police detective.",8.4737,2024-08-22,The Killer,6.245,529,"['Action', 'Thriller', 'Crime']"
False,310,en,Bruce Almighty,"Bruce Nolan toils as a ""human interest"" television reporter in Buffalo, NY, but despite his high ratings and the love of his beautiful girlfriend, Bruce remains unfulfilled. At the end of the worst day in his life, he angrily ridicules God — and the Almighty responds, endowing Bruce with all of His divine powers.",9.1238,2003-05-23,Bruce Almighty,6.724,11423,"['Fantasy', 'Comedy']"
False,476669,en,The King's Man,"As a collection of history's worst tyrants and criminal masterminds gather to plot a war to wipe out millions, one man must race against time to stop them.",9.0607,2021-12-22,The King's Man,6.712,5011,"['Action', 'Adventure', 'Thriller']"
False,6282,en,Coyote Ugly,"Graced with a velvet voice, 21-year-old Violet Sanford heads to New York to pursue her dream of becoming a songwriter only to find her aspirations sidelined by the accolades and notoriety she receives at her ""day"" job as a barmaid at Coyote Ugly. The ""Coyotes"" as they are affectionately called tantalize customers and the media alike with their outrageous antics, making Coyote Ugly the watering hole for guys on the prowl.",8.8064,2000-07-30,Coyote Ugly,6.263,2256,"['Comedy', 'Drama', 'Music', 'Romance']"
False,37169,en,The Human Centipede (First Sequence),"During a stopover in Germany in the middle of a carefree road trip through Europe, two American girls find themselves alone at night when their car breaks down in the woods. Searching for help at a nearby villa, they are wooed into the clutches of a deranged retired surgeon, who has a very disturbed vision.",8.0004,2009-10-31,The Human Centipede (First Sequence),5.186,2361,['Horror']
False,9348,en,Species,"In 1993, the Search for Extra Terrestrial Intelligence Project receives a transmission detailing an alien DNA structure, along with instructions on how to splice it with human DNA. The result is Sil, a sensual but deadly creature who can change from a beautiful woman to an armour-plated killing machine in the blink of an eye.",8.9226,1995-07-07,Species,5.977,1822,"['Science Fiction', 'Horror', 'Action']"
False,2502,en,The Bourne Supremacy,"A CIA operation to purchase classified Russian documents is blown by a rival agent, who then shows up in the sleepy seaside village where Bourne and Marie have been living. The pair run for their lives and Bourne, who promised retaliation should anyone from his former life attempt contact, is forced to once again take up his life as a trained assassin to survive.",10.199,2004-07-23,The Bourne Supremacy,7.327,8085,"['Action', 'Drama', 'Thriller']"
False,974576,en,Conclave,"After the unexpected death of the Pope, Cardinal Lawrence is tasked with managing the covert and ancient ritual of electing a new one. Sequestered in the Vatican with the Catholic Church’s most powerful leaders until the process is complete, Lawrence finds himself at the center of a conspiracy that could lead to its downfall.",10.6114,2024-10-25,Conclave,7.192,3328,"['Drama', 'Thriller']"
False,2758,en,Addams Family Values,"Siblings Wednesday and Pugsley Addams will stop at nothing to get rid of Pubert, the new baby boy adored by parents Gomez and Morticia. Things go from bad to worse when the new ""black widow"" nanny, Debbie Jellinsky, launches her plan to add Fester to her collection of dead husbands.",9.6435,1993-11-19,Addams Family Values,6.97,3284,"['Comedy', 'Family', 'Fantasy']"
False,1050035,ja,怪物,"After an outburst at school involving her son, a concerned single mother demands answers, triggering a sequence of deepening suspicion and turmoil.",8.756,2023-06-02,Monster,7.921,855,"['Mystery', 'Thriller', 'Drama']"
False,9453,it,Caligola,"After the death of the paranoid emperor Tiberius, Caligula, his heir, seizes power and plunges the empire into a bloody spiral of madness and depravity.",12.4749,1979-08-14,Caligula,6.0,971,"['Drama', 'History']"
False,46738,fr,Incendies,"A mother's last wishes send twins Jeanne and Simon on a journey to Middle East in search of their tangled roots. Adapted from Wajdi Mouawad's acclaimed play, Incendies tells the powerful and moving tale of two young adults' voyage to the core of deep-rooted hatred, never-ending wars and enduring love.",7.0045,2010-09-17,Incendies,8.101,3231,"['Drama', 'War', 'Mystery']"
False,724495,en,The Woman King,"The story of the Agojie, the all-female unit of warriors who protected the African Kingdom of Dahomey in the 1800s with skills and a fierceness unlike anything the world has ever seen, and General Nanisca as she trains the next generation of recruits and readies them for battle against an enemy determined to destroy their way of life.",9.0808,2022-09-16,The Woman King,7.611,2338,"['Action', 'Drama', 'History', 'War']"
False,605722,en,Long Distance,"After crash-landing on an alien planet, an asteroid miner must contend with the challenges of his new surroundings, while making his way across the harsh terrain to the only other survivor – a woman who is trapped in her escape pod.",9.397,2024-07-12,Long Distance,6.4,239,"['Science Fiction', 'Comedy', 'Action']"
False,744653,en,The Thursday Murder Club,A group of senior sleuths passionate about solving cold cases get plunged into a real-life murder mystery in this comic crime caper.,7.8365,2025-08-22,The Thursday Murder Club,6.588,968,"['Comedy', 'Mystery', 'Crime']"
False,949423,en,Pearl,"Trapped on her family’s isolated farm, Pearl must tend to her ailing father under the bitter and overbearing watch of her devout mother. Lusting for a glamorous life like she’s seen in the movies, Pearl’s ambitions, temptations, and repressions collide.",9.1347,2022-09-16,Pearl,7.2,2522,"['Horror', 'Thriller']"
False,82633,en,Lawless,"In 1931, the Bondurant brothers of Franklin County, Virginia, run a multipurpose backwoods establishment that hides their true business — bootlegging. Middle brother Forrest is the brain of the operation; older Howard is the brawn, and younger Jack, the lookout. Though the local police have taken bribes and left the brothers alone, a violent war erupts when a sadistic lawman from Chicago arrives and tries to shut down the Bondurants operation.",8.7504,2012-08-29,Lawless,7.07,3308,"['Crime', 'Drama', 'Western']"
False,2164,en,Stargate,"An interstellar teleportation device, found in Egypt, leads to a planet with humans resembling ancient Egyptians who worship the god Ra.",8.9094,1994-10-28,Stargate,7.012,3757,"['Action', 'Adventure', 'Science Fiction']"
False,87,en,Indiana Jones and the Temple of Doom,"After arriving in India, Indiana Jones is asked by a desperate village to find a mystical stone. He agrees – and stumbles upon a secret cult plotting a terrible plan in the catacombs of an ancient palace.",12.1748,1984-05-23,Indiana Jones and the Temple of Doom,7.307,10046,"['Adventure', 'Action']"
False,509,en,Notting Hill,London bookstore owner William Thacker's quiet life turns upside down when a chance encounter with famous actress Anna Scott sparks an unlikely romance challenged by their vastly different worlds.,8.5526,1999-05-21,Notting Hill,7.267,6672,"['Romance', 'Comedy']"
False,9291,en,The Longest Yard,"Disgraced pro football quarterback Paul Crewe lands in a Texas federal penitentiary, where manipulative Warden Hazen recruits him to advise the institution's football team of prison guards. Crewe suggests a tune-up game which lands him quarterbacking a crew of inmates in a game against the guards. Aided by incarcerated ex-NFL coach and player Nate Scarborough, Crewe and his team must overcome not only the bloodthirstiness of the opposition, but also the corrupt warden trying to fix the game against them.",10.196,2005-05-27,The Longest Yard,6.667,3643,"['Drama', 'Comedy', 'Crime']"
False,682507,en,Where the Crawdads Sing,"Abandoned by her family, Kya raises herself all alone in the marshes outside of her small town. When her former boyfriend is found dead, Kya is instantly branded by the local townspeople and law enforcement as the prime suspect for his murder.",8.5753,2022-07-14,Where the Crawdads Sing,7.529,2266,"['Drama', 'Mystery', 'Romance']"
False,1948,en,Crank,"Chev Chelios, a hit man wanting to go straight, lets his latest target slip away. Then he awakes the next morning to a phone call that informs him he has been poisoned and has only an hour to live unless he keeps adrenaline coursing through his body while he searches for an antidote.",8.9048,2006-08-31,Crank,6.652,4164,"['Action', 'Thriller', 'Crime']"
False,1403612,id,Timur,Follows the real-life international hostage crisis that took place in Mapenduma in 1996. The subsequent rescue operation was overseen by now-Indonesian President Prabowo Subianto.,7.3863,2025-12-18,Timur,4.8,4,"['Action', 'Drama', 'History', 'Thriller', 'War']"
False,394117,en,The Florida Project,"The story of a precocious six year-old and her ragtag group of friends whose summer break is filled with childhood wonder, possibility and a sense of adventure while the adults around them struggle with hard times.",9.2302,2017-10-06,The Florida Project,7.43,3069,['Drama']
False,2756,en,The Abyss,"A civilian oil rig crew is recruited to conduct a search and rescue effort when a nuclear submarine mysteriously sinks. One diver soon finds himself on a spectacular odyssey 25,000 feet below the ocean's surface where he confronts a mysterious force that has the power to change the world or destroy it.",9.1113,1989-08-09,The Abyss,7.344,3389,"['Adventure', 'Thriller', 'Science Fiction']"
False,1492341,en,Noah Kahan: Out of Body,"After rocketing to global fame, singer-songwriter Noah Kahan faces the pressure of making his next album and returns to his Vermont roots and family to get back in tune with himself.",6.9097,2026-03-16,Noah Kahan: Out of Body,8.667,3,"['Documentary', 'Music']"
False,896536,en,The Legend of Ochi,"In a remote village on the island of Carpathia, a shy farm girl named Yuri is raised to fear an elusive animal species known as ochi. But when Yuri discovers a wounded baby ochi has been left behind, she escapes on a quest to bring him home.",7.7569,2025-04-18,The Legend of Ochi,6.082,280,"['Family', 'Fantasy', 'Adventure']"
False,253,en,Live and Let Die,James Bond must investigate a mysterious murder case of a British agent in New Orleans. Soon he finds himself up against a gangster boss named Mr. Big.,8.7894,1973-06-27,Live and Let Die,6.505,2268,"['Adventure', 'Action', 'Thriller']"
False,8839,en,Casper,"Casper is a kind young ghost who peacefully haunts a mansion in Maine. When specialist James Harvey arrives to communicate with Casper and his fellow spirits, he brings along his teenage daughter, Kat. Casper quickly falls in love with Kat, but their budding relationship is complicated not only by his transparent state, but also by his troublemaking apparition uncles and their mischievous antics.",9.1693,1995-05-26,Casper,6.337,4891,"['Fantasy', 'Comedy', 'Family']"
False,6477,en,Alvin and the Chipmunks,"A struggling songwriter named Dave Seville finds success when he comes across a trio of singing chipmunks: mischievous leader Alvin, brainy Simon, and chubby, impressionable Theodore.",9.7152,2007-12-13,Alvin and the Chipmunks,5.834,4717,"['Comedy', 'Family', 'Fantasy', 'Animation']"
False,1662432,en,Finding Harry: The Craft Behind the Magic,"Featuring interviews from members of the casting, production design, costume design, and creature effects teams, follow the behind-the-scenes journey of bringing the Harry Potter books to the small screen. Find out how the new Golden Trio were found, and celebrate the commitment to detail of the artists, craftspeople, and technicians who have come together to bring the wizarding world to life.",9.6243,2026-04-05,Finding Harry: The Craft Behind the Magic,7.712,26,['Documentary']
False,9836,en,Happy Feet,"Into the world of the Emperor Penguins, who find their soul mates through song, a penguin is born who cannot sing. But he can tap dance something fierce!",8.7909,2006-11-16,Happy Feet,6.2,5428,"['Animation', 'Comedy', 'Family']"
False,184314,fr,Jeune & Jolie,"Isabelle, a 17-year-old student, loses her virginity during a quick holiday romance. When she returns home, she begins a secret life as a prostitute for a year.",7.0134,2013-08-21,Young & Beautiful,6.504,1312,['Drama']
False,458220,en,Palmer,"After 12 years in prison, former high school football star Eddie Palmer returns home to put his life back together—and forms an unlikely bond with Sam, an outcast boy from a troubled home. But Eddie's past threatens to ruin his new life and family.",9.6374,2021-01-28,Palmer,8.12,1886,['Drama']
False,61979,es,Tres metros sobre el cielo,"Babi, a sheltered upper-class girl, and Hache, a reckless rebel obsessed with illegal motorcycle races, fall into a forbidden love that pulls them deeper into passion and risk.",10.793,2010-12-03,Three Steps Above Heaven,7.7,3206,"['Romance', 'Drama']"
False,17609,en,Antichrist,"A grieving couple retreats to their cabin 'Eden' in the woods, hoping to repair their broken hearts and troubled marriage. But nature takes its course and things go from bad to worse.",8.6795,2009-05-20,Antichrist,6.628,2816,"['Drama', 'Horror', 'Thriller']"
False,137,en,Groundhog Day,"A cynical TV weatherman, along with his idealistic producer and his sardonic cameraman, is sent to report on Groundhog Day in the small town of Punxsutawney, where he finds himself repeating the same day over and over.",8.8606,1993-02-11,Groundhog Day,7.627,8817,"['Romance', 'Fantasy', 'Comedy']"
False,1280738,en,The Furious,"After the daughter of Wang Wei is kidnapped by a criminal network and he receives no help from the corrupt police, Wei sets out on a rampage to find her himself. His only ally is Navin – a relentless journalist whose wife has mysteriously disappeared. Fueled by a furious vengeance, the unlikely duo ruthlessly fights against the kidnappers in this explosive martial arts showdown.",8.035,2026-05-29,The Furious,0.0,0,"['Action', 'Crime', 'Thriller']"
False,123553,en,The Mortal Instruments: City of Bones,"In New York City, Clary Fray, a seemingly ordinary teenager, learns that she is descended from a line of Shadowhunters — half-angel warriors who protect humanity from evil forces. After her mother disappears, Clary joins forces with a group of Shadowhunters and enters Downworld, an alternate realm filled with demons, vampires, and a host of other creatures. Clary and her companions must find and protect an ancient cup that holds the key to her mother's future.",9.3129,2013-08-21,The Mortal Instruments: City of Bones,6.428,4621,"['Fantasy', 'Action', 'Mystery']"
False,346910,en,The Predator,"When a young boy accidentally triggers the universe's most lethal hunters' return to Earth, only a ragtag crew of ex-soldiers and a disgruntled scientist can prevent the end of the human race.",8.1369,2018-09-05,The Predator,5.623,5101,"['Science Fiction', 'Action', 'Thriller']"
False,930094,en,"Red, White & Royal Blue","After an altercation between Alex, the president's son, and Britain's Prince Henry at a royal event becomes tabloid fodder, their long-running feud now threatens to drive a wedge in U.S./British relations. When the rivals are forced into a staged truce, their icy relationship begins to thaw and the friction between them sparks something deeper than they ever expected.",7.8089,2023-07-27,"Red, White & Royal Blue",7.936,1527,"['Comedy', 'Romance']"
False,882569,en,Guy Ritchie's The Covenant,"During the war in Afghanistan, a local interpreter risks his own life to carry an injured sergeant across miles of grueling terrain.",14.18,2023-04-19,Guy Ritchie's The Covenant,7.718,3120,"['War', 'Action', 'Thriller']"
False,154400,en,The Drop,"Bob Saginowski finds himself at the center of a robbery gone awry and entwined in an investigation that digs deep into the neighborhood's past where friends, families, and foes all work together to make a living - no matter the cost.",10.5956,2014-09-12,The Drop,6.832,2398,"['Drama', 'Crime']"
False,1078600,en,Marked Men: Rule + Shaw,"Shaw Landon has loved Rule Archer from the moment she laid eyes on him. Rule, a fiery-tempered rebel tattoo artist, doesn’t have time for a good girl pre-med student like Shaw — even if she’s the only one who can see the person he truly is. She lives by other people’s rules; he makes his own. But a short skirt, too many birthday cocktails, and spilled secrets lead to a night neither can forget. Now, Shaw and Rule must figure out how a girl like her and a guy like him are supposed to be together without destroying their love…or each other.",9.3582,2025-01-22,Marked Men: Rule + Shaw,6.635,229,"['Romance', 'Drama']"
False,14262,en,Desperate Living,"After killing her husband, Peggy Gravel and her murderous maid Grizelda wind up in the crazy town of Mortville, where Queen Carlotta presides over a sleazy collection of misfits.",8.6429,1977-05-27,Desperate Living,6.4,115,"['Comedy', 'Crime']"
False,617653,en,The Last Duel,"King Charles VI declares that Knight Jean de Carrouges settle his dispute with his squire, Jacques Le Gris, by challenging him to a duel.",8.8821,2021-10-13,The Last Duel,7.4,3810,"['History', 'Drama', 'Action', 'Thriller']"
False,1081003,en,Supergirl,"When an unexpected and ruthless adversary strikes too close to home, Kara Zor-El, aka Supergirl, reluctantly joins forces with an unlikely companion on an epic, interstellar journey of vengeance and justice.",9.0035,2026-06-24,Supergirl,0.0,0,"['Action', 'Adventure', 'Science Fiction']"
False,13483,en,Awake,"While undergoing heart surgery, a man experiences a phenomenon called ‘anesthetic awareness’, which leaves him awake but paralyzed throughout the operation. As various obstacles present themselves, his wife must make life-altering decisions while wrestling with her own personal drama.",8.64,2007-11-28,Awake,6.542,1507,"['Thriller', 'Crime', 'Mystery']"
False,10764,en,Quantum of Solace,"Betrayed by Vesper, the woman he loved, 007 fights the urge to make his latest mission personal. Pursuing his determination to uncover the truth, Bond and M interrogate Mr. White, who reveals that the organization that blackmailed Vesper is far more complex and dangerous than anyone had imagined.",10.1461,2008-10-29,Quantum of Solace,6.335,8475,"['Adventure', 'Action', 'Thriller']"
False,889737,en,Joker: Folie à Deux,"While struggling with his dual identity, Arthur Fleck not only stumbles upon true love, but also finds the music that's always been inside him.",9.1764,2024-10-01,Joker: Folie à Deux,5.402,2872,"['Drama', 'Crime', 'Thriller']"
False,1824,en,50 First Dates,"Henry is a player skilled at seducing women. But when this veterinarian meets Lucy, a girl with a quirky problem when it comes to total recall, he realizes it's possible to fall in love all over again…and again, and again. That's because the delightful Lucy has no short-term memory, so Henry must woo her day after day until he finally sweeps her off her feet.",11.0184,2004-02-13,50 First Dates,6.9,7670,"['Comedy', 'Romance']"
False,395992,en,Life,"The six-member crew of the International Space Station is tasked with studying a sample from Mars that may be the first proof of extra-terrestrial life, which proves more intelligent than ever expected.",8.8601,2017-03-22,Life,6.452,7878,"['Horror', 'Science Fiction', 'Mystery']"
False,184,en,Jackie Brown,"Jackie Brown is a flight attendant who gets caught in the middle of smuggling cash into the country for her gunrunner boss. When the cops try to use Jackie to get to her boss, she hatches a plan — with help from a bail bondsman — to keep the money for herself.",10.5605,1997-12-25,Jackie Brown,7.358,6892,"['Crime', 'Drama', 'Thriller']"
False,337339,en,The Fate of the Furious,"When a mysterious woman seduces Dom into the world of crime and a betrayal of those closest to him, the crew face trials that will test them as never before.",8.2613,2017-04-12,The Fate of the Furious,6.9,10761,"['Action', 'Crime', 'Thriller']"
False,37799,en,The Social Network,"In 2003, Harvard undergrad and computer programmer Mark Zuckerberg begins work on a new concept that eventually turns into the global social network known as Facebook. Six years later, Mark is one of the youngest billionaires ever, but his unprecedented success leads to both personal and legal complications when he ends up on the receiving end of two lawsuits, one involving his former friend.",12.1669,2010-10-01,The Social Network,7.372,13068,['Drama']
False,334533,en,Captain Fantastic,"Deep in the forests of the Pacific Northwest, a father devoted to raising his six kids with a rigorous physical and intellectual education is forced to leave his paradise and enter the world, beginning a journey that challenges his idea of what it means to be a parent.",9.4239,2016-07-08,Captain Fantastic,7.889,6799,"['Adventure', 'Drama']"
False,820525,en,After Everything,"Besieged by writer’s block and the crushing breakup with Tessa, Hardin travels to Portugal in search of a woman he wronged in the past – and to find himself. Hoping to win back Tessa, he realizes he needs to change his ways before he can make the ultimate commitment.",9.3228,2023-09-13,After Everything,6.881,990,"['Romance', 'Drama']"
False,11397,en,Not Another Teen Movie,"On a bet, a gridiron hero at John Hughes High School sets out to turn a bespectacled plain Jane into a beautiful and popular prom queen in this outrageous send-up of the teen movies of the 1980s and '90s.",9.4442,2001-12-07,Not Another Teen Movie,5.81,2268,['Comedy']
False,277217,en,Descendants,"A present-day idyllic kingdom where the benevolent teenage son of King Adam and Queen Belle offers a chance of redemption for the troublemaking offspring of Disney's classic villains: Cruella De Vil (Carlos), Maleficent (Mal), the Evil Queen (Evie) and Jafar (Jay).",9.4577,2015-07-31,Descendants,7.153,2491,"['Family', 'Adventure', 'Fantasy', 'TV Movie', 'Music']"
False,1401281,en,The Testament of Ann Lee,"The extraordinary true legend of Ann Lee, founder of the devotional sect known as the Shakers, who preached gender and social equality and was revered by her followers as the female Christ.",9.5215,2025-12-25,The Testament of Ann Lee,6.5,113,"['History', 'Drama', 'Music']"
False,11397,en,Not Another Teen Movie,"On a bet, a gridiron hero at John Hughes High School sets out to turn a bespectacled plain Jane into a beautiful and popular prom queen in this outrageous send-up of the teen movies of the 1980s and '90s.",9.4442,2001-12-07,Not Another Teen Movie,5.81,2268,['Comedy']
False,277217,en,Descendants,"A present-day idyllic kingdom where the benevolent teenage son of King Adam and Queen Belle offers a chance of redemption for the troublemaking offspring of Disney's classic villains: Cruella De Vil (Carlos), Maleficent (Mal), the Evil Queen (Evie) and Jafar (Jay).",9.4577,2015-07-31,Descendants,7.153,2491,"['Family', 'Adventure', 'Fantasy', 'TV Movie', 'Music']"
False,1401281,en,The Testament of Ann Lee,"The extraordinary true legend of Ann Lee, founder of the devotional sect known as the Shakers, who preached gender and social equality and was revered by her followers as the female Christ.",9.5215,2025-12-25,The Testament of Ann Lee,6.5,113,"['History', 'Drama', 'Music']"
False,329,en,Jurassic Park,"A wealthy entrepreneur secretly creates a theme park featuring living dinosaurs drawn from prehistoric DNA. Before opening day, he invites a team of experts and his two eager grandchildren to experience the park and help calm anxious investors. However, the park is anything but amusing as the security systems go off-line and the dinosaurs escape.",8.4307,1993-06-11,Jurassic Park,7.967,17730,"['Adventure', 'Science Fiction']"
False,4108,en,The Transporter,"Former Special Forces officer Frank Martin will deliver anything to anyone for the right price, and his no-questions-asked policy puts him in high demand. But when he realizes his latest cargo is alive, it sets in motion a dangerous chain of events. The bound and gagged Lai is being smuggled to France by a shady American businessman, and Frank works to save her as his own illegal activities are uncovered by a French detective.",9.637,2002-10-02,The Transporter,6.72,5765,"['Action', 'Crime', 'Thriller']"
False,1271895,zh,96分鐘,"Former bomb disposal expert, Song Kang-Ren, and his fiancée, Huang Xin, board a high-speed train that contains a bomb. At the same time, Liu Kai, a well-known physics teacher who was involved in an affair scandal, also boards this same train in order to win back his wife, Ting Juan, who took the prior high-speed rail to return home in frustration…  After all, can the bomb be successfully defused this time? and resolve the crisis?",7.9579,2025-09-05,96 Minutes,6.006,77,"['Action', 'Crime', 'Romance']"
False,10585,en,Child's Play,"After being shot in a toy store, a serial killer transfers his soul into a Good Guy doll. A mother then gifts it to her 6-year old son Andy, which unleashes terror upon the city.",9.2281,1988-11-09,Child's Play,6.741,3298,['Horror']
False,1181107,en,The King of Kings,"Charles Dickens tells his young son Walter the greatest story ever told, and what begins as a bedtime tale becomes a life-changing journey. Through vivid imagination, the boy walks alongside Jesus, witnessing His miracles, facing His trials, and understanding His ultimate sacrifice.",7.9543,2025-04-07,The King of Kings,8.146,168,"['Animation', 'Family', 'Fantasy', 'Drama', 'Adventure']"
False,9335,en,Transporter 2,"Professional driver, and former Special Forces officer, Frank Martin is living in Miami, where he is temporarily filling in for a friend as the chauffeur for a government narcotics control policy director and his family. The young boy in the family is targeted for kidnapping, and Frank immediately becomes involved in protecting the child and exposing the kidnappers.",9.572,2005-08-03,Transporter 2,6.328,3911,"['Action', 'Thriller', 'Crime']"
False,1480790,zh,追恶,"In the late 1990s, detective Chi Feng navigates a violent turf war between rival trafficking syndicates to dismantle both criminal groups and rescue a group of abducted women.",8.9147,2026-04-10,The Sin Trade,9.0,2,"['Crime', 'Action', 'Mystery']"
False,9360,en,Anaconda,"A 'National Geographic' film crew is taken hostage by an insane hunter, who takes them along on his quest to capture the world's largest — and deadliest — snake.",7.7385,1997-04-11,Anaconda,5.267,2769,"['Adventure', 'Horror', 'Thriller']"
False,374720,en,Dunkirk,"The story of the miraculous evacuation of Allied soldiers from Belgium, Britain, Canada and France, who were cut off and surrounded by the German army from the beaches and harbour of Dunkirk between May 26th and June 4th 1940 during World War II.",11.8787,2017-07-19,Dunkirk,7.45,17469,"['War', 'Action', 'Drama']"
False,476299,en,Ghostland,"A mother of two inherits a home from her aunt. On the first night in the new home she is confronted with murderous intruders and fights for her daughters’ lives. Sixteen years later the daughters reunite at the house, and that is when things get strange...",8.4857,2018-03-14,Ghostland,7.4,2628,"['Horror', 'Mystery', 'Thriller']"
False,426,en,Vertigo,"A retired San Francisco detective suffering from acrophobia investigates the strange activities of an old friend's wife, all the while becoming dangerously obsessed with her.",10.3017,1958-05-09,Vertigo,8.145,6285,"['Mystery', 'Romance', 'Thriller']"
False,799766,en,Better Man,"Follow Robbie Williams' journey from childhood, to being the youngest member of chart-topping boyband Take That, through to his unparalleled achievements as a record-breaking solo artist – all the while confronting the challenges that stratospheric fame and success can bring.",8.9208,2024-12-06,Better Man,7.621,825,"['Music', 'Drama']"
False,109451,en,Cloudy with a Chance of Meatballs 2,"After the disastrous food storm in the first film, Flint and his friends are forced to leave the town. Flint accepts the invitation from his idol Chester V to join The Live Corp Company, which has been tasked to clean the island, and where the best inventors in the world create technologies for the betterment of mankind. When Flint discovers that his machine still operates and now creates mutant food beasts like living pickles, hungry tacodiles, shrimpanzees and apple pie-thons, he and his friends must return to save the world.",8.7413,2013-09-26,Cloudy with a Chance of Meatballs 2,6.456,3455,"['Animation', 'Family', 'Comedy']"
False,116745,en,The Secret Life of Walter Mitty,A timid magazine photo manager who lives life vicariously through daydreams embarks on a true-life adventure when a negative goes missing.,8.1034,2013-12-18,The Secret Life of Walter Mitty,7.218,8185,"['Adventure', 'Comedy', 'Drama', 'Fantasy']"
False,944,en,Lethal Weapon 4,"With personal crises and age weighing in on them, Riggs and Murtaugh must contend with deadly Chinese triads trying to free their former leaders from prison and onto American soil.",9.3795,1998-07-10,Lethal Weapon 4,6.6,2905,"['Action', 'Crime', 'Thriller']"
False,4836,en,Layer Cake,"When a seemingly straight-forward drug deal goes awry, XXXX has to break his die-hard rules and turn up the heat, not only to outwit the old regime and come out on top, but to save his own skin...",8.1343,2004-09-30,Layer Cake,6.917,2343,"['Drama', 'Thriller', 'Crime']"
False,64688,en,21 Jump Street,"When cops Schmidt and Jenko join the secret Jump Street unit, they use their youthful appearances to go undercover as high school students. They trade in their guns and badges for backpacks, and set out to shut down a dangerous drug ring. But, as time goes on, Schmidt and Jenko discover that high school is nothing like it was just a few years earlier -- and, what's more, they must again confront the teenage terror and anxiety they thought they had left behind.",10.0593,2012-03-14,21 Jump Street,6.885,10940,"['Action', 'Comedy', 'Crime']"
False,12230,en,One Hundred and One Dalmatians,"When a litter of dalmatian puppies are abducted by the minions of Cruella De Vil, the parents must find them before she uses them for a diabolical fashion statement.",9.5687,1961-01-25,One Hundred and One Dalmatians,7.173,6640,"['Adventure', 'Animation', 'Comedy', 'Family']"
False,424139,en,Halloween,"Laurie Strode comes to her final confrontation with Michael Myers, the masked figure who has haunted her since she narrowly escaped his killing spree on Halloween night four decades ago.",8.5562,2018-10-18,Halloween,6.564,5027,"['Horror', 'Thriller']"
False,337401,en,Mulan,"When the Emperor of China issues a decree that one man per family must serve in the Imperial Chinese Army to defend the country from Huns, Hua Mulan, the eldest daughter of an honored warrior, steps in to take the place of her ailing father. She is spirited, determined and quick on her feet. Disguised as a man by the name of Hua Jun, she is tested every step of the way and must harness her innermost strength and embrace her true potential.",8.268,2020-09-04,Mulan,6.831,7013,"['Adventure', 'Fantasy', 'Action']"
False,6145,en,Fracture,"A husband is on trial for the attempted murder of his wife, in what is seemingly an open/shut case for the ambitious district attorney trying to put him away. However, there are surprises for both around every corner, and, as a suspenseful game of cat-and-mouse is played out, each must manipulate and outwit the other.",8.9163,2007-04-19,Fracture,7.26,4272,['Thriller']
False,931102,zh,龙马精神,A washed-up stuntman and his stunt horse become an overnight social media sensation when their real-life fight with debt collectors goes viral.,7.073,2023-04-07,Ride On,7.201,402,"['Action', 'Comedy', 'Drama']"
False,788,en,Mrs. Doubtfire,"Loving but irresponsible dad Daniel Hillard, estranged from his exasperated spouse, is crushed by a court order allowing only weekly visits with his kids. When Daniel learns his ex needs a housekeeper, he gets the job -- disguised as a British nanny. Soon he becomes not only his children's best pal but the kind of parent he should have been from the start.",10.6648,1993-11-24,Mrs. Doubtfire,7.196,6570,"['Comedy', 'Drama', 'Family']"
False,804095,en,The Fabelmans,"Growing up in post-World War II era Arizona, young Sammy Fabelman aspires to become a filmmaker as he reaches adolescence, but soon discovers a shattering family secret and explores how the power of films can help him see the truth.",9.594,2022-11-11,The Fabelmans,7.571,2736,['Drama']
False,770156,en,Lucy Shimmers and the Prince of Peace,Second chances start when a hardened criminal crosses paths with a precocious little girl who is helped by an angel to change hearts during the holiday season.,9.9802,2020-10-19,Lucy Shimmers and the Prince of Peace,8.369,354,"['Drama', 'Family']"
False,819,en,Sleepers,Two gangsters seek revenge on the state jail worker who during their stay at a youth prison sexually abused them. A sensational court hearing takes place to charge him for the crimes.,11.2581,1996-10-18,Sleepers,7.6,3816,"['Crime', 'Drama', 'Thriller']"
False,207933,en,Stonehearst Asylum,"An Oxford Medical School graduate takes a position at a mental institution and soon becomes obsessed with a female mental patient, but he has no idea of a recent and horrifying staffing change.",10.4342,2014-10-23,Stonehearst Asylum,6.853,1569,"['Thriller', 'Mystery', 'Horror']"
False,1927,en,Hulk,"Bruce Banner, a genetics researcher with a tragic past, suffers massive radiation exposure in his laboratory that causes him to transform into a raging green monster when he gets angry.",8.2652,2003-06-19,Hulk,5.579,6220,"['Science Fiction', 'Adventure', 'Action']"
False,9339,en,Click,"A married workaholic, Michael Newman doesn't have time for his wife and children, not if he's to impress his ungrateful boss and earn a well-deserved promotion. So when he meets Morty, a loopy sales clerk, he gets the answer to his prayers: a magical remote that allows him to bypass life's little distractions with increasingly hysterical results.",9.4869,2006-06-23,Click,6.302,7508,"['Comedy', 'Drama', 'Fantasy']"
False,228165,en,The SpongeBob Movie: Sponge Out of Water,"Evil pirate Burger Beard is in search of the final page of a magical book that makes any evil plan he writes in it come true, but the final page happens to be the Krabby Patty secret formula. When Burger Beard endangers Bikini Bottom, SpongeBob, Patrick, Mr. Krabs, Squidward, Sandy, and Plankton must embark on a quest to retrieve the recipe and save their city...a quest that takes them to the surface world and transforms them into superheroes.",8.7505,2015-01-28,The SpongeBob Movie: Sponge Out of Water,6.098,2514,"['Family', 'Animation', 'Adventure', 'Fantasy', 'Comedy']"
False,280217,en,The Lego Movie 2: The Second Part,"It's been five years since everything was awesome and the citizens are facing a huge new threat: LEGO DUPLO® invaders from outer space, wrecking everything faster than they can rebuild.",8.0945,2019-02-06,The Lego Movie 2: The Second Part,6.657,2402,"['Action', 'Adventure', 'Animation', 'Comedy', 'Family']"
False,462677,ja,映画ドラえもん のび太の南極カチコチ大冒険,"Doraemon and Nobita discover a mysterious golden ring far beneath the ice in Antarctica, leading them to uncover an ancient, ruined city.",7.3513,2017-03-04,Doraemon: Nobita's Great Adventure in the Antarctic Kachi Kochi,6.5,103,"['Animation', 'Adventure', 'Fantasy', 'Family', 'Science Fiction', 'Comedy']"
False,758330,en,"Good Luck to You, Leo Grande","Nancy Stokes, a retired schoolteacher, is pretty sure she has never had good sex. Now that her husband has died, she is determined to take a tour of sexual vistas that until now she has only imagined. She even has a plan; it involves an anonymous hotel room, and a sex worker who calls himself Leo Grande.",9.0825,2022-06-16,"Good Luck to You, Leo Grande",6.958,653,"['Romance', 'Drama']"
False,1100099,en,We Live in Time,"An up-and-coming chef and a recent divorcée find their lives forever changed when a chance encounter brings them together, in a decade-spanning, deeply moving romance.",8.9641,2024-10-10,We Live in Time,7.224,1245,"['Romance', 'Drama']"
False,278154,en,Ice Age: Collision Course,"Set after the events of Continental Drift, Scrat's epic pursuit of his elusive acorn catapults him outside of Earth, where he accidentally sets off a series of cosmic events that transform and threaten the planet. To save themselves from peril, Manny, Sid, Diego, and the rest of the herd leave their home and embark on a quest full of thrills and spills, highs and lows, laughter and adventure while traveling to exotic new lands and locations.",8.996,2016-06-23,Ice Age: Collision Course,6.112,4849,"['Adventure', 'Animation', 'Family', 'Comedy', 'Science Fiction']"
False,4977,ja,パプリカ,"When a machine that allows therapists to enter their patient's dreams is stolen, all hell breaks loose. Only a young female therapist can stop it and recover it before damage is done: Paprika.",7.7516,2006-10-01,Paprika,7.814,2819,"['Science Fiction', 'Thriller', 'Animation']"
False,2503,en,The Bourne Ultimatum,"Bourne is brought out of hiding once again by reporter Simon Ross who is trying to unveil Operation Blackbriar, an upgrade to Project Treadstone, in a series of newspaper columns. Information from the reporter stirs a new set of memories, and Bourne must finally uncover his dark past while dodging The Company's best efforts to eradicate him.",10.0191,2007-08-03,The Bourne Ultimatum,7.436,8295,"['Action', 'Drama', 'Mystery', 'Thriller']"
False,27582,en,The Mechanic,"Arthur Bishop is a 'mechanic' - an elite assassin with a strict code requiring professional perfection and total detachment. One of an elite group of assassins, Bishop may be the best in the business - with a unique talent for cleanly eliminating targets. When Harry McKenna, his close friend and mentor, is murdered, Harry's son comes to him with vengeance in his heart and a desire to learn Bishop's trade, signaling the birth of a deadly partnership.",9.714,2011-01-13,The Mechanic,6.528,3560,"['Action', 'Thriller', 'Crime']"
False,717930,en,Kandahar,"After his mission is exposed, an undercover CIA operative stuck deep in hostile territory in Afghanistan must fight his way out, alongside his Afghan translator, to an extraction point in Kandahar, all whilst avoiding elite enemy forces and foreign spies tasked with hunting them down.",7.9505,2023-05-25,Kandahar,6.765,1215,"['Action', 'Thriller', 'War']"
False,35,en,The Simpsons Movie,"After Homer accidentally pollutes the town's water supply, Springfield is encased in a gigantic dome by the EPA and the Simpsons are declared fugitives.",9.3748,2007-07-25,The Simpsons Movie,7.0,8492,"['Animation', 'Comedy', 'Family']"
False,1263012,en,Dead Man's Wire,"In 1977, former real estate developer Tony Kiritsis puts a dead man's switch on himself and the mortgage banker who did him wrong, demanding $5 million and a personal apology.",9.2065,2026-01-09,Dead Man's Wire,6.388,103,"['Crime', 'Drama', 'Thriller']"
False,710,en,GoldenEye,"When a powerful satellite system falls into the hands of Alec Trevelyan, AKA Agent 006, a former ally-turned-enemy, only James Bond can save the world from a dangerous space weapon that -- in one short pulse -- could destroy the earth! As Bond squares off against his former compatriot, he also battles Xenia Onatopp, an assassin who uses pleasure as her ultimate weapon.",9.821,1995-11-16,GoldenEye,6.898,4289,"['Adventure', 'Action', 'Thriller']"
False,338970,en,Tomb Raider,"Lara Croft, the fiercely independent daughter of a missing adventurer, must push herself beyond her limits when she finds herself on the island where her father disappeared.",8.2395,2018-03-05,Tomb Raider,6.366,8300,"['Action', 'Adventure', 'Fantasy']"
False,42337,fr,Beau-père,"Rémi is a man trapped in a deteriorating marriage. When his wife is unexpectedly killed in a car accident, Rémi is left with his stepdaughter, Marion, who chooses to stay with him rather than live with her birth father. After the initial shock passes, Rémi is caught off-guard when Marion begins expressing her attraction to him. Initially repulsed, Marion's mature beauty wears him down as he finally caves to her seductions.",11.198,1981-09-16,Beau Pere,6.54,138,"['Drama', 'Romance']"
False,333371,en,10 Cloverfield Lane,"After a catastrophic car crash, a young woman wakes up in a survivalist's underground bunker, where he claims to have saved her from an apocalyptic attack that has left the outside world uninhabitable.",9.0873,2016-03-10,10 Cloverfield Lane,6.999,8601,"['Thriller', 'Science Fiction', 'Drama', 'Horror']"
False,2112,en,Payback,"With friends like these, who needs enemies? That's the question bad guy Porter is left asking after his wife and partner steal his heist money and leave him for dead -- or so they think. Five months and an endless reservoir of bitterness later, Porter's partners and the crooked cops on his tail learn how bad payback can be.",7.5952,1999-02-05,Payback,6.8,1976,"['Action', 'Drama', 'Crime', 'Thriller']"
False,948549,en,Love Lies Bleeding,"Reclusive gym manager Lou falls hard for Jackie, an ambitious bodybuilder headed through town to Las Vegas in pursuit of her dream. But their love ignites violence, pulling them deep into the web of Lou’s criminal family.",8.1565,2024-03-07,Love Lies Bleeding,6.557,939,"['Crime', 'Romance', 'Thriller']"
False,51828,en,One Day,"A romantic comedy centered on Dexter and Emma, who first meet during their graduation in 1988 and proceed to keep in touch regularly. The film follows what they do on July 15 annually, usually doing something together.",8.5553,2011-03-02,One Day,7.4,4500,"['Drama', 'Romance']"
False,265208,en,Wild Card,"When a Las Vegas bodyguard with lethal skills and a gambling problem gets in trouble with the mob, he has one last play… and it's all or nothing.",8.8022,2015-01-14,Wild Card,5.695,1920,"['Thriller', 'Crime', 'Action']"
False,581726,en,Infinite,"Evan McCauley has skills he never learned and memories of places he has never visited. Self-medicated and on the brink of a mental breakdown, a secret group that call themselves “Infinites” come to his rescue, revealing that his memories are real.",8.7416,2021-09-09,Infinite,6.562,2105,"['Science Fiction', 'Action', 'Adventure']"
False,181533,en,Night at the Museum: Secret of the Tomb,"When the magic powers of The Tablet of Ahkmenrah begin to die out, Larry Daley spans the globe, uniting favorite and new characters while embarking on an epic quest to save the magic before it is gone forever.",9.4277,2014-12-17,Night at the Museum: Secret of the Tomb,6.222,6191,"['Adventure', 'Comedy', 'Fantasy', 'Family']"
False,320,en,Insomnia,Two Los Angeles homicide detectives are dispatched to a northern town where the sun doesn't set to investigate the methodical murder of a local teen.,8.3314,2002-05-24,Insomnia,6.956,5243,"['Thriller', 'Crime', 'Drama']"
False,109414,en,This Is the End,"While attending a party at James Franco's house, Seth Rogen, Jay Baruchel and many other celebrities are faced with the apocalypse.",9.8889,2013-06-12,This Is the End,6.238,6787,"['Action', 'Comedy']"
False,927254,en,The Twits,"When the meanest, nastiest villains pull a trick to take over their town, two brave children team up with a family of magical animals to bring them down.",8.9044,2025-10-17,The Twits,6.0,98,"['Animation', 'Comedy', 'Family', 'Fantasy']"
False,9366,en,Donnie Brasco,An FBI undercover agent infiltrates the mob and identifies more with the mafia life at the expense of his regular one.,8.4307,1997-02-27,Donnie Brasco,7.539,4812,"['Crime', 'Drama', 'Thriller']"
False,80278,en,The Impossible,"In December 2004, close-knit family Maria, Henry and their three sons begin their winter vacation in Thailand. But the day after Christmas, the idyllic holiday turns into an incomprehensible nightmare when a terrifying roar rises from the depths of the sea, followed by a wall of black water that devours everything in its path. Though Maria and her family face their darkest hour, unexpected displays of kindness and courage ameliorate their terror.",8.7671,2012-09-09,The Impossible,7.368,6626,"['Drama', 'Thriller', 'History']"
False,1319951,en,40 Acres,"Hailey Freeman and her family are the last descendants of African American farmers who settled in rural Canada after the Civil War. In a famine-decimated near future, they now struggle to safeguard their farm, as they make one last stand against a vicious militia hell-bent on taking their 40 Acres.",8.2419,2025-07-02,40 Acres,6.758,128,"['Action', 'Thriller', 'Drama', 'Science Fiction']"
False,335988,en,Transformers: The Last Knight,"Humans and Transformers are at war. Optimus Prime is gone. The key to saving our future lies buried in the secrets of the past, in the hidden history of Transformers on Earth. Saving our world falls upon the shoulders of an unlikely alliance: Cade Yeager; Bumblebee; an English Lord; and an Oxford Professor.",8.9736,2017-06-16,Transformers: The Last Knight,6.05,6653,"['Action', 'Adventure', 'Science Fiction']"
False,110415,ko,설국열차,"In a future where a failed global-warming experiment kills off most life on the planet, a class system evolves aboard the Snowpiercer; a train that travels around the globe via a perpetual-motion engine.",7.6648,2013-08-01,Snowpiercer,6.909,10350,"['Action', 'Science Fiction', 'Drama']"
False,4771,en,Gone Baby Gone,"When 4 year old Amanda McCready disappears from her home and the police make little headway in solving the case, the girl's aunt, Beatrice McCready hires two private detectives, Patrick Kenzie and Angie Gennaro. The detectives freely admit that they have little experience with this type of case, but the family wants them for two reasons—they're not cops and they know the tough neighborhood in which they all live.",8.5437,2007-09-18,Gone Baby Gone,7.305,4148,"['Crime', 'Drama', 'Mystery']"
False,13195,en,Flawless,"A female executive and a night janitor conspire to commit a daring diamond heist from their mutual employer, The London Diamond Corporation.",8.7814,2007-09-01,Flawless,6.766,617,"['Crime', 'Drama', 'Thriller']"
False,380,en,Rain Man,"When car dealer Charlie Babbitt learns that his estranged father has died, he returns home to Cincinnati, where he discovers that he has a savant older brother named Raymond and that his father's $3 million fortune is being left to the mental institution in which Raymond lives. Motivated by his father's money, Charlie checks Raymond out of the facility in order to return with him to Los Angeles. The brothers' cross-country trip ends up changing both their lives.",11.5925,1988-12-12,Rain Man,7.751,7037,['Drama']
False,441130,en,Wolfwalkers,"In a time of superstition and magic, when wolves are seen as demonic and nature an evil to be tamed, a young apprentice hunter comes to Ireland with her father to wipe out the last pack. But when she saves a wild native girl, their friendship leads her to discover the world of the Wolfwalkers and transform her into the very thing her father is tasked to destroy.",12.3605,2020-10-26,Wolfwalkers,8.197,1358,"['Animation', 'Family', 'Adventure', 'Fantasy']"
False,73723,en,The Lorax,"A 12-year-old boy searches for the one thing that will enable him to win the affection of the girl of his dreams. To find it he must discover the story of the Lorax, the grumpy yet charming creature who fights to protect his world.",7.891,2012-03-01,The Lorax,6.524,3842,"['Animation', 'Family']"
False,63197,en,Megan Is Missing,"Fourteen-year–old Megan and her best friend Amy spend a lot of time on the internet, posting videos of themselves and chatting with guys online. One night Megan chats with a guy named Josh who convinces her to meet him for a date. The next day, Megan is missing—forever. Based on actual cases of child abduction.",8.5986,2011-05-01,Megan Is Missing,6.16,828,"['Drama', 'Horror', 'Thriller']"
False,2057,en,Original Sin,"A young man is plunged into a life of subterfuge, deceit and mistaken identity in pursuit of a femme fatale whose heart is never quite within his grasp.",9.0727,2001-05-08,Original Sin,6.128,892,"['Thriller', 'Drama', 'Mystery', 'Romance', 'History']"
False,1295400,da,Den sidste viking,"After serving fourteen years for robbery, Anker is released from prison and reunites with his mentally ill brother Manfred, who alone knows where the stolen money is hidden but has forgotten its location, sending them on a journey to recover the loot and confront who they are.",8.41,2025-10-09,The Last Viking,7.2,102,"['Comedy', 'Crime', 'Drama']"
False,848326,en,Rebel Moon - Part One: A Child of Fire,"When the ruthless forces of the Motherworld threaten a quiet farming village on a distant moon, a mysterious outsider becomes its best hope for survival.",8.6195,2023-12-15,Rebel Moon - Part One: A Child of Fire,6.216,2515,"['Science Fiction', 'Action', 'Adventure']"
False,37735,en,Easy A,"Olive, an average high school student, sees her below-the-radar existence turn around overnight once she decides to use the school's gossip grapevine to advance her social standing. Now her classmates are turning against her and the school board is becoming concerned, including her favorite teacher and the distracted guidance counselor. With the support of her hilariously idiosyncratic parents and a little help from a long-time crush, Olive attempts to take on her notorious new identity and crush the rumor mill once and for all.",9.9582,2010-09-16,Easy A,6.805,7330,['Comedy']
False,207932,en,Inferno,"After waking up in a hospital with amnesia, professor Robert Langdon and a doctor must race against time to foil a deadly global plot.",8.7232,2016-10-13,Inferno,6.088,6595,"['Mystery', 'Thriller', 'Action']"
False,441130,en,Wolfwalkers,"In a time of superstition and magic, when wolves are seen as demonic and nature an evil to be tamed, a young apprentice hunter comes to Ireland with her father to wipe out the last pack. But when she saves a wild native girl, their friendship leads her to discover the world of the Wolfwalkers and transform her into the very thing her father is tasked to destroy.",12.3605,2020-10-26,Wolfwalkers,8.197,1358,"['Animation', 'Family', 'Adventure', 'Fantasy']"
False,73723,en,The Lorax,"A 12-year-old boy searches for the one thing that will enable him to win the affection of the girl of his dreams. To find it he must discover the story of the Lorax, the grumpy yet charming creature who fights to protect his world.",7.891,2012-03-01,The Lorax,6.524,3842,"['Animation', 'Family']"
False,63197,en,Megan Is Missing,"Fourteen-year–old Megan and her best friend Amy spend a lot of time on the internet, posting videos of themselves and chatting with guys online. One night Megan chats with a guy named Josh who convinces her to meet him for a date. The next day, Megan is missing—forever. Based on actual cases of child abduction.",8.5986,2011-05-01,Megan Is Missing,6.16,828,"['Drama', 'Horror', 'Thriller']"
False,2057,en,Original Sin,"A young man is plunged into a life of subterfuge, deceit and mistaken identity in pursuit of a femme fatale whose heart is never quite within his grasp.",9.0727,2001-05-08,Original Sin,6.128,892,"['Thriller', 'Drama', 'Mystery', 'Romance', 'History']"
False,1295400,da,Den sidste viking,"After serving fourteen years for robbery, Anker is released from prison and reunites with his mentally ill brother Manfred, who alone knows where the stolen money is hidden but has forgotten its location, sending them on a journey to recover the loot and confront who they are.",8.41,2025-10-09,The Last Viking,7.2,102,"['Comedy', 'Crime', 'Drama']"
False,848326,en,Rebel Moon - Part One: A Child of Fire,"When the ruthless forces of the Motherworld threaten a quiet farming village on a distant moon, a mysterious outsider becomes its best hope for survival.",8.6195,2023-12-15,Rebel Moon - Part One: A Child of Fire,6.216,2515,"['Science Fiction', 'Action', 'Adventure']"
False,37735,en,Easy A,"Olive, an average high school student, sees her below-the-radar existence turn around overnight once she decides to use the school's gossip grapevine to advance her social standing. Now her classmates are turning against her and the school board is becoming concerned, including her favorite teacher and the distracted guidance counselor. With the support of her hilariously idiosyncratic parents and a little help from a long-time crush, Olive attempts to take on her notorious new identity and crush the rumor mill once and for all.",9.9582,2010-09-16,Easy A,6.805,7330,['Comedy']
False,207932,en,Inferno,"After waking up in a hospital with amnesia, professor Robert Langdon and a doctor must race against time to foil a deadly global plot.",8.7232,2016-10-13,Inferno,6.088,6596,"['Mystery', 'Thriller', 'Action']"
False,10802,en,Showgirls,"Fresh to Las Vegas with no connections, Nomi Malone takes a job as an exotic dancer. Her talents are quickly noticed by Cristal, a headlining dancer who senses an opportunity to bolster her own act. But Nomi won’t play second fiddle and soon begins her venomous path to the top, ruthlessly backstabbing anyone who gets in her way.",6.8417,1995-09-22,Showgirls,5.576,1364,['Drama']
False,1173558,pt,O Lado Bom de Ser Traída,"Babi discovers a betrayal by her long-term partner and decides to embark on a new adventure in life. On this journey, she meets judge Marco and they begin to live a story permeated by a lot of sexual tension.",7.6295,2023-10-25,Burning Betrayal,6.239,234,"['Drama', 'Mystery', 'Romance']"
False,6557,en,27 Dresses,Altruistic Jane finds herself facing her worst nightmare as her younger sister announces her engagement to the man Jane secretly adores.,8.6575,2008-01-10,27 Dresses,6.451,3385,"['Comedy', 'Romance']"
False,9532,en,Final Destination,"After a teenager has a terrifying vision of him and his friends dying in a plane crash, he prevents the accident only to have Death hunt them down, one by one.",10.1773,2000-03-17,Final Destination,6.632,6599,['Horror']
False,17431,en,Moon,"With only three weeks left in his three-year contract, Sam Bell is eager to return to Earth. Stationed alone at a Moon-based facility with his computer assistant GERTY, an unexpected accident sets off a series of unsettling events that shake his isolation.",8.7178,2009-06-12,Moon,7.568,6213,"['Science Fiction', 'Drama']"
False,11778,en,The Deer Hunter,"Three steelworkers enlist in the army and are sent to Vietnam, one leaving behind a rushed marriage, the others a shared love. What they encounter during the war changes their lives forever.",8.6545,1978-12-08,The Deer Hunter,7.974,4203,"['Drama', 'War']"
False,1571,en,Live Free or Die Hard,"John McClane is back and badder than ever, and this time he calls on the services of a young hacker in his bid to stop a ring of Internet terrorists intent on taking control of America's computer infrastructure.",9.3465,2007-06-20,Live Free or Die Hard,6.642,6292,"['Action', 'Thriller']"
False,268896,en,Pacific Rim: Uprising,"It has been ten years since The Battle of the Breach and the oceans are still, but restless. Vindicated by the victory at the Breach, the Jaeger program has evolved into the most powerful global defense force in human history. The PPDC now calls upon the best and brightest to rise up and become the next generation of heroes when the Kaiju threat returns.",8.8326,2018-03-21,Pacific Rim: Uprising,6.119,5290,"['Action', 'Fantasy', 'Science Fiction', 'Adventure']"
False,8077,en,Alien³,"After escaping with Newt and Hicks from the alien planet, Ripley crash lands on Fiorina 161, a prison planet and host to a correctional facility. Unfortunately, although Newt and Hicks do not survive the crash, a more unwelcome visitor does. The prison does not allow weapons of any kind, and with aid being a long time away, the prisoners must simply survive in any way they can.",9.0661,1992-05-22,Alien³,6.4,6307,"['Science Fiction', 'Action', 'Horror']"
False,856,en,Who Framed Roger Rabbit,"'Toon star Roger is worried that his wife Jessica is playing pattycake with someone else, so the studio hires detective Eddie Valiant to snoop on her. But the stakes are quickly raised when Marvin Acme is found dead and Roger is the prime suspect.",10.7234,1988-06-22,Who Framed Roger Rabbit,7.535,6129,"['Fantasy', 'Animation', 'Comedy', 'Crime']"
False,1597,en,Meet the Parents,"Greg Focker is ready to marry his girlfriend, Pam, but before he pops the question, he must win over her formidable father, humorless former CIA agent Jack Byrnes, at the wedding of Pam's sister. As Greg bends over backward to make a good impression, his visit to the Byrnes home turns into a hilarious series of disasters, and everything that can go wrong does, all under Jack's critical, hawklike gaze.",9.0307,2000-10-06,Meet the Parents,6.693,6343,"['Comedy', 'Romance']"
False,531219,en,Roald Dahl's The Witches,"In late 1967, a young orphaned boy goes to live with his loving grandma in the rural Alabama town of Demopolis. As the boy and his grandmother encounter some deceptively glamorous but thoroughly diabolical witches, she wisely whisks him away to a seaside resort. Regrettably, they arrive at precisely the same time that the world's Grand High Witch has gathered.",11.0914,2020-10-26,Roald Dahl's The Witches,6.336,2968,"['Comedy', 'Fantasy', 'Family', 'Horror']"
False,1519168,en,The Jester 2,"When teen magician Max crosses paths with the sinister Jester on Halloween night, she must outsmart a supernatural killer whose magic is all too real and whose tricks always end up in blood.",8.7783,2025-09-15,The Jester 2,6.226,62,"['Horror', 'Thriller', 'Crime']"
False,44214,en,Black Swan,"The story of Nina, a ballerina in a New York City ballet company whose life, like all those in her profession, is completely consumed with dance. She lives with her retired ballerina mother Erica who zealously supports her daughter's professional ambition. When artistic director Thomas Leroy decides to replace prima ballerina Beth MacIntyre for the opening production of their new season, Swan Lake, Nina is his first choice.",13.0584,2010-12-03,Black Swan,7.685,15465,"['Drama', 'Thriller', 'Horror']"
False,508439,en,Onward,"In a suburban fantasy world, two teenage elf brothers embark on an extraordinary quest to discover if there is still a little magic left out there.",8.6222,2020-02-29,Onward,7.642,6530,"['Animation', 'Family', 'Fantasy', 'Adventure', 'Comedy']"
False,552532,en,Charm City Kings,"Mouse desperately wants to join The Midnight Clique, the infamous Baltimore dirt bike riders who rule the summertime streets. When Midnight’s leader, Blax, takes 14-year-old Mouse under his wing, Mouse soon finds himself torn between the straight-and-narrow and a road filled with fast money and violence.",8.3987,2020-01-27,Charm City Kings,7.81,496,['Drama']
False,531428,fr,Portrait de la jeune fille en feu,"On an isolated island in Brittany at the end of the eighteenth century, a female painter is obliged to paint a wedding portrait of a young woman.",9.9758,2019-09-06,Portrait of a Lady on Fire,8.095,2898,"['Drama', 'Romance']"
False,967998,pt,Conspiração Fatal,"Davi Martins, a commercial director of a financial institution, and Juliana Martins, a personal trainer, are a couple trying to recover from a crisis. At work, Davi ends up getting involved in the investigation of a financial scandal, putting himself in the crosshairs of dangerous people. Little by little, Juliana discovers that her new home may not be a new beginning, but the stage for a real nightmare. Some secrets may end her life.",13.5457,2022-05-26,Fatal Conspiracy,5.5,2,['Horror']
False,503919,en,The Lighthouse,Two lighthouse keepers try to maintain their sanity while living on a remote and mysterious New England island in the 1890s.,9.0097,2019-10-18,The Lighthouse,7.477,5492,"['Drama', 'Fantasy', 'Thriller']"
False,132232,en,Mama,"Guillermo del Toro presents Mama, a supernatural thriller that tells the haunting tale of two little girls who disappeared into the woods the day that their parents were killed. When they are rescued years later and begin a new life, they find that someone or something still wants to come tuck them in at night.",8.423,2013-01-17,Mama,6.289,4383,['Horror']
False,10948,en,The Fox and the Hound,"When a feisty little fox named Tod is adopted into a farm family, he quickly becomes friends with a fun and adorable hound puppy named Copper. Life is full of hilarious adventures until Copper is expected to take on his role as a hunting dog -- and the object of his search is his best friend!",8.852,1981-07-10,The Fox and the Hound,7.138,3452,"['Adventure', 'Animation', 'Drama', 'Family']"
False,96721,en,Rush,"In the 1970s, a rivalry propels race car drivers Niki Lauda and James Hunt to fame and glory — until a horrible accident threatens to end it all.",9.8164,2013-09-02,Rush,7.735,7762,"['Drama', 'Action']"
False,1290432,fr,Vie privée,"When renowned psychiatrist Lilian Steiner learns of the sudden death of a patient, she suspects murder. She mounts a private investigation, enlisting an odd assortment of quirky characters.",7.5048,2025-09-27,A Private Life,5.648,145,"['Drama', 'Mystery', 'Crime']"
False,36955,en,True Lies,"A fearless, globe-trotting, terrorist-battling secret agent has his life turned upside down when he discovers his wife might be having an affair with a used car salesman while terrorists smuggle nuclear war heads into the United States.",8.6399,1994-07-15,True Lies,7.092,4519,"['Action', 'Thriller']"
False,5925,en,The Great Escape,"The Nazis, exasperated at the number of escapes from their prison camps by a relatively small number of Allied prisoners, relocate them to a high-security 'escape-proof' camp to sit out the remainder of the war. Undaunted, the prisoners plan one of the most ambitious escape attempts of World War II. Based on a true story.",8.8531,1963-07-03,The Great Escape,7.929,2813,"['Adventure', 'Drama', 'War']"
False,84362,es,El caníbal,"The lovely Laura, on a modelling job in South Africa, is kidnapped by a gang who carry her off into the jungle from where they demand a huge ransom. Two men set off in a helicopter to rescue her, little knowing what horrors Laura is enduring in the meantime in the savage clutches of a primitive and bloodthristy world. Laura's rescuers not only have to face the cruel violence of her captors - but also the horrifying lust for blood of a primitive and cruel god.",7.3881,1980-12-05,Devil Hunter,4.5,41,['Horror']
False,516729,en,Paddington in Peru,"Paddington travels to Peru to visit his beloved Aunt Lucy, who now resides at the Home for Retired Bears. With the Brown Family in tow, a thrilling adventure ensues when a mystery plunges them into an unexpected journey through the Amazon rainforest and up to the mountain peaks of Peru.",8.9447,2024-11-08,Paddington in Peru,6.816,668,"['Family', 'Comedy', 'Adventure']"
False,42456,en,40 Carats,"After an overnight fling with a man nearly 20 years her junior while vacationing in Greece, Ann Stanley returns to New York assuming she'll never see Peter Latham again. Until, that is, he shows up on her doorstep to take her daughter to a party. Despite her yearning for Peter and the encouragement of her friends and family, Ann initially rebuffs him when he pursues her, but slowly she yields to his charm and her own stifled emotions.",8.211,1973-06-28,40 Carats,5.7,17,"['Comedy', 'Romance']"
False,1374,en,Rocky IV,"Rocky Balboa holds the world heavyweight championship, but a new challenger has stepped forward: Drago, a six-foot-four, 261-pound fighter who has the backing of the Soviet Union. This time, Rocky's training regimen takes him to Siberia, where he prepares for a globally televised match in the heart of Moscow. But nothing can truly prepare him for what he's about to face – a fight to the finish, in which he must defend not only himself, but also the honor of his country!",8.1154,1985-11-21,Rocky IV,7.081,4770,['Drama']
False,297222,hi,पीके,"A stranger in the city asks questions no one has asked before. Known only by his initials, the man's innocent questions and childlike curiosity take him on a journey of love, laughter and letting go.",7.5201,2014-12-18,PK,7.692,1143,"['Comedy', 'Drama', 'Science Fiction']"
False,878608,zh,狂野时代,"In a future where humanity has surrendered its ability to dream in exchange for immortality, an outcast finds illusion, nightmarish visions, and beauty in an intoxicating world of his own making.",7.2167,2025-11-22,Resurrection,6.787,54,"['Science Fiction', 'Drama']"
False,254128,en,San Andreas,"In the aftermath of a massive earthquake in California, a rescue-chopper pilot makes a dangerous journey across the state in order to rescue his estranged daughter.",8.5126,2015-05-27,San Andreas,6.244,8960,"['Action', 'Drama', 'Thriller']"
False,291805,en,Now You See Me 2,"One year after outwitting the FBI and winning the public’s adulation with their mind-bending spectacles, the Four Horsemen resurface only to find themselves face to face with a new enemy who enlists them to pull off their most dangerous heist yet.",13.6951,2016-06-02,Now You See Me 2,6.827,11501,"['Crime', 'Thriller']"
False,497582,en,Enola Holmes,"While searching for her missing mother, intrepid teen Enola Holmes uses her sleuthing skills to outsmart big brother Sherlock and help a runaway lord.",9.8218,2020-09-23,Enola Holmes,7.23,6505,"['Adventure', 'Mystery', 'Crime']"
False,254470,en,Pitch Perfect 2,"The Bellas are back, and they are better than ever. After being humiliated in front of none other than the President of the United States of America, the Bellas are taken out of the Aca-Circuit. In order to clear their name, and regain their status, the Bellas take on a seemingly impossible task: winning an international competition no American team has ever won. In order to accomplish this monumental task, they need to strengthen the bonds of friendship and sisterhood and blow away the competition with their amazing aca-magic! With all new friends and old rivals tagging along for the trip, the Bellas can hopefully accomplish their dreams.",10.0968,2015-05-07,Pitch Perfect 2,6.84,5498,"['Comedy', 'Music']"
False,526896,en,Morbius,"Dangerously ill with a rare blood disorder, and determined to save others suffering his same fate, Dr. Michael Morbius attempts a desperate gamble. What at first appears to be a radical success soon reveals itself to be a remedy potentially worse than the disease.",8.9895,2022-03-30,Morbius,5.917,4769,"['Action', 'Science Fiction', 'Fantasy']"
False,709,en,Licence to Kill,"After capturing the notorious drug lord Franz Sanchez, Bond's close friend and former CIA agent Felix Leiter is left for dead and his wife is murdered. Bond goes rogue and seeks vengeance on those responsible, as he infiltrates Sanchez's organization from the inside.",9.4309,1989-06-13,Licence to Kill,6.427,2137,"['Adventure', 'Action', 'Thriller']"
False,1584,en,School of Rock,"Fired from his band and hard up for cash, guitarist and vocalist Dewey Finn finagles his way into a job as a fifth-grade substitute teacher at a private school, where he secretly begins teaching his straight-A students the finer points of rock 'n' roll and the power of sticking it to the man. But as the school’s stern principal closes in and the Battle of the Bands looms, Dewey risks everything to prove that rock 'n' roll can change lives.",9.6609,2003-10-03,School of Rock,7.082,6121,"['Comedy', 'Music', 'Family']"
False,805195,en,The Girl Who Believes in Miracles,"When Sara hears a preacher say faith can move mountains, she starts praying. Suddenly people in her town are mysteriously healed! But fame soon takes its toll – can Sara’s family save her before it’s too late?",9.1176,2021-04-02,The Girl Who Believes in Miracles,7.4,114,"['Family', 'Drama']"
False,615925,zh,水怪,"Shui Sheng witnessed his father being killed by the ""water monkey"" monster when he was young. Ten years later, the water monster reappeared and killed the younger brother and father of the heroine Xiang Lan. In order to save her, Shui Sheng launched a fierce battle to break feudal superstitions and to catch the water monster.",7.4157,2019-07-12,The Water Monster,5.4,8,"['Fantasy', 'Horror']"
False,45612,en,Source Code,"When decorated soldier Captain Colter Stevens wakes up in the body of an unknown man, he discovers he's part of a mission to find the bomber of a Chicago commuter train.",9.0174,2011-03-30,Source Code,7.309,9033,"['Thriller', 'Science Fiction', 'Mystery']"
False,412656,en,Chaos Walking,"Two unlikely companions embark on a perilous adventure through the badlands of an unexplored planet as they try to escape a dangerous and disorienting reality, where all inner thoughts are seen and heard by everyone.",7.9976,2021-02-24,Chaos Walking,6.552,2542,"['Fantasy', 'Science Fiction', 'Adventure']"
False,32657,en,Percy Jackson & the Olympians: The Lightning Thief,"Accident prone teenager, Percy discovers he's actually a demi-God, the son of Poseidon, and he is needed when Zeus' lightning is stolen. Percy must master his new found skills in order to prevent a war between the Gods that could devastate the entire world.",11.2087,2010-02-01,Percy Jackson & the Olympians: The Lightning Thief,6.212,7782,"['Adventure', 'Fantasy', 'Family']"
False,583,en,Life of Brian,"Brian Cohen is an average young Jewish man, but through a series of ridiculous events, he gains a reputation as the Messiah. When he's not dodging his followers or being scolded by his shrill mother, the hapless Brian has to contend with the pompous Pontius Pilate and acronym-obsessed members of a separatist movement. Rife with Monty Python's signature absurdity, the tale finds Brian's life paralleling Biblical lore, albeit with many more laughs.",8.2931,1979-08-17,Life of Brian,7.759,4884,['Comedy']
False,1420733,ko,귀시,"An old man attempting to harm the village's mystical guardian tree. An office worker, obsessed with beauty, tampering with her neighbor's packages. A mother making deals with ghosts to secure her daughter's place in medical school. A senior police officer insisting on handling a case alone, despite his junior's objections. A college student seeking fame on social media through horror content. These seemingly unrelated incidents are eerily linked by their intertwined relationships and a shared undercurrent of wrong choices driven by desire. At the heart of it all lies a sinister dark market. Once its true nature is revealed, there’s no turning back.",8.8725,2025-09-17,The Cursed: Insatiable Desires,6.0,8,"['Horror', 'Thriller']"
False,76203,en,12 Years a Slave,"In the pre-Civil War United States, Solomon Northup, a free black man from upstate New York, is abducted and sold into slavery. Facing cruelty as well as unexpected kindnesses Solomon struggles not only to stay alive, but to retain his dignity. In the twelfth year of his unforgettable odyssey, Solomon’s chance meeting with a Canadian abolitionist will forever alter his life.",9.584,2013-10-18,12 Years a Slave,7.933,11920,"['Drama', 'History']"
False,614930,en,Teenage Mutant Ninja Turtles: Mutant Mayhem,"After years of being sheltered from the human world, the Turtle brothers set out to win the hearts of New Yorkers and be accepted as normal teenagers through heroic acts. Their new friend April O'Neil helps them take on a mysterious crime syndicate, but they soon get in over their heads when an army of mutants is unleashed upon them.",8.3835,2023-07-31,Teenage Mutant Ninja Turtles: Mutant Mayhem,7.216,1565,"['Animation', 'Comedy', 'Action', 'Science Fiction']"
False,49021,en,Killer Elite,"Based on a shocking true story, Killer Elite pits two of the world’s most elite operatives—Danny, an ex-special ops agent and Hunter, his longtime mentor—against the cunning leader of a secret military society. Covering the globe from Australia to Paris, London and the Middle East, Danny and Hunter are plunged into a highly dangerous game of cat and mouse—where the predators become the prey.",7.8922,2011-09-22,Killer Elite,6.266,2297,"['Action', 'Adventure', 'Thriller']"
False,254320,en,The Lobster,"In a dystopian near future, single people, according to the laws of The City, are taken to The Hotel, where they are obliged to find a romantic partner in forty-five days or are transformed into animals and sent off into The Woods.",9.1003,2015-10-15,The Lobster,7.027,6840,"['Comedy', 'Drama', 'Romance']"
False,11527,en,Excalibur,"Arthur fulfills his fate by bringing together the Knights of the Round Table at Camelot and unifying the country. However, this flawed monarch faces greater tests ahead in pursuit of love, the Holy Grail, and his nation's survival.",8.5458,1981-04-10,Excalibur,6.948,1138,"['Adventure', 'Fantasy']"
False,254320,en,The Lobster,"In a dystopian near future, single people, according to the laws of The City, are taken to The Hotel, where they are obliged to find a romantic partner in forty-five days or are transformed into animals and sent off into The Woods.",9.1003,2015-10-15,The Lobster,7.027,6840,"['Comedy', 'Drama', 'Romance']"
False,11527,en,Excalibur,"Arthur fulfills his fate by bringing together the Knights of the Round Table at Camelot and unifying the country. However, this flawed monarch faces greater tests ahead in pursuit of love, the Holy Grail, and his nation's survival.",8.5458,1981-04-10,Excalibur,6.948,1138,"['Adventure', 'Fantasy']"
False,739405,en,Operation Fortune: Ruse de Guerre,Special agent Orson Fortune and his team of operatives recruit one of Hollywood's biggest movie stars to help them on an undercover mission when the sale of a deadly new weapons technology threatens to disrupt the world order.,10.4567,2023-01-04,Operation Fortune: Ruse de Guerre,6.462,1904,"['Action', 'Comedy', 'Thriller', 'Adventure']"
False,9705,en,Swordfish,"Rogue agent Gabriel Shear is determined to get his mitts on $9 billion stashed in a secret Drug Enforcement Administration account. He wants the cash to fight terrorism, but lacks the computer skills necessary to hack into the government mainframe. Enter Stanley Jobson, a n'er-do-well encryption expert who can log into anything.",8.3057,2001-06-08,Swordfish,6.26,2913,"['Action', 'Crime', 'Thriller']"
False,274857,en,King Arthur: Legend of the Sword,"When the child Arthur’s father is murdered, Vortigern, Arthur’s uncle, seizes the crown. Robbed of his birthright and with no idea who he truly is, Arthur comes up the hard way in the back alleys of the city. But once he pulls the sword Excalibur from the stone, his life is turned upside down and he is forced to acknowledge his true legacy... whether he likes it or not.",9.9737,2017-05-10,King Arthur: Legend of the Sword,6.553,6015,"['Action', 'Drama', 'Fantasy']"
False,50620,en,The Twilight Saga: Breaking Dawn - Part 2,"After the birth of Renesmee, the Cullens gather other vampire clans in order to protect the child from a false allegation that puts the family in front of the Volturi.",12.421,2012-11-13,The Twilight Saga: Breaking Dawn - Part 2,6.456,9331,"['Fantasy', 'Drama', 'Romance']"
False,396422,en,Annabelle: Creation,"Several years after the tragic death of their little girl, a doll maker and his wife welcome a nun and several girls from a shuttered orphanage into their home, soon becoming the target of the doll maker's possessed creation—Annabelle.",8.232,2017-08-03,Annabelle: Creation,6.606,5957,['Horror']
False,8337,en,They Live,A lone drifter stumbles upon a unique pair of sunglasses that reveal aliens are systematically gaining control of the Earth by masquerading as humans and lulling the public into submission.,8.9658,1988-11-04,They Live,7.296,3426,"['Science Fiction', 'Action', 'Thriller']"
False,55779,en,Final Destination 5,"Death is just as omnipresent as ever, and is unleashed after one man’s premonition saves a group of coworkers from a terrifying suspension bridge collapse. But this group of unsuspecting souls was never supposed to survive, and, in a terrifying race against time, the ill-fated group frantically tries to discover a way to escape Death’s sinister agenda.",9.526,2011-08-12,Final Destination 5,6.151,4042,"['Horror', 'Mystery']"
False,39538,en,Contagion,"As an epidemic of a lethal airborne virus - that kills within days - rapidly grows, the worldwide medical community races to find a cure and control the panic that spreads faster than the virus itself.",9.0377,2011-09-08,Contagion,6.647,6488,"['Drama', 'Thriller', 'Science Fiction']"
False,7551,en,Déjà Vu,"Called in to recover evidence in the aftermath of a horrific explosion on a New Orleans ferry, Federal agent Doug Carlin gets pulled away from the scene and taken to a top-secret government lab that uses a time-shifting surveillance device to help prevent crime.",9.1546,2006-11-22,Déjà Vu,6.878,5231,"['Action', 'Thriller', 'Science Fiction']"
False,1830,en,Lord of War,"Yuri Orlov is a globetrotting arms dealer and, through some of the deadliest war zones, he struggles to stay one step ahead of a relentless Interpol agent, his business rivals and even some of his customers who include many of the world's most notorious dictators. Finally, he must also face his own conscience.",8.5169,2005-09-16,Lord of War,7.343,5275,"['Crime', 'Drama', 'Thriller']"
False,458723,en,Us,"Husband and wife Gabe and Adelaide Wilson take their kids to their beach house expecting to unplug and unwind with friends. But as night descends, their serenity turns to tension and chaos when some shocking visitors arrive uninvited.",9.2584,2019-03-14,Us,6.951,8002,"['Horror', 'Mystery']"
False,746036,en,The Fall Guy,"Fresh off an almost career-ending accident, stuntman Colt Seavers has to track down a missing movie star, solve a conspiracy and try to win back the love of his life while still doing his day job.",14.8731,2024-04-24,The Fall Guy,6.957,3647,"['Action', 'Comedy', 'Romance']"
False,522402,en,Finch,"On a post-apocalyptic Earth, a robot, built to protect the life of his dying creator's beloved dog, learns about life, love, friendship, and what it means to be human.",8.163,2021-11-04,Finch,7.804,3897,"['Science Fiction', 'Drama', 'Adventure']"
False,109439,en,The Hangover Part III,"This time, there's no wedding. No bachelor party. What could go wrong, right? But when the Wolfpack hits the road, all bets are off.",9.3485,2013-05-23,The Hangover Part III,6.207,9177,['Comedy']
False,1213,en,The Talented Mr. Ripley,"Tom Ripley is a calculating young man who believes it's better to be a fake somebody than a real nobody. Opportunity knocks in the form of a wealthy U.S. shipbuilder who hires Tom to travel to Italy to bring back his playboy son, Dickie. Ripley worms his way into the idyllic lives of Dickie and his girlfriend, plunging into a daring scheme of duplicity, lies and murder.",10.2922,1999-12-25,The Talented Mr. Ripley,7.199,4111,"['Thriller', 'Crime', 'Drama']"
False,11283,en,Nanny McPhee,"Widower Cedric Brown hires Nanny McPhee to care for his seven rambunctious children, who have chased away all previous nannies. Taunted by Simon and his siblings, Nanny McPhee uses mystical powers to instill discipline. And when the children's great-aunt and benefactor, Lady Adelaide Stitch, threatens to separate the kids, the family pulls together under the guidance of Nanny McPhee.",8.6198,2005-10-21,Nanny McPhee,6.687,3203,"['Fantasy', 'Comedy', 'Family']"
False,11322,en,Public Enemies,"Depression-era bank robber John Dillinger's charm and audacity endear him to much of America's downtrodden public, but he's also a thorn in the side of J. Edgar Hoover and the fledgling FBI. Desperate to capture the elusive outlaw, Hoover makes Dillinger his first Public Enemy Number One and assigns his top agent, Melvin Purvis, the task of bringing him in dead or alive.",9.1163,2009-07-01,Public Enemies,6.687,4793,"['Crime', 'History', 'Drama']"
False,10559,en,Frequency,"When a rare phenomenon gives police officer John Sullivan the chance to speak to his father, 30 years in the past, he takes the opportunity to prevent his dad's tragic death.  After his actions inadvertently give rise to a series of brutal murders he and his father must find a way to fix the consequences of altering time.",8.1364,2000-04-28,Frequency,7.269,1985,"['Science Fiction', 'Crime', 'Thriller']"
False,1288072,en,Keeper,"Liz and Malcolm escape for a romantic anniversary weekend at a secluded cabin. When Malcolm suddenly returns to the city, Liz finds herself isolated and in the presence of an unspeakable evil that reveals the cabin's horrifying secrets.",6.979,2025-11-12,Keeper,5.643,217,"['Horror', 'Mystery']"
False,1267905,en,The Roses,"Life seems easy for picture-perfect couple Ivy and Theo: successful careers, a loving marriage, great kids. But beneath the façade of their supposed ideal life, a storm is brewing – as Theo's career nosedives while Ivy's own ambitions take off, a tinderbox of fierce competition and hidden resentment ignites.",7.8733,2025-08-27,The Roses,6.7,643,"['Comedy', 'Drama']"
False,339846,en,Baywatch,"Devoted lifeguard Mitch Buchannon butts heads with a brash new recruit. Together, they uncover a local criminal plot that threatens the future of the Bay.",11.3621,2017-05-25,Baywatch,6.085,8463,"['Comedy', 'Action', 'Crime']"
False,705559,es,Los novios de mi madre,"Luisa has a habit of bringing her dates home, irritating her son, Cesar. When Cesar invites his best friend Pablo over for a sleepover, Luisa's flirtations become too much to bear, especially as Cesar has his own feelings towards Pablo.",7.6208,2020-05-29,My Mother's Lovers,4.3,9,['Drama']
False,225886,en,Sex Tape,"When Jay and Annie first got together, their romantic connection was intense – but ten years and two kids later, the flame of their love needs a spark.  To kick things up a notch, they decide – why not? – to make a video of themselves trying out every position in The Joy of Sex in one marathon three-hour session.  It seems like a great idea – until they discover that their most private video is no longer private.  With their reputations on the line, they know they’re just one click away from being laid bare to the world... but as their race to reclaim their video leads to a night they'll never forget, they'll find that their video will expose even more than they bargained for.",7.4096,2014-07-17,Sex Tape,5.409,4203,['Comedy']
False,9679,en,Gone in Sixty Seconds,"Ex-car thief Randall Raines is forced out of retirement to save his brother Kip after a boost gone wrong. With the help of allies old and new, they race to meet the demands of notorious crime boss Raymond Calitri as the police are in hot pursuit.",9.087,2000-06-09,Gone in Sixty Seconds,6.453,4826,"['Action', 'Crime', 'Thriller']"
False,1624,en,Liar Liar,"Forced by his son's birthday wish, fast-talking attorney and habitual liar Fletcher Reede must tell the truth for the next 24 hours.",7.381,1997-03-21,Liar Liar,6.707,6175,['Comedy']
False,1103,en,Escape from New York,"In a world ravaged by crime, the entire island of Manhattan has been converted into a walled prison where brutal prisoners roam free. After the US president crash-lands inside, war hero Snake Plissken has 24 hours to bring him back.",8.4186,1981-05-23,Escape from New York,7.047,3484,"['Action', 'Thriller', 'Science Fiction']"
False,54989,pt,Amor Estranho Amor,"A man remembers forty-eight crucial hours in his life when, as a child, he visited his mother, the favorite woman of an important politician, in a bordello owned by him, right before some important political changes in 1937 Brazil. In those hours, he discovers his own sexuality.",7.5343,1982-01-11,Love Strange Love,5.8,68,"['Drama', 'History']"
False,31216,en,I Can't Think Straight,"Tala, a London-based Palestinian, is preparing for her elaborate Middle Eastern wedding when she meets Leyla, a young British Indian woman who is dating her best friend. Spirited Christian Tala and shy Muslim Leyla could not be more different from each other, but the attraction is immediate and goes deeper than friendship. But Tala is not ready to accept the implications of the choice her heart has made for her and escapes back to Jordan, while Leyla tries to move on with her new-found life, to the shock of her tradition-loving parents. As Tala's wedding day approaches, simmering tensions come to boiling point and the pressure mounts for Tala to be true to herself.",8.5964,2008-06-01,I Can't Think Straight,7.5,327,"['Drama', 'Romance']"
False,369972,en,First Man,"A look at the life of the astronaut, Neil Armstrong, and the legendary space mission that led him to become the first man to walk on the Moon on July 20, 1969.",8.0839,2018-10-10,First Man,7.0,5619,"['History', 'Drama']"
False,2277,en,Bicentennial Man,"Richard Martin buys a gift, a new NDR-114 robot. The product is named Andrew by the youngest of the family's children. ""Bicentennial Man"" follows the life and times of Andrew, a robot purchased as a household appliance programmed to perform menial tasks. As Andrew begins to experience emotions and creative thought, the Martin family soon discovers they don't have an ordinary robot.",8.6009,1999-12-17,Bicentennial Man,7.265,3869,"['Science Fiction', 'Drama']"
False,4824,en,The Jackal,"Hired by a powerful member of the Russian mafia to avenge an FBI sting that left his brother dead, a psychopathic hitman known only as The Jackal proves an elusive target for the people charged with the task of bringing him down: a deputy FBI director, a Russian MVK Major,  and a jailed IRA terrorist who can recognize him.",6.7884,1997-11-14,The Jackal,6.384,2082,"['Action', 'Thriller', 'Adventure', 'Crime']"
False,1150394,es,La Leyenda de los Chaneques,"Five years after giving up his powers and separating from his friends, Leo San Juan has started a new life trying to focus on his family and their bakery, staying away from danger and adventures. However, Leo knows that his plans are rarely fulfilled and this time is no exception: while traveling with Nando to Veracruz, things start to get weird, and from the depths of the Tuxtlas jungle, an ancient curse has returned and only Leo can face it.",7.2932,2023-07-14,La Leyenda de los Chaneques,8.3,254,"['Animation', 'Comedy', 'Family', 'Horror']"
False,600,en,Full Metal Jacket,A pragmatic U.S. Marine observes the dehumanizing effects the U.S.-Vietnam War has on his fellow recruits from their brutal boot camp training to the bloody street fighting in Hue.,11.7872,1987-06-26,Full Metal Jacket,8.119,11359,"['Drama', 'War']"
False,10196,en,The Last Airbender,"A century has passed since the Fire Nation declared war on the other three nations of air, water, and earth in its attempt for global domination. Aang, the long-lost Avatar, is found by Water Tribe siblings Katara and Sokka and must learn to master water, earth, and fire bending to defeat the Fire Nation and restore balance to the world.",7.8303,2010-06-30,The Last Airbender,4.646,4232,"['Action', 'Adventure', 'Fantasy']"
False,36669,en,Die Another Day,"James Bond is sent to investigate the connection between a North Korean terrorist and a diamond mogul, who is funding the development of an international space weapon.",10.4822,2002-11-17,Die Another Day,6.0,3850,"['Adventure', 'Action', 'Thriller']"
False,4547,en,Panic Room,"Trapped in their New York brownstone's panic room, a hidden chamber built as a sanctuary in the event of break-ins, newly divorced Meg Altman and her young daughter Sarah play a deadly game of cat-and-mouse with three intruders - Burnham, Raoul and Junior - during a brutal home invasion. But the room itself is the focal point because what the intruders really want is inside it.",6.2479,2002-03-29,Panic Room,6.791,5363,"['Crime', 'Drama', 'Thriller']"
False,37094,en,Falling Down,An ordinary man frustrated with the various flaws he sees in society begins to psychotically and violently lash out against them.,8.7874,1993-02-26,Falling Down,7.392,4047,"['Crime', 'Drama', 'Thriller']"
False,2277,en,Bicentennial Man,"Richard Martin buys a gift, a new NDR-114 robot. The product is named Andrew by the youngest of the family's children. ""Bicentennial Man"" follows the life and times of Andrew, a robot purchased as a household appliance programmed to perform menial tasks. As Andrew begins to experience emotions and creative thought, the Martin family soon discovers they don't have an ordinary robot.",8.6009,1999-12-17,Bicentennial Man,7.265,3869,"['Science Fiction', 'Drama']"
False,4824,en,The Jackal,"Hired by a powerful member of the Russian mafia to avenge an FBI sting that left his brother dead, a psychopathic hitman known only as The Jackal proves an elusive target for the people charged with the task of bringing him down: a deputy FBI director, a Russian MVK Major,  and a jailed IRA terrorist who can recognize him.",6.7884,1997-11-14,The Jackal,6.384,2083,"['Action', 'Thriller', 'Adventure', 'Crime']"
False,1150394,es,La Leyenda de los Chaneques,"Five years after giving up his powers and separating from his friends, Leo San Juan has started a new life trying to focus on his family and their bakery, staying away from danger and adventures. However, Leo knows that his plans are rarely fulfilled and this time is no exception: while traveling with Nando to Veracruz, things start to get weird, and from the depths of the Tuxtlas jungle, an ancient curse has returned and only Leo can face it.",7.2932,2023-07-14,La Leyenda de los Chaneques,8.3,254,"['Animation', 'Comedy', 'Family', 'Horror']"
False,600,en,Full Metal Jacket,A pragmatic U.S. Marine observes the dehumanizing effects the U.S.-Vietnam War has on his fellow recruits from their brutal boot camp training to the bloody street fighting in Hue.,11.7872,1987-06-26,Full Metal Jacket,8.119,11359,"['Drama', 'War']"
False,10196,en,The Last Airbender,"A century has passed since the Fire Nation declared war on the other three nations of air, water, and earth in its attempt for global domination. Aang, the long-lost Avatar, is found by Water Tribe siblings Katara and Sokka and must learn to master water, earth, and fire bending to defeat the Fire Nation and restore balance to the world.",7.8303,2010-06-30,The Last Airbender,4.646,4233,"['Action', 'Adventure', 'Fantasy']"
False,36669,en,Die Another Day,"James Bond is sent to investigate the connection between a North Korean terrorist and a diamond mogul, who is funding the development of an international space weapon.",10.4822,2002-11-17,Die Another Day,5.999,3851,"['Adventure', 'Action', 'Thriller']"
False,4547,en,Panic Room,"Trapped in their New York brownstone's panic room, a hidden chamber built as a sanctuary in the event of break-ins, newly divorced Meg Altman and her young daughter Sarah play a deadly game of cat-and-mouse with three intruders - Burnham, Raoul and Junior - during a brutal home invasion. But the room itself is the focal point because what the intruders really want is inside it.",6.2479,2002-03-29,Panic Room,6.791,5363,"['Crime', 'Drama', 'Thriller']"
False,37094,en,Falling Down,An ordinary man frustrated with the various flaws he sees in society begins to psychotically and violently lash out against them.,8.7874,1993-02-26,Falling Down,7.392,4047,"['Crime', 'Drama', 'Thriller']"
False,18823,en,Clash of the Titans,"Born of a god but raised as a man, Perseus is helpless to save his family from Hades, vengeful god of the underworld. With nothing to lose, Perseus volunteers to lead a dangerous mission to defeat Hades before he can seize power from Zeus and unleash hell on earth. Battling unholy demons and fearsome beasts, Perseus and his warriors will only survive if Perseus accepts his power as a god, defies fate and creates his own destiny.",8.8893,2010-03-26,Clash of the Titans,5.915,6637,"['Adventure', 'Fantasy', 'Action']"
False,53182,en,300: Rise of an Empire,"Greek general Themistocles attempts to unite all of Greece by leading the charge that will change the course of the war. Themistocles faces the massive invading Persian forces led by mortal-turned-god, Xerxes and Artemesia, the vengeful commander of the Persian navy.",8.6251,2014-03-05,300: Rise of an Empire,6.115,6907,"['Action', 'Drama', 'War']"
False,93685,nl,Swingers,"Despite Diana's insecure nature, she and her husband Julian agree with the idea to sexually experiment with another couple. They put out an ad on the net to which the well experienced Alex and Timo react. We follow Diana and Julian as they prepare for the arrival of Alex and Timo, who they have invited to their home for the weekend. Diana is nervous. As soon as she is confronted with the self-confident and ravishingly sexy Alex, her insecurity increases even more. Timo seems disinterested, a sharp contrast to the boyish excitement of Julian. But as night falls and their sexual exploration begins, we notice Timo may not be as casual as he initially seemed and Diana on the other hand contains hidden strength. And so we realize there's more to 'Swingers' than just sex. Swingers: could your relationship stand the test?",10.6169,2002-10-01,Swingers,5.8,70,"['Romance', 'Drama']"
False,9560,en,A Walk in the Clouds,World War II vet Paul Sutton falls for a pregnant and unwed woman who persuades him -- during their first encounter -- to pose as her husband so she can face her family.,9.894,1995-05-27,A Walk in the Clouds,7.371,1113,"['Drama', 'Romance']"
False,660,en,Thunderball,A criminal organization has obtained two nuclear bombs and are asking for a 100 million pound ransom in the form of diamonds in seven days or they will use the weapons. The secret service sends James Bond to the Bahamas to once again save the world.,7.3588,1965-12-11,Thunderball,6.669,2611,"['Adventure', 'Action', 'Thriller']"
False,916224,ja,すずめの戸締まり,"Suzume, 17, lost her mother as a little girl. On her way to school, she meets a mysterious young man. But her curiosity unleashes a calamity that endangers the entire population of Japan, and so Suzume embarks on a journey to set things right.",8.2204,2022-11-11,Suzume,7.887,1704,"['Animation', 'Drama', 'Adventure', 'Fantasy']"
False,655,en,"Paris, Texas","A man wanders out of the desert not knowing who he is. His brother finds him, and helps to pull his memory back of the life he led before he walked out on his family and disappeared four years earlier.",9.6205,1984-07-16,"Paris, Texas",8.096,2188,['Drama']
False,1645,en,A Time to Kill,"A young lawyer defends a black man accused of murdering two white men who raped his 10-year-old daughter, sparking a rebirth of the KKK.",8.6501,1996-07-24,A Time to Kill,7.391,2920,"['Crime', 'Drama', 'Thriller']"
False,15255,en,Undisputed II: Last Man Standing,"Heavyweight Champ George ""Iceman"" Chambers is sent to a Russian jail on trumped-up drug charges. In order to win his freedom he must fight against the jailhouse fighting champ Uri Boyka in a battle to the death. This time he is not fighting for a title, he is fighting for his life!",8.6792,2006-04-11,Undisputed II: Last Man Standing,7.4,906,"['Action', 'Crime', 'Thriller', 'Drama']"
False,473033,en,Uncut Gems,"A charismatic New York City jeweler always on the lookout for the next big score makes a series of high-stakes bets that could lead to the windfall of a lifetime. Howard must perform a precarious high-wire act, balancing business, family, and encroaching adversaries on all sides in his relentless pursuit of the ultimate win.",9.9972,2019-08-30,Uncut Gems,7.162,5323,"['Drama', 'Thriller', 'Crime']"
False,1330421,en,Bone Lake,"A couple’s romantic vacation at a secluded lakeside estate is upended when they are forced to share the mansion with a mysterious and attractive couple. In this darkly hilarious and seductive horror story, a dream getaway spirals into a nightmarish maze of sex, lies, and manipulation, bringing terrifying secrets to light and triggering a bloody battle for survival.",7.9995,2025-10-02,Bone Lake,5.887,181,"['Horror', 'Mystery', 'Thriller']"
False,634,en,Bridget Jones's Diary,"Bridget Jones is an average woman struggling against expectations. As a New Year's resolution, Bridget decides to take control of her life, starting by keeping a diary in which she will always tell the complete truth. Her charming boss takes an interest in her, and she cannot stop running into a rather disagreeable acquaintance whom Bridget cannot help finding quietly attractive.",8.2557,2001-04-13,Bridget Jones's Diary,6.74,5457,"['Comedy', 'Romance', 'Drama']"
False,1353333,en,Mouseboat Massacre,The story follows a young woman battling a drug addiction who suddenly begins to see a mutated mouse human hybrid who infests her life. Those around her begin to drop like flies.,8.1948,2025-05-09,Mouseboat Massacre,5.55,30,['Horror']
False,710295,en,Wolf Man,"With his marriage fraying, Blake persuades his wife Charlotte to take a break from the city and visit his remote childhood home in rural Oregon. As they arrive at the farmhouse in the dead of night, they're attacked by an unseen animal and barricade themselves inside the home as the creature prowls the perimeter. But as the night stretches on, Blake begins to behave strangely, transforming into something unrecognizable.",8.7908,2025-01-15,Wolf Man,6.192,949,"['Horror', 'Thriller']"
False,9428,en,The Royal Tenenbaums,"Royal Tenenbaum and his wife Etheline had three children and then they separated. All three children are extraordinary --- all geniuses. Virtually all memory of the brilliance of the young Tenenbaums was subsequently erased by two decades of betrayal, failure, and disaster. Most of this was generally considered to be their father's fault. ""The Royal Tenenbaums"" is the story of the family's sudden, unexpected reunion one recent winter.",9.3851,2001-10-05,The Royal Tenenbaums,7.457,4976,"['Comedy', 'Drama']"
False,62213,en,Dark Shadows,Vampire Barnabas Collins is inadvertently freed from his tomb and emerges into the very changed world of 1972. He returns to Collinwood Manor to find that his once-grand estate and family have fallen into ruin.,9.0844,2012-05-09,Dark Shadows,6.097,7577,"['Comedy', 'Fantasy']"
False,1738,en,Next,"Las Vegas showroom magician Cris Johnson has a secret which torments him: he can see a few minutes into the future. Sick of the examinations he underwent as a child and the interest of the government and medical establishment in his power, he lies low under an assumed name in Vegas, performing cheap tricks and living off small-time gambling ""winnings."" But when a terrorist group threatens to detonate a nuclear device in Los Angeles, government agent Callie Ferris must use all her wiles to capture Cris and convince him to help her stop the cataclysm.",8.1387,2007-04-25,Next,6.121,3229,"['Action', 'Science Fiction', 'Thriller']"
False,49046,de,Im Westen nichts Neues,"Paul Baumer and his friends Albert and Muller, egged on by romantic dreams of heroism, voluntarily enlist in the German army. Full of excitement and patriotic fervour, the boys enthusiastically march into a war they believe in. But once on the Western Front, they discover the soul-destroying horror of World War I.",7.1801,2022-10-07,All Quiet on the Western Front,7.717,4606,"['War', 'Drama']"
False,1232449,nl,Young Hearts,"14-year-old Elias increasingly feels like an outsider in his village. When he meets his new neighbour of the same age, Alexander, Elias is confronted with his burgeoning sexuality.",6.9747,2024-10-26,Young Hearts,8.427,246,"['Drama', 'Romance']"
False,81390,en,A Lonely Place to Die,A group of five mountaineers are hiking and climbing in the Scottish Highlands when they discover a young Serbian girl buried in a small chamber in the wilderness. They become caught up in a terrifying game of cat and mouse with the kidnappers as they try to get the girl to safety.,8.3079,2011-04-09,A Lonely Place to Die,6.2,637,"['Adventure', 'Action', 'Thriller', 'Crime']"
False,196,en,Back to the Future Part III,"The final installment finds Marty digging the trusty DeLorean out of a mineshaft and looking for Doc in the Wild West of 1885. But when their time machine breaks down, the travelers are stranded in a land of spurs. More problems arise when Doc falls for pretty schoolteacher Clara Clayton, and Marty tangles with Buford Tannen.",8.5156,1990-05-25,Back to the Future Part III,7.491,11433,"['Adventure', 'Comedy', 'Science Fiction']"
False,1571470,en,The Rats: A Witcher Tale,"To pull off a daring heist, a gang of six misfit outlaws will have to do something they've never done before: trust each other — and a washed-up Witcher.",7.1282,2025-10-29,The Rats: A Witcher Tale,5.403,144,"['Fantasy', 'Drama', 'Adventure']"
False,1146344,en,Misdirection,"A desperate couple have pulled off a string of high-end break-ins to pay off a mob debt. When they attempt to rob their latest victim, they find themselves caught in a deadly game of cat and mouse. The tables are turned and the hunters become the hunted.",7.5739,2026-01-13,Misdirection,5.8,37,"['Horror', 'Thriller']"
False,1632,en,Mississippi Burning,"Two FBI agents investigating the murder of civil rights workers during the 60s seek to breach the conspiracy of silence in a small Southern town where segregation divides black and white. The younger agent trained in FBI school runs up against the small town ways of his partner, a former sheriff.",6.7403,1988-12-08,Mississippi Burning,7.679,1906,"['Drama', 'Crime', 'Mystery', 'Thriller']"
False,714,en,Tomorrow Never Dies,A deranged media mogul is staging international incidents to pit the world's superpowers against each other. Now James Bond must take on this evil mastermind in an adrenaline-charged battle to end his reign of terror and prevent global pandemonium.,9.0875,1997-12-11,Tomorrow Never Dies,6.377,3405,"['Adventure', 'Action', 'Thriller']"
False,13387,en,Transporter 3,"Frank Martin puts the driving gloves on to deliver Valentina, the kidnapped daughter of a Ukrainian government official, from Marseilles to Odessa on the Black Sea. En route, he has to contend with thugs who want to intercept Valentina's safe delivery and not let his personal feelings get in the way of his dangerous objective.",8.2563,2008-11-26,Transporter 3,6.162,3632,"['Action', 'Thriller', 'Crime']"
False,1276704,es,53 domingos,"When three siblings agree to meet and discuss their aging father's future, their reunion spirals into bickering, bantering and reliving old grudges.",8.7488,2026-03-26,53 Sundays,6.01,52,"['Comedy', 'Drama']"
False,296099,en,Vacation,"Hoping to bring his family closer together and to recreate his childhood vacation for his own kids, a grown up Rusty Griswold takes his wife and their two sons on a cross-country road trip to the coolest theme park in America, Walley World. Needless to say, things don't go quite as planned.",10.3985,2015-07-28,Vacation,6.306,3951,"['Comedy', 'Adventure']"
False,65,en,8 Mile,"For Jimmy Smith, Jr., life is a daily fight just to keep hope alive. Feeding his dreams in Detroit's vibrant music scene, Jimmy wages an extraordinary personal struggle to find his own voice - and earn a place in a world where rhymes rule, legends are born and every moment… is another chance.",9.2676,2002-11-08,8 Mile,7.141,7761,"['Drama', 'Music']"
False,80794,zh,滅門慘案之孽殺,The police suspect a young teenager who was horrifically abused by her family and raped by her father of finally snapping and slaughtering them all.,6.8193,1993-10-28,Daughter of Darkness,5.3,27,"['Thriller', 'Horror', 'Comedy']"
False,252,en,Willy Wonka & the Chocolate Factory,"When eccentric candy man Willy Wonka promises a lifetime supply of sweets and a tour of his chocolate factory to five lucky kids, penniless Charlie Bucket seeks the golden ticket that will make him a winner.",8.2717,1971-06-29,Willy Wonka & the Chocolate Factory,7.483,3918,"['Family', 'Fantasy', 'Comedy']"
False,1353117,en,Home Sweet Home: Rebirth,"When a city is overrun with a demonically-possessed crowd, a cop must find the source of evil to save his family.",8.8866,2025-03-20,Home Sweet Home: Rebirth,5.887,133,"['Horror', 'Fantasy', 'Thriller', 'Mystery', 'Action']"
False,45269,en,The King's Speech,"The King's Speech tells the story of the man who became King George VI, the father of Queen Elizabeth II. After his brother abdicates, George ('Bertie') reluctantly assumes the throne. Plagued by a dreaded stutter and considered unfit to be king, Bertie engages the help of an unorthodox speech therapist named Lionel Logue. Through a set of unexpected techniques, and as a result of an unlikely friendship, Bertie is able to find his voice and boldly lead the country into war.",7.8777,2010-11-26,The King's Speech,7.733,9245,"['Drama', 'History']"
False,2109,en,Rush Hour,"When Hong Kong Inspector Lee is summoned to Los Angeles to investigate a kidnapping, the FBI doesn't want any outside help and assigns cocky LAPD Detective James Carter to distract Lee from the case. Not content to watch the action from the sidelines, Lee and Carter form an unlikely partnership and investigate the case themselves.",12.5812,1998-09-18,Rush Hour,7.063,5586,"['Action', 'Comedy', 'Crime']"
False,785084,en,The Whale,A reclusive English teacher suffering from severe obesity attempts to reconnect with his estranged teenage daughter for one last chance at redemption.,8.5865,2022-12-09,The Whale,7.775,4619,['Drama']
False,1276521,en,Charlie the Wonderdog,"Timid 9-year-old Danny teams up with his beloved family dog Charlie, who gets abducted by aliens and returns with superpowers, to thwart a plan by the neighbor's sinister cat Puddy to destroy humanity.",7.8368,2025-10-24,Charlie the Wonderdog,6.2,12,"['Animation', 'Action', 'Adventure', 'Comedy', 'Family']"
False,2268,en,The Golden Compass,"In a parallel universe, after overhearing a shocking secret, precocious orphan Lyra Belacqua trades her carefree existence roaming the halls of Jordan College for an otherworldly adventure in the far North, unaware that it's part of her destiny.",9.0694,2007-12-04,The Golden Compass,6.082,4799,"['Adventure', 'Fantasy']"
False,1371,en,Rocky III,Following Rocky Balboa's intense battle with his most powerful adversary yet – the ferocious Clubber Lang – Rocky joins forces with former rival Apollo Creed in an effort to get back his fighting spirit.,8.5885,1982-05-28,Rocky III,6.899,4459,"['Drama', 'Action']"
False,798286,en,Beau Is Afraid,"Following the sudden death of his mother, a mild-mannered but anxiety-ridden man confronts his darkest fears as he embarks on an epic odyssey back home.",9.5094,2023-04-14,Beau Is Afraid,6.711,1296,"['Comedy', 'Adventure', 'Fantasy']"
False,8204,en,The Spiderwick Chronicles,"Upon moving into the run-down Spiderwick Estate with their mother, twin brothers Jared and Simon Grace, along with their sister Mallory, find themselves pulled into an alternate world full of faeries and other creatures.",9.455,2008-02-14,The Spiderwick Chronicles,6.684,2816,"['Family', 'Adventure', 'Fantasy', 'Drama']"
False,2019,en,Hard Target,"When a woman's father goes missing, she enlists a local to aid in her search.  The pair soon discover that her father has died at the hands of a wealthy sportsman who hunts homeless men as a form of recreation.",8.933,1993-04-27,Hard Target,6.481,1318,"['Action', 'Thriller', 'Crime']"
False,1212855,en,Fight or Flight,A mercenary takes on the job of tracking down a target on a plane but must protect that target when they're surrounded by people trying to kill both of them.,8.4644,2025-04-03,Fight or Flight,6.233,360,"['Action', 'Comedy', 'Thriller']"
False,829,en,Chinatown,"Private eye Jake Gittes lives off of the murky moral climate of sunbaked, pre-World War II Southern California. Hired by a beautiful socialite to investigate her husband's extra-marital affair, Gittes is swept into a maelstrom of double dealings and deadly deceits, uncovering a web of personal and political scandals that come crashing together.",8.7314,1974-06-20,Chinatown,7.91,4221,"['Crime', 'Drama', 'Mystery', 'Thriller']"
False,479455,en,Men in Black: International,"The Men in Black have always protected the Earth from the scum of the universe. In this new adventure, they tackle their biggest, most global threat to date: a mole in the Men in Black organization.",8.8319,2019-06-12,Men in Black: International,5.895,5302,"['Comedy', 'Science Fiction', 'Action', 'Adventure']"
False,550205,en,Wish Dragon,Determined teen Din is longing to reconnect with his childhood best friend when he meets a wish-granting dragon who shows him the magic of possibilities.,9.1801,2021-01-15,Wish Dragon,7.832,1464,"['Animation', 'Family', 'Comedy', 'Fantasy', 'Romance', 'Adventure']"
False,442062,en,Goosebumps 2: Haunted Halloween,"Be careful what you wish for. With their after school junk business, best friends Sonny and Sam hope to find treasure in other people’s trash. But when cleaning out the old Stine house, they open a locked book that frees a supernatural nightmare – Slappy! Now, with the help of Sonny’s sister Sarah, they’re in a race against time to get the sinister dummy and all the creatures he’s brought to life back into the pages before he unleashes total pandemonium!",7.6612,2018-10-11,Goosebumps 2: Haunted Halloween,6.097,1616,"['Comedy', 'Fantasy', 'Horror', 'Family']"
False,661539,en,A Complete Unknown,"New York, early 1960s. Against the backdrop of a vibrant music scene and tumultuous cultural upheaval, an enigmatic 19-year-old from Minnesota arrives in the West Village with his guitar and revolutionary talent, destined to change the course of American music.",9.5071,2024-12-25,A Complete Unknown,7.083,1408,"['Drama', 'Music']"
False,1212855,en,Fight or Flight,A mercenary takes on the job of tracking down a target on a plane but must protect that target when they're surrounded by people trying to kill both of them.,8.4644,2025-04-03,Fight or Flight,6.233,360,"['Action', 'Comedy', 'Thriller']"
False,829,en,Chinatown,"Private eye Jake Gittes lives off of the murky moral climate of sunbaked, pre-World War II Southern California. Hired by a beautiful socialite to investigate her husband's extra-marital affair, Gittes is swept into a maelstrom of double dealings and deadly deceits, uncovering a web of personal and political scandals that come crashing together.",8.7314,1974-06-20,Chinatown,7.91,4221,"['Crime', 'Drama', 'Mystery', 'Thriller']"
False,479455,en,Men in Black: International,"The Men in Black have always protected the Earth from the scum of the universe. In this new adventure, they tackle their biggest, most global threat to date: a mole in the Men in Black organization.",8.8319,2019-06-12,Men in Black: International,5.895,5302,"['Comedy', 'Science Fiction', 'Action', 'Adventure']"
False,550205,en,Wish Dragon,Determined teen Din is longing to reconnect with his childhood best friend when he meets a wish-granting dragon who shows him the magic of possibilities.,9.1801,2021-01-15,Wish Dragon,7.832,1464,"['Animation', 'Family', 'Comedy', 'Fantasy', 'Romance', 'Adventure']"
False,442062,en,Goosebumps 2: Haunted Halloween,"Be careful what you wish for. With their after school junk business, best friends Sonny and Sam hope to find treasure in other people’s trash. But when cleaning out the old Stine house, they open a locked book that frees a supernatural nightmare – Slappy! Now, with the help of Sonny’s sister Sarah, they’re in a race against time to get the sinister dummy and all the creatures he’s brought to life back into the pages before he unleashes total pandemonium!",7.6612,2018-10-11,Goosebumps 2: Haunted Halloween,6.097,1616,"['Comedy', 'Fantasy', 'Horror', 'Family']"
False,661539,en,A Complete Unknown,"New York, early 1960s. Against the backdrop of a vibrant music scene and tumultuous cultural upheaval, an enigmatic 19-year-old from Minnesota arrives in the West Village with his guitar and revolutionary talent, destined to change the course of American music.",9.5071,2024-12-25,A Complete Unknown,7.083,1408,"['Drama', 'Music']"
False,10033,en,Just Friends,"While visiting his hometown during Christmas, a man comes face-to-face with his old high school crush whom he was best friends with – a woman whose rejection of him turned him into a ferocious womanizer.",8.9571,2005-11-23,Just Friends,6.202,1768,"['Comedy', 'Romance']"
False,682,en,The Man with the Golden Gun,"Cool government operative James Bond searches for a stolen invention that can turn the sun's heat into a destructive weapon. He soon crosses paths with the menacing Francisco Scaramanga, a hitman so skilled he has a seven-figure working fee. Bond then joins forces with the swimsuit-clad Mary Goodnight, and together they track Scaramanga to a Thai tropical isle hideout where the killer-for-hire lures the slick spy into a deadly maze for a final duel.",8.7157,1974-12-04,The Man with the Golden Gun,6.457,2259,"['Adventure', 'Action', 'Thriller']"
False,10439,en,Hocus Pocus,"After 300 years of slumber, three sister witches are accidentally resurrected in Salem on Halloween night, and it is up to three kids and their newfound feline friend to put an end to the witches' reign of terror once and for all.",8.4696,1993-07-16,Hocus Pocus,7.035,3263,"['Fantasy', 'Comedy', 'Family']"
False,44264,en,True Grit,"Following the murder of her father by a hired hand, a 14-year-old farm girl sets out to capture the killer. To aid her, she hires the toughest U.S. Marshal she can find—a man with 'true grit'—Reuben J. 'Rooster' Cogburn.",8.6337,2010-12-22,True Grit,7.306,5704,"['Drama', 'Adventure', 'Western']"
False,391,it,Per un pugno di dollari,"The Man With No Name enters the Mexican village of San Miguel in the midst of a power struggle among the three Rojo brothers and sheriff John Baxter. When a regiment of Mexican soldiers bearing gold intended to pay for new weapons is waylaid by the Rojo brothers, the stranger inserts himself into the middle of the long-simmering battle, selling false information to both sides for his own benefit.",6.6737,1964-09-12,A Fistful of Dollars,7.825,4670,['Western']
False,339403,en,Baby Driver,"After being coerced into working for a crime boss, a young getaway driver finds himself taking part in a heist doomed to fail.",13.3615,2017-06-28,Baby Driver,7.442,16734,"['Action', 'Crime']"
False,43549,en,The Experiment,20 men are chosen to participate in the roles of guards and prisoners in a psychological study that ultimately spirals out of control.,7.8164,2010-07-15,The Experiment,6.371,1305,"['Thriller', 'Drama']"
False,773543,ru,Соври мне правду,"A couple in love spends time away from civilization, but the sudden arrivals of the younger sister and then the girl's ex-boyfriend violate the country idyll.",6.9886,2021-09-09,Fib the Truth,5.8,89,"['Drama', 'Thriller']"
False,9341,en,The Core,"Geophysicist Dr. Josh Keyes discovers that an unknown force has caused the earth's inner core to stop rotating. With the planet's magnetic field rapidly deteriorating, our atmosphere literally starts to come apart at the seams with catastrophic consequences. To resolve the crisis, Keyes, along with a team of the world's most gifted scientists, travel into the earth's core. Their mission: detonate a device that will reactivate the core.",8.5787,2003-03-28,The Core,5.812,2118,"['Science Fiction', 'Adventure', 'Thriller']"
False,391713,en,Lady Bird,"Lady Bird McPherson, a strong willed, deeply opinionated, artistic 17 year old comes of age in Sacramento. Her relationship with her mother and her upbringing are questioned and tested as she plans to head off to college.",8.5822,2017-09-01,Lady Bird,7.25,8975,"['Drama', 'Comedy']"
False,1318642,th,ดีว่า..ราวี,"Imagine the excitement when four rival divas are brought together to perform on the same stage. But remember, when two ride on a horse, one must sit behind. So, how will these four divas share the spotlight without chaos?",6.5711,2025-12-10,Beauty and the Beat,4.7,3,"['Comedy', 'Music']"
False,482321,en,Ron's Gone Wrong,"In a world where walking, talking, digitally connected bots have become children's best friends, an 11-year-old finds that his robot buddy doesn't quite work the same as the others do.",7.5815,2021-10-14,Ron's Gone Wrong,7.859,2001,"['Animation', 'Science Fiction', 'Family', 'Comedy']"
False,1466115,ko,"오늘 밤, 세계에서 이 사랑이 사라진다 해도","A high school girl wakes up each day with no memory of yesterday. When she agrees to date a shy classmate, can their love grow with every new beginning?",7.1064,2025-12-24,Even If This Love Disappears Tonight,8.331,133,"['Romance', 'Drama']"
False,482321,en,Ron's Gone Wrong,"In a world where walking, talking, digitally connected bots have become children's best friends, an 11-year-old finds that his robot buddy doesn't quite work the same as the others do.",7.5815,2021-10-14,Ron's Gone Wrong,7.859,2001,"['Animation', 'Science Fiction', 'Family', 'Comedy']"
False,1466115,ko,"오늘 밤, 세계에서 이 사랑이 사라진다 해도","A high school girl wakes up each day with no memory of yesterday. When she agrees to date a shy classmate, can their love grow with every new beginning?",7.1064,2025-12-24,Even If This Love Disappears Tonight,8.331,133,"['Romance', 'Drama']"
False,10860,en,Steel Magnolias,"A young beautician, newly arrived in a small Louisiana town, finds work at the local salon, where a small group of women share a close bond of friendship and welcome her into the fold.",8.9893,1989-11-15,Steel Magnolias,7.189,717,"['Comedy', 'Drama', 'Romance']"
False,758679,en,Mothers' Instinct,"Housewives Alice and Celine are best friends and neighbours who seem to have it all. However, when a tragic accident shatters the harmony of their lives, guilt, suspicion and paranoia begin to unravel their sisterly bond.",7.4885,2024-01-11,Mothers' Instinct,6.864,649,"['Thriller', 'Drama']"
False,293,en,A River Runs Through It,"The Maclean brothers, Paul and Norman, live a relatively idyllic life in rural Montana, spending much of their time fly fishing. The sons of a minister, the boys eventually part company when Norman moves east to attend college, leaving his rebellious brother to find trouble back home. When Norman finally returns, the siblings resume their fishing outings, and assess where they've been and where they're going.",7.3797,1992-10-09,A River Runs Through It,7.0,1178,['Drama']
False,52744,en,Falling in Love,"During shopping for Christmas, Frank and Molly run into each other. This fleeting short moment will start to change their lives, when they recognize each other months later in the train home and have a good time together. Although both are married and Frank has two little kids, they meet more and more often, their friendship becoming the most precious thing in their lives.",6.4076,1984-11-21,Falling in Love,6.653,392,"['Drama', 'Romance']"
False,137116,en,Smurfs: The Lost Village,"In this fully animated, all-new take on the Smurfs, a mysterious map sets Smurfette and her friends Brainy, Clumsy and Hefty on an exciting race through the Forbidden Forest leading to the discovery of the biggest secret in Smurf history.",7.9448,2017-03-23,Smurfs: The Lost Village,6.35,1546,"['Family', 'Comedy', 'Adventure', 'Animation']"
False,989662,en,A Different Man,"Aspiring actor Edward undergoes a radical medical procedure to drastically transform his appearance. But his new dream face quickly turns into a nightmare, as he loses out on the role he was born to play and becomes obsessed with reclaiming what was lost.",8.9089,2024-08-24,A Different Man,6.928,425,"['Comedy', 'Drama', 'Thriller']"
False,8848,en,The Bank Job,"Terry is a small-time car dealer trying to leave his shady past behind and start a family. Martine is a beautiful model from Terry's old neighbourhood who knows that Terry is no angel. When Martine proposes a foolproof plan to rob a bank, Terry recognises the danger but realises this may be the opportunity of a lifetime.",8.6922,2008-02-28,The Bank Job,6.842,2581,"['Thriller', 'Crime', 'Drama']"
False,10054,en,Spy Kids,"Carmen and Juni think their parents are boring. Little do they know that in their day, Gregorio and Ingrid Cortez were the top secret agents from their respective countries. They gave up that life to raise their children. Now, the disappearances of several of their old colleagues forces the Cortez' return from retirement. What they didn't count on was Carmen and Juni joining the ""family business.""",7.9584,2001-03-18,Spy Kids,5.818,3684,"['Family', 'Action', 'Comedy', 'Adventure', 'Science Fiction']"
False,11645,ja,乱,Shakespeare's King Lear is reimagined as a singular historical epic set in sixteenth-century Japan where an aging warlord divides his kingdom between his three sons.,6.7364,1985-06-01,Ran,8.034,1789,"['Action', 'Drama', 'History']"
False,530956,en,All Day and a Night,"While serving life in prison, a young man looks back at the people, the circumstances and the system that set him on the path toward his crime.",7.7222,2020-05-01,All Day and a Night,6.2,179,['Drama']
False,450465,en,Glass,"In a series of escalating encounters, former security guard David Dunn uses his supernatural abilities to track Kevin Wendell Crumb, a disturbed man who has twenty-four personalities. Meanwhile, the shadowy presence of Elijah Price emerges as an orchestrator who holds secrets critical to both men.",8.2311,2019-01-16,Glass,6.7,9020,"['Thriller', 'Drama', 'Science Fiction']"
False,58574,en,Sherlock Holmes: A Game of Shadows,"There is a new criminal mastermind at large (Professor Moriarty) and not only is he Holmes’ intellectual equal, but his capacity for evil and lack of conscience may give him an advantage over the detective.",9.6816,2011-11-22,Sherlock Holmes: A Game of Shadows,7.144,10881,"['Adventure', 'Mystery', 'Action']"
False,64635,en,Total Recall,"Factory worker Doug Quaid takes a virtual mind-trip vacation with the Rekall company, opting for implanted memories of being a spy. When the procedure goes wrong, Quaid becomes a wanted man by the police and joins forces with a rebel fighter to stop the evil Chancellor Cohaagen.",7.3431,2012-08-02,Total Recall,6.028,5830,"['Action', 'Science Fiction', 'Thriller']"
False,198184,en,Chappie,"Every child comes into the world full of promise, and none more so than Chappie: he is gifted, special, a prodigy. Like any child, Chappie will come under the influence of his surroundings—some good, some bad—and he will rely on his heart and soul to find his way in the world and become his own man. But there's one thing that makes Chappie different from any one else: he is a robot.",14.6777,2015-03-04,Chappie,6.788,8417,"['Crime', 'Action', 'Science Fiction']"
False,508642,ko,곤지암,"The crew of a horror web series travels to an abandoned asylum for a live broadcast, but they encounter much more than expected as they move deeper inside the nightmarish old building.",9.2831,2018-03-28,Gonjiam: Haunted Asylum,7.275,901,"['Horror', 'Mystery']"
False,13597,en,Labyrinth,"Frustrated with babysitting on yet another weekend night, Sarah, a teenager with an active imagination, summons the Goblins to take her baby stepbrother away. When little Toby actually disappears, Sarah must follow him into a fantastical world to rescue him from the Goblin King. Guarding his castle is the labyrinth itself, a twisted maze of deception, populated with outrageous characters and unknown dangers.",9.2912,1986-06-27,Labyrinth,7.275,2709,"['Adventure', 'Family', 'Fantasy']"
False,13597,en,Labyrinth,"Frustrated with babysitting on yet another weekend night, Sarah, a teenager with an active imagination, summons the Goblins to take her baby stepbrother away. When little Toby actually disappears, Sarah must follow him into a fantastical world to rescue him from the Goblin King. Guarding his castle is the labyrinth itself, a twisted maze of deception, populated with outrageous characters and unknown dangers.",9.2912,1986-06-27,Labyrinth,7.275,2709,"['Adventure', 'Family', 'Fantasy']"
False,319,en,True Romance,"Clarence marries hooker Alabama, steals cocaine from her pimp, and tries to sell it in Hollywood, while the owners of the coke try to reclaim it.",8.5513,1993-09-09,True Romance,7.535,3026,"['Action', 'Crime', 'Romance']"
False,1515899,en,Billie Eilish - Hit Me Hard and Soft: The Tour (Live in 3D),"Captured during Billie Eilish's sold-out world tour, a concert experience from one of the most celebrated and successful artists of her generation, presented in immersive 3D.",6.4398,2026-05-06,Billie Eilish - Hit Me Hard and Soft: The Tour (Live in 3D),0.0,0,"['Music', 'Documentary']"
False,1620996,es,La caja azul,"Pablo is a young, wealthy but solitary man traumatized by a fatal car accident. He meets Lara through a dating app tied to an exchange of the titular blue box. As their relationship grows, Lara draws Pablo out of his shell. But an anonymous warning alerts Pablo that Lara may not be all that she seems. What begins as an intimate connection gradually turns into a tense psychological game of cat and mouse, forcing Pablo to confront both his past and the true nature of the woman he is falling in love with.",7.1013,2026-04-16,The Blue Box,5.0,2,"['Romance', 'Thriller']"
False,10543,en,Fear,"Nicole Walker always dreamed of being swept away by someone special — someone strong, sexy and sensitive who would care for her more than anything else in the world. David is all that and more: a modern-day knight who charms and seduces her, body and soul. But her perfect boyfriend is not all he seems to be. His sweet facade masks a savage, dark side that will soon transform Nicole's dream into a nightmare.",8.6103,1996-04-12,Fear,6.604,1008,['Thriller']
False,646207,en,The Ice Road,"After a remote diamond mine collapses in far northern Canada, an ice road driver must lead an impossible rescue mission over a frozen ocean to save the trapped miners.",8.6497,2021-06-24,The Ice Road,6.761,1893,"['Action', 'Thriller']"
False,2355,en,Reign Over Me,A man who lost his family in the September 11 attack on New York City runs into his old college roommate. Rekindling the friendship is the one thing that appears able to help the man recover from his grief.,9.3825,2007-03-22,Reign Over Me,7.215,1171,['Drama']
False,3134,fr,Baise-moi,"Nadine and Manu are two mad women, as tidy as can be, almost perfectionists. They have several things in common: extreme sex, drugs, beer and the trigger. They find the solution to their problems with guns and beware to those who dare to get in their way!",7.5049,2000-06-28,Baise-moi,4.8,482,"['Crime', 'Drama', 'Thriller']"
False,9762,en,Step Up,"Delinquent Tyler Gage receives the opportunity of a lifetime after vandalizing a performing arts school, gaining him the chance to earn a scholarship and dance with up-and-coming dancer Nora.",9.0476,2006-08-11,Step Up,6.871,3871,"['Music', 'Drama', 'Romance', 'Crime']"
False,11679,en,xXx: State of the Union,Darius Stone's criminal record and extreme sports obsession make him the perfect candidate to be the newest XXX agent. He must save the U.S. government from a deadly conspiracy led by five-star general and Secretary of Defense George Deckert.,6.4933,2005-04-27,xXx: State of the Union,5.092,2011,"['Action', 'Adventure', 'Crime', 'Thriller']"
False,1242011,en,Together,"Years into their relationship, Tim and Millie find themselves at a crossroads as they move to the country, abandoning all that is familiar in their lives except each other. With tensions already flaring, a nightmarish encounter with a mysterious, unnatural force threatens to corrupt their lives, their love, and their flesh.",12.0038,2025-07-28,Together,7.0,1068,"['Horror', 'Romance']"
False,13885,en,Sweeney Todd: The Demon Barber of Fleet Street,"The infamous story of Benjamin Barker, a.k.a Sweeney Todd, who sets up a barber shop down in London which is the basis for a sinister partnership with his fellow tenant, Mrs. Lovett. Based on the hit Broadway musical.",9.4537,2007-12-21,Sweeney Todd: The Demon Barber of Fleet Street,7.178,6297,"['Drama', 'Horror']"
False,8922,en,Jeepers Creepers,"On a desolate country highway, two homeward-bound teens are nearly run off the road by a maniac in a beat-up truck, and later spot him shoving what appears to be a body down a sewer pipe.",9.7195,2001-07-01,Jeepers Creepers,6.473,3249,['Horror']
False,1153714,en,Death of a Unicorn,"A father and daughter accidentally hit and kill a unicorn while en route to a weekend retreat, where his billionaire boss seeks to exploit the creature’s miraculous curative properties.",9.5669,2025-03-27,Death of a Unicorn,6.406,787,"['Horror', 'Fantasy', 'Comedy']"
False,634492,en,Madame Web,"Forced to confront revelations about her past, paramedic Cassandra Webb forges a relationship with three young women destined for powerful futures...if they can all survive a deadly present.",7.8943,2024-02-14,Madame Web,5.301,2532,"['Action', 'Fantasy']"
False,4148,en,Revolutionary Road,A young couple living in a Connecticut suburb during the mid-1950s struggle to come to terms with their personal problems while trying to raise their two children. Based on a novel by Richard Yates.,8.0552,2008-12-19,Revolutionary Road,6.982,4088,"['Drama', 'Romance']"
False,974950,fr,Emilia Pérez,"Rita, an underrated lawyer working for a large law firm more interested in getting criminals out of jail than bringing them to justice, is hired by the leader of a criminal organization.",7.065,2024-08-21,Emilia Pérez,6.459,1933,"['Drama', 'Thriller']"
False,388,en,Inside Man,"When an armed, masked gang enter a Manhattan bank, lock the doors and take hostages, the detective assigned to effect their release enters negotiations preoccupied with corruption charges he is facing.",8.9452,2006-03-17,Inside Man,7.403,6299,"['Crime', 'Drama', 'Thriller']"
False,639,en,When Harry Met Sally...,"Sex always gets in the way of friendships between men and women. At least, that's what Harry Burns believes. So when Harry meets Sally Albright and a deep friendship blossoms between them, Harry's determined not to let his attraction to Sally destroy it. But when a night of weakness ends in a morning of panic, can the pair avoid succumbing to Harry's fears by remaining friends and admitting they just might be the perfect match for each other?",9.2244,1989-07-12,When Harry Met Sally...,7.404,4550,"['Comedy', 'Romance', 'Drama']"
False,1041613,en,Immaculate,"An American nun embarks on a new journey when she joins a remote convent in the Italian countryside. However, her warm welcome quickly turns into a living nightmare when she discovers her new home harbours a sinister secret and unspeakable horrors.",8.8757,2024-03-20,Immaculate,6.213,1600,"['Horror', 'Mystery', 'Thriller']"
False,900667,ja,ONE PIECE FILM RED,A new adventure begins for Luffy and his crew when mysterious pop superstar Uta unveils her identity — and launches a misguided plan for world peace.,7.4626,2022-08-06,One Piece Film Red,7.203,1118,"['Animation', 'Adventure', 'Action', 'Fantasy']"
False,1249508,en,Grizzly Night,"On August 12, 1967, in Montana's Glacier National Park, the unthinkable happened: that same night, nine miles apart, there were not one—but two—fatal grizzly bear attacks.",7.6494,2026-07-02,Grizzly Night,0.0,0,"['Horror', 'Thriller', 'Drama']"
False,655355,en,Dirty Sexy Saint,"Clay Kincaid hates the nickname 'Saint', he got for being too kind to stray animals and desperate people. Especially when it comes to women. With a rough and damaged past that has left him jaded, he doesn't do committed relationships. This is before he meets Samantha Jamieson, an heiress turned runaway in need of help. When she starts to work as a waitress at his bar, he discovers that she is someone truly special and amazing… someone that could warm his damaged heart.",7.962,2019-12-08,Dirty Sexy Saint,6.3,69,"['Romance', 'Drama', 'Comedy']"
False,406,fr,La Haine,"After a chaotic night of rioting in a marginal suburb of Paris, three young friends, Vinz, Hubert and Saïd, wander around unoccupied waiting for news about the state of health of a mutual friend who has been seriously injured when confronting the police.",7.8145,1995-05-31,La Haine,8.085,4504,['Drama']
False,678512,en,Sound of Freedom,"The story of Tim Ballard, a former US government agent, who quits his job in order to devote his life to rescuing children from global sex traffickers.",8.4026,2023-07-03,Sound of Freedom,7.956,2725,"['Action', 'Drama']"
False,59859,en,Kick-Ass 2,"After Kick-Ass’ insane bravery inspires a new wave of self-made masked crusaders, he joins a patrol led by the Colonel Stars and Stripes. When these amateur superheroes are hunted down by Red Mist — reborn as The Mother Fucker — only the blade-wielding Hit-Girl can prevent their annihilation.",8.7984,2013-07-17,Kick-Ass 2,6.404,6536,"['Action', 'Adventure', 'Crime']"
False,8065,en,21,"Ben Campbell is a young, highly intelligent student at M.I.T. who strives to succeed. Wanting a scholarship to transfer to Harvard School of Medicine to become a doctor, Ben learns that he cannot afford the $300,000 tuition as he comes from a poor, working-class background. But one evening, Ben is introduced by his unorthodox math professor to a small but secretive club of five students, Jill, Choi, Kianna, and Fisher, who are being trained by Professor Rosa to count cards at blackjack.",8.7651,2008-03-27,21,6.689,4999,"['Drama', 'Crime']"
False,1333100,ja,劇場版「進撃の巨人」完結編 THE LAST ATTACK,"A colossal-sized omnibus film bringing together the last two episodes of Attack on Titan in the franchise's first-ever theatrical experience. After venturing beyond the walls and separated from his comrades, Eren finds himself inspired by this new truth and plots the ""Rumbling,"" a terrifying plan to eradicate every living thing in the world. With the fate of the world hanging in the balance, a motley crew of Eren's former comrades and enemies scramble to halt his deadly mission. The only question is, can they stop him?",6.8821,2024-03-20,Attack on Titan: THE LAST ATTACK,8.732,181,"['Animation', 'Action', 'Adventure', 'Drama']"
False,1272,en,Sunshine,"Fifty years into the future, the sun is dying, and Earth is threatened by arctic temperatures. A team of astronauts is sent to revive the Sun — but the mission fails. Seven years later, a new team is sent to finish the mission as mankind’s last hope.",8.7815,2007-04-05,Sunshine,6.967,4210,"['Science Fiction', 'Thriller']"
False,483685,ja,東京喰種トーキョーグール【JACK】,"Who needs school, who needs baseball, and who needs friends? That's the attitude of high school delinquent, Taishi Fura, who became a loner after falling out with his peers. One day, he witnesses the brutal attack of a ghoul, which left one of his former friends in the hospital and the other dead. Determined to avenge them, Fura decides to pursue the man-eating monster.  His efforts allow him to cross paths with Kishou Arima, a quiet student who also attends his high school. Arima, however, is no ordinary student. Despite his young age, he is a full-fledged investigator of the CCG, a government task force that strives to deal with the ghoul threat. Together, Fura and Arima hunt down the ghoul, known as Lantern, but it soon becomes apparent the monster may be closer than anyone suspects.  In this side story, Tokyo Ghoul: ""Jack"" offers a glimpse into the past of Kishou Arima, well before he ever became the CCG's feared God of Death.",4.2614,2015-09-05,Tokyo Ghoul: Jack,7.605,95,"['Horror', 'Action', 'Animation', 'Drama']"
False,8467,en,Dumb and Dumber,"Lloyd and Harry are two men whose stupidity is really indescribable. When Mary, a beautiful woman, loses an important suitcase with money before she leaves for Aspen, the two friends (who have found the suitcase) decide to return it to her. After some ""adventures"" they finally get to Aspen where, using the lost money they live it up and fight for Mary's heart.",11.4377,1994-12-16,Dumb and Dumber,6.651,6663,['Comedy']
False,3082,en,Modern Times,"A bumbling tramp desires to build a home with a young woman, yet is thwarted time and time again by his lack of experience and habit of being in the wrong place at the wrong time..",8.8922,1936-02-05,Modern Times,8.28,4051,"['Comedy', 'Drama', 'Romance']"
False,11430,en,The Lion King 1½,Timon the meerkat and Pumbaa the warthog are best pals and the unsung heroes of the African savanna. This prequel to the smash Disney animated adventure takes you back -- way back -- before Simba's adventure began. You'll find out all about Timon and Pumbaa and tag along as they search for the perfect home and attempt to raise a rambunctious lion cub.,8.7479,2004-10-28,The Lion King 1½,6.579,3132,"['Family', 'Animation', 'Comedy', 'Adventure']"
False,1452,en,Superman Returns,"Superman returns to discover his 5-year absence has allowed Lex Luthor to walk free, and that those he was closest to felt abandoned and have moved on. Luthor plots his ultimate revenge that could see millions killed and change the face of the planet forever, as well as ridding himself of the Man of Steel.",8.6602,2006-06-28,Superman Returns,5.801,4521,"['Science Fiction', 'Action', 'Adventure']"
False,1445363,en,EPiC: Elvis Presley in Concert,"Long-lost footage from Elvis Presley's legendary Las Vegas residency in the 1970s woven together with rare 16mm footage from Elvis on Tour, and 8mm from the Graceland archive, plus recordings of Elvis telling ""his side of the story"" rediscovered during Baz Luhrmann's research for his 2022 film, Elvis.",7.9918,2026-02-18,EPiC: Elvis Presley in Concert,7.919,43,"['Music', 'Documentary']"
False,1078023,zh,狙击之王：暗杀,"The genius sniper Anna is forced to accept an assassination assignment. In the process, she gradually finds her true calling to fight for kindness and to defend a greater love. Tai, a special agent for the UN army, stands up for justice when drug lords try to harm innocent citizens. The two join forces to block the bill to legalize drug cultivation and distribution in Libiwala. They fight to the death with the drug lord Luo Jie and eventually foil his plans, protecting the people from the drugs. This is the exciting story of them working together to save a nation.",6.953,2023-01-24,The King of Snipers,5.6,10,"['Action', 'Crime', 'Comedy', 'War']"
False,68724,en,Elysium,"In the year 2159, two classes of people exist: the very wealthy who live on a pristine man-made space station called Elysium, and the rest, who live on an overpopulated, ruined Earth. Secretary Rhodes, a hard line government official, will stop at nothing to enforce anti-immigration laws and preserve the luxurious lifestyle of the citizens of Elysium. That doesn’t stop the people of Earth from trying to get in, by any means they can. When unlucky Max is backed into a corner, he agrees to take on a daunting mission that, if successful, will not only save his life, but could bring equality to these polarized worlds.",7.8496,2013-08-07,Elysium,6.517,9505,"['Science Fiction', 'Action', 'Drama', 'Thriller']"
False,508965,en,Klaus,"A selfish postman and a reclusive toymaker form an unlikely friendship, delivering joy to a cold, dark town that desperately needs it.",9.343,2019-11-08,Klaus,8.223,4617,"['Animation', 'Family', 'Comedy']"
False,1047041,ja,名探偵コナン 黒鉄の魚影（サブマリン）,"While visiting Hachijo-jima, Conan sneaks aboard a security boat heading to the Pacific Buoy, an off-shore facility constructed near the coasts built to connect surveillance cameras used by police forces around the world. However, an engineer gets abducted! An eerie sound of a propeller hums underwater as a dark figure begins to creep toward Ai Haibara... When the forbidden Black Box is opened, the sealed-away past will surface above the treacherous waves!",6.8377,2023-04-14,Detective Conan: Black Iron Submarine,7.0,137,"['Animation', 'Action', 'Crime', 'Mystery']"
False,8068,en,Desperado,"El Mariachi plunges headfirst into the dark border underworld when he follows a trail of blood to the last of the infamous Mexican drug lords, Bucho, for an action-packed, bullet-riddled showdown. With the help of his friend and a beautiful bookstore owner, El Mariachi tracks Bucho, takes on his army of desperados, and leaves his own trail of blood.",8.5145,1995-08-25,Desperado,6.9,3106,"['Thriller', 'Action', 'Crime']"
False,10515,ja,天空の城ラピュタ,A young boy and a girl with a magic crystal must race against pirates and foreign agents in a search for a legendary floating castle.,7.9602,1986-08-02,Castle in the Sky,7.972,4649,"['Adventure', 'Fantasy', 'Animation', 'Action', 'Family']"
False,176241,en,Prison Break: The Final Break,"Michael and Sara wed, but the happiness is short-lived when the Feds apprehend her for the murder of Michael's mother, Christina. Once a hit is ordered on Sara, the team reunite to break out the increasingly vulnerable target.",7.4998,2009-09-10,Prison Break: The Final Break,7.509,718,"['Action', 'Drama', 'Thriller']"
False,1029955,en,Kinds of Kindness,"A triptych fable following a man without choice who tries to take control of his own life; a policeman who is alarmed that his wife who was missing-at-sea has returned and seems a different person; and a woman determined to find a specific someone with a special ability, who is destined to become a prodigious spiritual leader.",8.2035,2024-05-30,Kinds of Kindness,6.499,1249,"['Drama', 'Comedy']"
False,9637,en,Scooby-Doo,"When the Mystery Inc. gang is invited to Spooky Island, a popular amusement park, they soon discover that the attractions aren't the only things that are spooky. Strange things are happening, and it's up to Scooby, Shaggy, Fred, Daphne, and Velma to uncover the truth behind the mysterious happenings.",7.1343,2002-06-14,Scooby-Doo,6.099,4745,"['Mystery', 'Adventure', 'Comedy']"
False,297608,en,The Taking of Deborah Logan,"What starts as a poignant medical documentary about Deborah Logan's descent into Alzheimer's disease and her daughter's struggles as caregiver degenerates into a maddening portrayal of dementia at its most frightening, as hair-raising events begin to plague the family and crew and an unspeakable malevolence threatens to tear the very fabric of sanity from them all.",8.1017,2014-10-21,The Taking of Deborah Logan,6.553,1448,"['Horror', 'Mystery']"
False,419743,en,Disobedience,"New York photographer Ronit flies to London after learning about the death of her estranged father. Ronit is returning to the same Orthodox Jewish community that shunned her decades earlier for her childhood attraction to Esti, a female friend. Their fortuitous and happy reunion soon reignites their burning passion as the two women explore the boundaries of faith and sexuality.",9.5234,2018-04-24,Disobedience,6.9,1278,"['Drama', 'Romance']"
False,298,en,Ocean's Thirteen,"Danny Ocean's team of criminals are back and composing a plan more personal than ever. When ruthless casino owner Willy Bank doublecrosses Reuben Tishkoff, causing a heart attack, Danny Ocean vows that he and his team will do anything to bring down Willy Bank along with everything he's got. Even if it means asking for help from an enemy.",9.7072,2007-06-05,Ocean's Thirteen,6.725,6831,"['Crime', 'Thriller']"
False,776797,zh,哭悲,"A young couple is pushed to the limits of sanity as they attempt to be reunited amid the chaos of a pandemic outbreak. The streets erupt into violence and depravity, as those infected are driven to enact the most cruel and ghastly things imaginable.",6.7601,2021-01-22,The Sadness,6.822,1080,"['Horror', 'Thriller']"
False,581576,ru,Человек-амфибия,"St. Petersburg, 1900. There is a war between the land and the underwater world: at night, the Sea Devil attacks ships in the Gulf of Finland, and the inventor and industrialist Maxim Naydenov hunts for a semi-mythical monster. Searches Maxim with the mysterious Gala, a girl from the coast, but the hero does not yet know that his lover is not what she seems at first glance, and in this battle she may not be on his side...",4.1962,,Amphibian Man,0.0,0,['Science Fiction']
False,1359607,ja,小林さんちのメイドラゴン さみしがりやの竜,"Miss Kobayashi, Tohru, Kanna, and Iruru's peaceful lives are shattered when Kanna's father, Kimun Kamui, leader of the Chaos Forces, arrives and forces her to return to the Dragon World to fix a past mistake. With a war brewing between Chaos and Harmony, Kanna must find a way to unite the two worlds but is torn between her loyalty to her friends and her father's demands. Miss Kobayashi, however, refuses to let her go and tries to mend Kanna and Kamui's broken bond. As dragons clash, Iruru uncovers a hidden force manipulating the war. Can they stop the war before it consumes both worlds?",7.5822,2025-06-27,Miss Kobayashi's Dragon Maid: A lonely dragon wants to be loved,8.1,30,"['Animation', 'Comedy', 'Fantasy']"
False,12139,en,Dennis the Menace,Mr. Wilson's ever-present annoyance comes in the form of one mischievous kid named Dennis. But he'll need Dennis's tricks to uncover a collection of gold coins that go missing when a shady drifter named Switchblade Sam comes to town.,9.2586,1993-06-09,Dennis the Menace,5.878,1582,"['Family', 'Comedy']"
False,212778,en,Chef,"When Chef Carl Casper suddenly quits his job at a prominent Los Angeles restaurant after refusing to compromise his creative integrity for its controlling owner, he is left to figure out what's next. Finding himself in Miami, he teams up with his ex-wife, his friend and his son to launch a food truck. Taking to the road, Chef Carl goes back to his roots to reignite his passion for the kitchen -- and zest for life and love.",7.0586,2014-05-08,Chef,7.116,3613,['Comedy']
False,9595,en,Hot Shots!,"The gang that created Airplane! and The Naked Gun sets its sights on Top Gun in this spoof. Topper Harley is a talented but unstable fighter pilot with an axe to grind: clearing the family name. His mission is to avenge his father and save a mission sabotaged by greedy weapons manufacturers. He also gets involved in a relationship with Ramada Thompson, a woman with an unusually talented stomach. Hot Shots! makes fun of a variety of other films, from Dances with Wolves to The Fabulous Baker Boys.",8.3179,1991-07-31,Hot Shots!,6.6,2415,"['Action', 'Comedy', 'War']"
False,400160,en,The SpongeBob Movie: Sponge on the Run,"When his best friend Gary is suddenly snatched away, SpongeBob takes Patrick on a madcap mission far beyond Bikini Bottom to save their pink-shelled pal.",8.6284,2020-08-14,The SpongeBob Movie: Sponge on the Run,7.406,2966,"['Family', 'Comedy', 'Adventure', 'Animation']"
False,947,en,Lawrence of Arabia,"During World War I, English officer Thomas Edward 'T.E.' Lawrence sets out to unite and lead the diverse, often warring, Arab tribes to fight the Turks.",8.3981,1962-12-11,Lawrence of Arabia,7.995,3386,"['Adventure', 'History', 'War']"
False,3981,en,What Women Want,"Advertising executive Nick Marshall is as cocky as they come, but what happens to a chauvinistic guy when he can suddenly hear what women are thinking? Nick gets passed over for a promotion, but after an accident enables him to hear women's thoughts, he puts his newfound talent to work against Darcy, his new boss, who seems to be infatuated with him.",8.2328,2000-12-15,What Women Want,6.45,4341,"['Comedy', 'Romance']"
False,1359607,ja,小林さんちのメイドラゴン さみしがりやの竜,"Miss Kobayashi, Tohru, Kanna, and Iruru's peaceful lives are shattered when Kanna's father, Kimun Kamui, leader of the Chaos Forces, arrives and forces her to return to the Dragon World to fix a past mistake. With a war brewing between Chaos and Harmony, Kanna must find a way to unite the two worlds but is torn between her loyalty to her friends and her father's demands. Miss Kobayashi, however, refuses to let her go and tries to mend Kanna and Kamui's broken bond. As dragons clash, Iruru uncovers a hidden force manipulating the war. Can they stop the war before it consumes both worlds?",7.5822,2025-06-27,Miss Kobayashi's Dragon Maid: A lonely dragon wants to be loved,8.1,30,"['Animation', 'Comedy', 'Fantasy']"
False,12139,en,Dennis the Menace,Mr. Wilson's ever-present annoyance comes in the form of one mischievous kid named Dennis. But he'll need Dennis's tricks to uncover a collection of gold coins that go missing when a shady drifter named Switchblade Sam comes to town.,9.2586,1993-06-09,Dennis the Menace,5.878,1582,"['Family', 'Comedy']"
False,212778,en,Chef,"When Chef Carl Casper suddenly quits his job at a prominent Los Angeles restaurant after refusing to compromise his creative integrity for its controlling owner, he is left to figure out what's next. Finding himself in Miami, he teams up with his ex-wife, his friend and his son to launch a food truck. Taking to the road, Chef Carl goes back to his roots to reignite his passion for the kitchen -- and zest for life and love.",7.0586,2014-05-08,Chef,7.116,3613,['Comedy']
False,9595,en,Hot Shots!,"The gang that created Airplane! and The Naked Gun sets its sights on Top Gun in this spoof. Topper Harley is a talented but unstable fighter pilot with an axe to grind: clearing the family name. His mission is to avenge his father and save a mission sabotaged by greedy weapons manufacturers. He also gets involved in a relationship with Ramada Thompson, a woman with an unusually talented stomach. Hot Shots! makes fun of a variety of other films, from Dances with Wolves to The Fabulous Baker Boys.",8.3179,1991-07-31,Hot Shots!,6.6,2415,"['Action', 'Comedy', 'War']"
False,400160,en,The SpongeBob Movie: Sponge on the Run,"When his best friend Gary is suddenly snatched away, SpongeBob takes Patrick on a madcap mission far beyond Bikini Bottom to save their pink-shelled pal.",8.6284,2020-08-14,The SpongeBob Movie: Sponge on the Run,7.406,2966,"['Family', 'Comedy', 'Adventure', 'Animation']"
False,947,en,Lawrence of Arabia,"During World War I, English officer Thomas Edward 'T.E.' Lawrence sets out to unite and lead the diverse, often warring, Arab tribes to fight the Turks.",8.3981,1962-12-11,Lawrence of Arabia,7.995,3386,"['Adventure', 'History', 'War']"
False,3981,en,What Women Want,"Advertising executive Nick Marshall is as cocky as they come, but what happens to a chauvinistic guy when he can suddenly hear what women are thinking? Nick gets passed over for a promotion, but after an accident enables him to hear women's thoughts, he puts his newfound talent to work against Darcy, his new boss, who seems to be infatuated with him.",8.2328,2000-12-15,What Women Want,6.449,4341,"['Comedy', 'Romance']"
False,267935,en,The BFG,"An orphan little girl befriends a benevolent giant who takes her to Giant Country, where they attempt to stop the man-eating giants that are invading the human world.",8.2603,2016-06-01,The BFG,6.286,3605,"['Adventure', 'Family', 'Fantasy']"
False,945729,en,A Haunting in Venice,"Celebrated sleuth Hercule Poirot, now retired and living in self-imposed exile in Venice, reluctantly attends a Halloween séance at a decaying, haunted palazzo. When one of the guests is murdered, the detective is thrust into a sinister world of shadows and secrets.",7.397,2023-09-13,A Haunting in Venice,6.575,2791,"['Mystery', 'Thriller', 'Crime']"
False,9312,en,Mortal Kombat,"For nine generations an evil sorcerer has been victorious in hand-to-hand battle against his mortal enemies. If he wins a tenth Mortal Kombat tournament, desolation and evil will reign over the multiverse forever. To save Earth, three warriors must overcome seemingly insurmountable odds, their own inner demons, and superhuman foes.",8.3661,1995-08-18,Mortal Kombat,5.9,2494,"['Action', 'Fantasy']"
False,65759,en,Happy Feet Two,"Mumble the penguin has a problem: his son Erik, who is reluctant to dance, encounters the Mighty Sven — a penguin who can fly! Things get worse for Mumble when the world is shaken by powerful forces, causing him to bring together the penguin nations and their allies to set things right.",7.1928,2011-11-17,Happy Feet Two,6.2,1715,"['Animation', 'Comedy', 'Family']"
False,127585,en,X-Men: Days of Future Past,The ultimate X-Men ensemble fights a war for the survival of the species across two time periods as they join forces with their younger selves in an epic battle that must change the past – to save our future.,13.557,2014-05-15,X-Men: Days of Future Past,7.53,16158,"['Action', 'Adventure', 'Science Fiction']"
False,926670,en,Henry Danger: The Movie,"Henry Hart meets a superfan—eager to fight crime with Kid Danger—who comes into possession of a device that can open up alternate realities. Facing a wild ride, Henry will need his best friend Jasper and his new superfan sidekick to find his way out or be stuck in another dimension forever.",7.8266,2025-01-17,Henry Danger: The Movie,7.7,255,"['Action', 'Comedy', 'Family', 'Science Fiction']"
False,521029,en,Annabelle Comes Home,"Determined to keep Annabelle from wreaking more havoc, demonologists Ed and Lorraine Warren bring the possessed doll to the locked artifacts room in their home, placing her “safely” behind sacred glass and enlisting a priest’s holy blessing. But an unholy night of horror awaits as Annabelle awakens the evil spirits in the room, who all set their sights on a new target—the Warrens' ten-year-old daughter, Judy, and her friends.",7.5003,2019-06-26,Annabelle Comes Home,6.4,3810,['Horror']
False,1088166,en,Relay,A broker of lucrative payoffs between corrupt corporations and the individuals who threaten them breaks his own rules when a new client seeks his protection to stay alive.,6.467,2025-08-21,Relay,6.942,386,"['Action', 'Drama', 'Thriller']"
False,339692,en,Shot Caller,A newly-released prison gangster is forced by the leaders of his gang to orchestrate a major crime with a brutal rival gang on the streets of Southern California.,8.4864,2017-07-07,Shot Caller,6.955,2208,"['Crime', 'Drama', 'Thriller']"
False,451048,en,Jungle Cruise,"Dr. Lily Houghton enlists the aid of wisecracking skipper Frank Wolff to take her down the Amazon in his dilapidated boat. Together, they search for an ancient tree that holds the power to heal – a discovery that will change the future of medicine.",9.3322,2021-07-28,Jungle Cruise,7.297,6115,"['Fantasy', 'Adventure', 'Action']"
False,228967,en,The Interview,"Dave Skylark and his producer Aaron Rapaport run the celebrity tabloid show ""Skylark Tonight"". When they land an interview with a surprise fan, North Korean dictator Kim Jong-un, they are recruited by the CIA to turn their trip to Pyongyang into an assassination mission.",7.895,2014-12-25,The Interview,6.189,6191,"['Action', 'Comedy']"
False,1383247,fr,Badh,"When police officer Ilias is shot and left in a coma, Alma must reconnect with her former identity as Badh, a ruthless intelligence operative and skilled assassin. She brutally eliminates members of the Khoury family one by one, unleashing the fury of their leader Mansour, only to discover that Mansour is working with Joana, her former secret service unit officer.",7.0869,2025-08-06,Agent Zero,5.5,30,"['Action', 'Thriller']"
False,1498,en,Teenage Mutant Ninja Turtles,"A quartet of humanoid turtles, trained by their mentor in ninjitsu, must learn to work together to face the menace of Shredder and the Foot Clan.",6.1143,1990-03-30,Teenage Mutant Ninja Turtles,6.706,1938,"['Science Fiction', 'Action', 'Adventure', 'Comedy', 'Family']"
False,18069,en,8 Seconds,"This film chronicles the life of Lane Frost, 1987 PRCA Bull Riding World Champion, his marriage and his friendships with Tuff Hedeman (three-time World Champion) and Cody Lambert.",9.7232,1994-02-25,8 Seconds,7.181,108,"['Drama', 'Romance', 'Western']"
False,1561758,pl,Podlasie,"When financial trouble forces Halina to call off her wedding, her friends and family decide to hatch a wild plan to bring in tourist money.",7.2696,2026-04-01,It Takes a Village,4.722,10,"['Romance', 'Comedy']"
False,10068,en,Nine 1/2 Weeks,"An erotic story about a woman, the assistant of an art gallery, who gets involved in an impersonal affair with a man. She barely knows about his life, only about the sex games they play, so the relationship begins to get complicated.",9.3213,1986-02-09,Nine 1/2 Weeks,6.109,1115,"['Drama', 'Romance']"
False,602223,en,The Forever Purge,All the rules are broken as a sect of lawless marauders decides that the annual Purge does not stop at daybreak and instead should never end as they chase a group of immigrants who they want to punish because of their harsh historical past.,8.6672,2021-06-30,The Forever Purge,6.881,2654,"['Action', 'Horror', 'Thriller']"
False,15567,en,Stitch! The Movie,"The continuing adventures of Lilo, a little Hawaiian girl, and Stitch, the galaxy's most-wanted extraterrestrial. Stitch, Pleakley, and Dr. Jumba are all part of the household now, but what Lilo and Stitch don't know is that Dr. Jumba brought his other alien ""experiments"" to Hawaiʻi as well.",7.0067,2003-09-10,Stitch! The Movie,6.432,780,"['Comedy', 'Family', 'Animation', 'Science Fiction']"
False,924482,en,The Ledge,"A rock climbing adventure between two friends turns into a terrifying nightmare. After Kelly captures the murder of her best friend on camera, she becomes the next target of a tight knit group of friends who will stop at nothing to destroy the evidence and anyone in their way.",8.7266,2022-02-18,The Ledge,6.532,393,"['Thriller', 'Adventure']"
False,302946,en,The Accountant,"As a math savant uncooks the books for a new client, the Treasury Department closes in on his activities and the body count starts to rise.",8.4986,2016-10-13,The Accountant,7.133,7280,"['Crime', 'Thriller', 'Drama']"
False,9655,en,She's the Man,"Viola Hastings is in a real jam. Complications threaten her scheme to pose as her twin brother, Sebastian, and take his place at a new boarding school. She falls in love with her handsome roommate, Duke, who loves beautiful Olivia, who has fallen for Sebastian! As if that were not enough, Viola's twin returns from London ahead of schedule but has no idea that his sister has already replaced him on campus.",8.9118,2006-03-17,She's the Man,6.809,3255,"['Comedy', 'Romance']"
False,22804,en,Saw VI,"Special Agent Strahm is dead, and Detective Hoffman has emerged as the unchallenged successor to Jigsaw's legacy. However, when the FBI draws closer to Hoffman, he is forced to set a game into motion, and Jigsaw's grand scheme is finally understood.",7.9923,2009-10-22,Saw VI,6.291,3477,"['Horror', 'Thriller']"
False,27576,en,Salt,"As a CIA officer, Evelyn Salt swore an oath to duty, honor, and country. Her loyalty will be tested when a Russian defector accuses her of being a Russian sleeper spy. She goes on the run, using all her skills and years of experience as a covert operative to elude capture, protect her husband, and stay one step ahead of her colleagues at the CIA. Her efforts to prove her innocence only serve to cast doubt on her motives, as the hunt to uncover the truth behind her identity continues and the question remains: ""Who is Salt?""",8.0596,2010-07-21,Salt,6.412,5880,"['Action', 'Mystery', 'Thriller']"
False,88,en,Dirty Dancing,"Expecting the usual tedium that accompanies a summer in the Catskills with her family, 17-year-old Frances 'Baby' Houseman is surprised to find herself stepping into the shoes of a professional hoofer—and unexpectedly falling in love.",10.8972,1987-08-21,Dirty Dancing,7.325,6474,"['Drama', 'Music', 'Romance']"
False,7214,en,Coach Carter,"Based on a true story, in which Richmond High School head basketball coach Ken Carter made headlines in 1999 for benching his undefeated team due to poor academic results.",7.5043,2005-01-14,Coach Carter,7.572,3246,"['Drama', 'History']"
False,308531,en,Teenage Mutant Ninja Turtles: Out of the Shadows,"After supervillain Shredder escapes custody, he joins forces with mad scientist Baxter Stockman and two dimwitted henchmen, Bebop and Rocksteady, to unleash a diabolical plan to take over the world. As the Turtles prepare to take on Shredder and his new crew, they find themselves facing an even greater evil with similar intentions: the notorious Krang.",7.8641,2016-05-30,Teenage Mutant Ninja Turtles: Out of the Shadows,6.0,3762,"['Action', 'Adventure', 'Comedy', 'Family', 'Science Fiction']"
False,413337,en,Girl in the Box,"The true story of 20-year-old Colleen Stan, a hitchhiking woman abducted by a young couple and held captive for seven years, during which time she's tortured and forced to live as a slave to her captors.",7.947,2016-09-10,Girl in the Box,6.7,157,"['Drama', 'TV Movie']"
False,346648,en,Paddington 2,"Paddington, now happily settled with the Browns, picks up a series of odd jobs to buy the perfect present for his Aunt Lucy, but it is stolen.",8.5084,2017-11-09,Paddington 2,7.476,2755,"['Adventure', 'Comedy', 'Family']"
False,2280,en,Big,When a young boy makes a wish at a carnival machine to be big—he wakes up the following morning to find that it has been granted and his body has grown older overnight. But he is still the same 13-year-old boy inside. Now he must learn how to cope with the unfamiliar world of grown-ups including getting a job and having his first romantic encounter with a woman.,9.1462,1988-06-03,Big,7.184,4003,"['Fantasy', 'Drama', 'Comedy']"
False,302156,en,Criminal,"CIA Agent Bill Pope is on a mission to track down a shadowy hacker named 'The Dutchman'. When he gets mysteriously killed, an experimental procedure transfers his memories into a dangerous ex-convict. When he wakes up Pope's memories, his mission is to eliminate The Dutchman before the hacker launches ICBMs and starts World War III.",7.5414,2016-04-07,Criminal,6.205,1860,"['Action', 'Crime', 'Science Fiction']"
False,1662,en,State of Grace,"Hell's Kitchen, New York. Terry Noonan returns home after a ten-year absence. He soon reconnects with Jackie, a childhood friend and member of the Irish mob, and rekindles his love affair with Jackie's sister Kathleen.",7.5784,1990-09-14,State of Grace,6.9,408,"['Drama', 'Crime', 'Thriller']"
False,46529,en,I Am Number Four,"A teenage fugitive with an incredible secret races to stay one step ahead of the mysterious forces seeking destroy him in this sci-fi action thriller. With three dead and one on the run, the race to find the elusive Number Four begins. Outwardly normal teen John Smith never gets too comfortable in the same identity, and along with his guardian, Henri, he is constantly moving from town to town. With each passing day, John gains a stronger grasp on his extraordinary new powers, and his bond to the beings that share his fantastic fate grows stronger.",9.251,2011-02-18,I Am Number Four,6.177,4940,"['Action', 'Thriller', 'Science Fiction', 'Adventure']"
False,707,en,A View to a Kill,A newly-developed microchip designed by Zorin Industries for the British Government that can survive the electromagnetic radiation caused by a nuclear explosion has landed in the hands of the KGB. James Bond must find out how and why. His suspicions soon lead him to big industry leader Max Zorin who forms a plan to destroy his only competition in Silicon Valley by triggering a massive earthquake in the San Francisco Bay.,8.6675,1985-05-24,A View to a Kill,6.248,2178,"['Adventure', 'Action', 'Thriller']"
False,1444249,en,The Highest Stakes,"Five strangers are invited to a luxurious hotel for a high-stakes poker game. What begins as a contest for fortune quickly spirals into something far more dangerous. As tensions rise and secrets surface, the players realize the stakes aren’t just about money—they’re about survival. In a night of escalating peril, trust becomes a weapon, and every choice could seal their fate.",7.8411,2026-04-14,The Highest Stakes,4.2,2,['Thriller']
False,49520,en,The Change-Up,"Lifelong friends Dave and Mitch are envious of the other's life. Mitch thinks Dave has it all: a beautiful, loving family and a high-paying job at a prestigious law firm. But Dave thinks Mitch’s stress-free playboy life without obligation or consequence is the real dream come true. One fateful drunken night, they both admit that they wish they had the other’s life while peeing in a fountain when lightning strikes. The next morning, they wake up, hungover, in each other’s bodies! With time not on their side, Mitch and Dave comically struggle to avoid completely destroying each other’s lives before they can find a way to get their old ones back.",7.1065,2011-08-05,The Change-Up,6.157,2943,['Comedy']
False,9373,en,The Texas Chainsaw Massacre,"After picking up a traumatized young hitchhiker, five friends find themselves stalked and hunted by a chainsaw-wielding killer and his family of equally psychopathic killers.",8.529,2003-05-21,The Texas Chainsaw Massacre,6.302,2871,['Horror']
False,23827,en,Paranormal Activity,"After a young, middle-class couple moves into what seems like a typical suburban house, they become increasingly disturbed by a presence that may or may not be demonic but is certainly the most active in the middle of the night.",7.4354,2007-09-14,Paranormal Activity,6.046,5391,"['Horror', 'Mystery']"
False,305470,en,Power Rangers,"Five ordinary teens must become something extraordinary when they learn that their small town of Angel Grove — and the world — is on the verge of being obliterated by an alien threat. Chosen by destiny, our heroes quickly discover they are the only ones who can save the planet. But to do so, they will have to overcome their real-life issues and before it’s too late, band together as the Power Rangers.",7.7283,2017-03-23,Power Rangers,6.2,4600,"['Action', 'Adventure', 'Science Fiction']"
False,122126,ko,후궁: 제왕의 첩,"Living a torturous life of poverty and barely able to survive, Hwa-yeon decides to offer herself as one of the king’s concubines. Once inside the royal palace, two men are immediately seized by the woman - the Grand Prince Seong-won, a megalomaniacal ruler drunk with power and lust, and Kwon-yoo, who has everything to lose if his desire for Hwa-yeon is exposed.",7.322,2012-06-06,The Concubine,5.8,110,['Drama']
False,45243,en,The Hangover Part II,"The Hangover crew heads to Thailand for Stu's wedding. After the disaster of a bachelor party in Las Vegas last year, Stu is playing it safe with a mellow pre-wedding brunch. However, nothing goes as planned and Bangkok is the perfect setting for another adventure with the rowdy group.",8.7989,2011-05-25,The Hangover Part II,6.501,11200,['Comedy']
False,317442,ja,THE LAST -NARUTO THE MOVIE-,"Two years after the events of the Fourth Great Ninja War, the moon that Hagoromo Otsutsuki created long ago to seal away the Gedo Statue begins to descend towards the world, threatening to become a meteor that would destroy everything on impact. Amidst this crisis, a direct descendant of Kaguya Otsutsuki named Toneri Otsutsuki attempts to kidnap Hinata Hyuga but ends up abducting her younger sister Hanabi. Naruto and his allies now mount a rescue mission before finding themselves embroiled in a final battle to decide the fate of everything.",7.7754,2014-12-06,The Last: Naruto the Movie,7.457,2373,"['Action', 'Romance', 'Animation']"
False,794,en,The Omen,"Immediately after their miscarriage, the US diplomat Robert Thorn adopts the newborn Damien without the knowledge of his wife. Yet what he doesn’t know is that their new son is the son of the devil.",8.817,1976-06-25,The Omen,7.4,2368,"['Horror', 'Thriller']"
False,713364,en,Clown in a Cornfield,"Quinn and her father have just moved to the quiet town of Kettle Springs hoping for a fresh start. Instead, she discovers a fractured community that has fallen on hard times after the treasured Baypen Corn Syrup Factory burned down. As the locals bicker amongst themselves and tensions boil over, a sinister, grinning figure emerges from the cornfields to cleanse the town of its burdens, one bloody victim at a time.",8.2194,2025-05-02,Clown in a Cornfield,6.119,518,"['Horror', 'Mystery', 'Thriller']"
False,796185,fr,Les Trois Mousquetaires : D'Artagnan,"D'Artagnan, a spirited young Gascon, is left for dead after trying to save a noblewoman from being kidnapped. Once in Paris, he tries by all means to find his attackers, unaware that his quest will lead him to the very heart of a war where the future of France is at stake. Aided by King's Musketeers Athos, Porthos and Aramis, he faces the machinations of villainous Cardinal Richelieu and Milady de Winter, while falling in love with Constance, the Queen's confidante.",8.0121,2023-04-05,The Three Musketeers: D'Artagnan,6.926,1380,"['Adventure', 'Action', 'Drama', 'History']"
False,65754,en,The Girl with the Dragon Tattoo,"Disgraced journalist Mikael Blomkvist investigates the disappearance of a weary patriarch's niece from 40 years ago. He is aided by the pierced, tattooed, punk computer hacker named Lisbeth Salander. As they work together in the investigation, Blomkvist and Salander uncover immense corruption beyond anything they have ever imagined.",8.8662,2011-12-14,The Girl with the Dragon Tattoo,7.382,7539,"['Thriller', 'Crime', 'Mystery']"
False,21484,en,Possession,"A young woman left her family for an unspecified reason. The husband determines to find out the truth and starts following his wife. At first, he suspects that a man is involved. But gradually, he finds out more and more strange behaviors and bizarre incidents that indicate something more than a possessed love affair.",7.4931,1981-05-27,Possession,7.328,1307,['Horror']
False,9032,en,Big Daddy,"A lazy law school grad adopts a kid to impress his girlfriend, but everything doesn't go as planned. Now he's forced to grow up while navigating the challenges of fatherhood.",7.2367,1999-06-25,Big Daddy,6.491,3513,"['Comedy', 'Drama']"
False,849,en,Krull,A prince and a fellowship of companions set out to rescue his bride from a fortress of alien invaders who have arrived on their home planet.,8.6483,1983-07-29,Krull,6.046,609,"['Action', 'Adventure', 'Fantasy', 'Science Fiction']"
False,9032,en,Big Daddy,"A lazy law school grad adopts a kid to impress his girlfriend, but everything doesn't go as planned. Now he's forced to grow up while navigating the challenges of fatherhood.",7.2367,1999-06-25,Big Daddy,6.491,3513,"['Comedy', 'Drama']"
False,849,en,Krull,A prince and a fellowship of companions set out to rescue his bride from a fortress of alien invaders who have arrived on their home planet.,8.6483,1983-07-29,Krull,6.046,609,"['Action', 'Adventure', 'Fantasy', 'Science Fiction']"
False,1233575,en,Black Bag,"When intelligence agent Kathryn Woodhouse is suspected of betraying the nation, her husband – also a legendary agent – faces the ultimate test of whether to be loyal to his marriage, or his country.",8.0265,2025-03-12,Black Bag,6.342,1182,"['Drama', 'Mystery', 'Thriller']"
False,1064486,en,Memoir of a Snail,"Forcibly separated from her twin brother when they are orphaned, a melancholic misfit learns how to find confidence within herself amid the clutter of misfortunes and everyday life.",8.7451,2024-10-17,Memoir of a Snail,8.04,754,"['Animation', 'Drama', 'Comedy']"
False,340666,en,Nocturnal Animals,"Susan Morrow receives a book manuscript from her ex-husband – a man she left 20 years earlier – asking for her opinion of his writing. As she reads, she is drawn into the fictional life of Tony Hastings, a mathematics professor whose family vacation turns violent.",8.0842,2016-11-04,Nocturnal Animals,7.414,8252,"['Drama', 'Thriller']"
False,59440,en,Warrior,"The youngest son of an alcoholic former boxer returns home, where he's trained by his father for competition in a mixed martial arts tournament – a path that puts the fighter on a collision course with his estranged, older brother.",8.4061,2011-09-09,Warrior,7.845,4972,"['Drama', 'Action']"
False,537996,en,The Ballad of Buster Scruggs,"Vignettes weaving together the stories of six individuals in the old West at the end of the Civil War. Following the tales of a sharp-shooting songster, a wannabe bank robber, two weary traveling performers, a lone gold prospector, a woman traveling the West to an uncertain future, and a motley crew of strangers undertaking a carriage ride.",8.5979,2018-11-09,The Ballad of Buster Scruggs,7.135,4395,"['Western', 'Comedy', 'Drama']"
False,756,en,Fantasia,"Walt Disney's timeless masterpiece is an extravaganza of sight and sound! See the music come to life, hear the pictures burst into song and experience the excitement that is Fantasia over and over again.",8.0663,1940-11-13,Fantasia,7.339,3298,"['Animation', 'Family', 'Fantasy']"
False,9374,en,Death Becomes Her,"Madeline is married to Ernest, who was once her arch-rival Helen's fiancé. After recovering from a mental breakdown, Helen vows to kill Madeline and steal back Ernest. Unfortunately for everyone, the introduction of a magic potion causes things to be a great deal more complicated than a mere murder plot.",8.459,1992-07-30,Death Becomes Her,6.776,2939,"['Comedy', 'Fantasy', 'Horror']"
False,1893,en,Star Wars: Episode I - The Phantom Menace,"Anakin Skywalker, a young slave strong with the Force, is discovered on Tatooine. Meanwhile, the evil Sith have returned, enacting their plot for revenge against the Jedi.",11.4706,1999-05-19,Star Wars: Episode I - The Phantom Menace,6.572,15715,"['Adventure', 'Action', 'Science Fiction']"
False,193756,en,Lone Survivor,"Four Navy SEALs on a covert mission to neutralize a high-level Taliban operative must make an impossible moral decision in the mountains of Afghanistan that leads them into an enemy ambush. As they confront unthinkable odds, the SEALs must find reserves of strength and resilience to fight to the finish.",8.7228,2013-12-24,Lone Survivor,7.429,4699,"['War', 'Action', 'Drama']"
False,504172,en,The Mule,"Earl Stone, a man in his eighties, is broke, alone, and facing foreclosure of his business when he is offered a job that simply requires him to drive. Easy enough, but, unbeknownst to Earl, he's just signed on as a drug courier for a Mexican cartel. He does so well that his cargo increases exponentially, and Earl hit the radar of hard-charging DEA agent Colin Bates.",8.2426,2018-12-14,The Mule,6.865,5328,"['Crime', 'Drama']"
False,1280282,en,Gabby's Dollhouse: The Movie,"Gabby heads out on a road trip with her Grandma Gigi to the urban wonderland of Cat Francisco. But when Gabby's dollhouse, her most prized possession, ends up in the hands of an eccentric cat lady named Vera, Gabby sets off on an adventure through the real world to get the Gabby Cats back together and save the dollhouse before it's too late.",12.8856,2025-09-13,Gabby's Dollhouse: The Movie,6.8,65,"['Family', 'Comedy', 'Adventure', 'Animation']"
False,884,en,Crash,A car crash victim suddenly finds himself turned on by car accidents and becomes involved with an underground sub-culture of like-minded souls.,7.7544,1996-07-17,Crash,6.466,1321,"['Thriller', 'Drama']"
False,848538,en,Argylle,"When the plots of reclusive author Elly Conway's fictional espionage novels begin to mirror the covert actions of a real-life spy organization, quiet evenings at home become a thing of the past. Accompanied by her cat Alfie and Aidan, a cat-allergic spy, Elly races across the world to stay one step ahead of the killers as the line between Conway's fictional world and her real one begins to blur.",8.7859,2024-01-31,Argylle,5.994,1710,"['Action', 'Adventure', 'Comedy']"
False,1014505,ja,劇場版「オーバーロード」聖王国編,"After twelve years of playing his favorite MMORPG game, Momonga logs in for the last time only to find himself transported into its world playing it indefinitely. Throughout his adventures, his avatar ascends to the title of Sorcerer King Ains Ooal Gown. Once prosperous but now on the brink of ruin, The Sacred Kingdom enjoyed years of peace after construction of an enormous wall protecting them from neighboring invasions. But, one day this comes to an end when the Demon Emperor Jaldabaoth arrives with an army of villainous demi-humans. Fearing invasion of their own lands, the neighboring territory of the Slane Theocracy is forced to beg their enemies at the Sorcerer Kingdom for help. Heeding the call, Momonga, now known as the Sorcerer King Ains Ooal Gown, rallies the Sorcerer Kingdom and its undead army to join the fight alongside the Sacred Kingdom and the Slane Theocracy in hopes to defeat the Demon Emperor.",7.2564,2024-09-20,OVERLORD: The Sacred Kingdom,7.865,170,"['Action', 'Adventure', 'Animation', 'Fantasy']"
False,83542,en,Cloud Atlas,"A set of six nested stories spanning time between the 19th century and a distant post-apocalyptic future. Cloud Atlas explores how the actions and consequences of individual lives impact one another throughout the past, the present and the future. Action, mystery and romance weave through the story as one soul is shaped from a killer into a hero and a single act of kindness ripples across centuries to inspire a revolution in the distant future.  Based on the award winning novel by David Mitchell. Directed by Tom Tykwer and the Wachowskis.",9.2461,2012-10-26,Cloud Atlas,6.893,7471,"['Drama', 'Science Fiction']"
False,850439,en,The Damned,"A 19th-century widow has to make an impossible choice when, during an especially cruel winter, a foreign ship sinks off the coast of her Icelandic fishing village.",8.4092,2025-01-03,The Damned,5.917,164,"['Horror', 'Drama', 'Mystery']"
False,917496,en,Beetlejuice Beetlejuice,"After a family tragedy, three generations of the Deetz family return home to Winter River. Still haunted by Betelgeuse, Lydia's life is turned upside down when her teenage daughter, Astrid, accidentally opens the portal to the Afterlife.",12.9453,2024-09-04,Beetlejuice Beetlejuice,6.938,3068,"['Comedy', 'Fantasy', 'Horror']"
